run_id,workflow_name,run_conclusion,head_sha,run_created_at,event,job_id,job_name,job_conclusion,job_runtime_sec,files_changed,additions,deletions,patch_chars,changed_filenames,target_failed
31866843819,Deploy Docs,success,a1fa70d4237d50aae6586a0d9b229df583463d21,2026-08-15 05:23:52+00:00,workflow_run,94969191710,deploy-docs,success,56.0,1,1,0,363,"[""docs/en/docs/release-notes.md""]",0
31866823921,Deploy Docs,success,a1fa70d4237d50aae6586a0d9b229df583463d21,2026-08-15 05:23:22+00:00,workflow_run,94969141042,deploy-docs,success,53.0,1,1,0,363,"[""docs/en/docs/release-notes.md""]",0
31866818321,Deploy Docs,success,a1fa70d4237d50aae6586a0d9b229df583463d21,2026-08-15 05:23:12+00:00,workflow_run,94969124350,deploy-docs,success,52.0,1,1,0,363,"[""docs/en/docs/release-notes.md""]",0
31866816510,Deploy Docs,success,a1fa70d4237d50aae6586a0d9b229df583463d21,2026-08-15 05:23:08+00:00,workflow_run,94969119120,deploy-docs,success,57.0,1,1,0,363,"[""docs/en/docs/release-notes.md""]",0
31866809854,Deploy Docs,success,a1fa70d4237d50aae6586a0d9b229df583463d21,2026-08-15 05:22:59+00:00,workflow_run,94969102251,deploy-docs,success,59.0,1,1,0,363,"[""docs/en/docs/release-notes.md""]",0
31866805935,Deploy Docs,success,a1fa70d4237d50aae6586a0d9b229df583463d21,2026-08-15 05:22:53+00:00,workflow_run,94969093512,deploy-docs,success,59.0,1,1,0,363,"[""docs/en/docs/release-notes.md""]",0
31866783944,Deploy Docs,success,a1fa70d4237d50aae6586a0d9b229df583463d21,2026-08-15 05:22:24+00:00,workflow_run,94969040458,deploy-docs,success,56.0,1,1,0,363,"[""docs/en/docs/release-notes.md""]",0
31866779280,Deploy Docs,success,a1fa70d4237d50aae6586a0d9b229df583463d21,2026-08-15 05:22:17+00:00,workflow_run,94969028096,deploy-docs,success,53.0,1,1,0,363,"[""docs/en/docs/release-notes.md""]",0
31866772360,Deploy Docs,success,a1fa70d4237d50aae6586a0d9b229df583463d21,2026-08-15 05:22:05+00:00,workflow_run,94969007834,deploy-docs,success,52.0,1,1,0,363,"[""docs/en/docs/release-notes.md""]",0
31866764547,Deploy Docs,success,a1fa70d4237d50aae6586a0d9b229df583463d21,2026-08-15 05:21:52+00:00,workflow_run,94968986668,deploy-docs,success,57.0,1,1,0,363,"[""docs/en/docs/release-notes.md""]",0
31866752238,Deploy Docs,success,a1fa70d4237d50aae6586a0d9b229df583463d21,2026-08-15 05:21:37+00:00,workflow_run,94968959179,deploy-docs,success,58.0,1,1,0,363,"[""docs/en/docs/release-notes.md""]",0
31866671187,Smokeshow,failure,a1fa70d4237d50aae6586a0d9b229df583463d21,2026-08-15 05:19:38+00:00,workflow_run,94968758200,smokeshow,failure,17.0,1,1,0,363,"[""docs/en/docs/release-notes.md""]",1
31866633600,Deploy Docs,success,a1fa70d4237d50aae6586a0d9b229df583463d21,2026-08-15 05:18:46+00:00,workflow_run,94968669122,deploy-docs,success,56.0,1,1,0,363,"[""docs/en/docs/release-notes.md""]",0
31866615168,Smokeshow,failure,a1fa70d4237d50aae6586a0d9b229df583463d21,2026-08-15 05:18:15+00:00,workflow_run,94968618477,smokeshow,failure,13.0,1,1,0,363,"[""docs/en/docs/release-notes.md""]",1
31866593630,Smokeshow,failure,a1fa70d4237d50aae6586a0d9b229df583463d21,2026-08-15 05:17:47+00:00,workflow_run,94968568880,smokeshow,failure,18.0,1,1,0,363,"[""docs/en/docs/release-notes.md""]",1
31866578793,Notify Translations,success,5152a821431db8abc8c2ad466ebaf63684977b9c,2026-08-15 05:17:22+00:00,pull_request_target,94968530328,job,success,26.0,10,143,1267,77886,"[""docs/hi/docs/alternatives.md"", ""docs/hi/docs/environment-variables.md"", ""docs/hi/docs/fastapi-cli.md"", ""docs/hi/docs/features.md"", ""docs/hi/docs/help-fastapi.md"", ""docs/hi/docs/history-design-future.md"", ""docs/hi/docs/index.md"", ""docs/hi/docs/project-generation.md"", ""docs/hi/docs/python-types.md"", ""docs/hi/docs/virtual-environments.md""]",0
31866578744,Issue Manager,success,5152a821431db8abc8c2ad466ebaf63684977b9c,2026-08-15 05:17:22+00:00,pull_request_target,94968530122,issue-manager,success,15.0,10,143,1267,77886,"[""docs/hi/docs/alternatives.md"", ""docs/hi/docs/environment-variables.md"", ""docs/hi/docs/fastapi-cli.md"", ""docs/hi/docs/features.md"", ""docs/hi/docs/help-fastapi.md"", ""docs/hi/docs/history-design-future.md"", ""docs/hi/docs/index.md"", ""docs/hi/docs/project-generation.md"", ""docs/hi/docs/python-types.md"", ""docs/hi/docs/virtual-environments.md""]",0
31866577002,Add to Project,success,5152a821431db8abc8c2ad466ebaf63684977b9c,2026-08-15 05:17:19+00:00,pull_request_target,94968525187,Add to project,success,3.0,10,143,1267,77886,"[""docs/hi/docs/alternatives.md"", ""docs/hi/docs/environment-variables.md"", ""docs/hi/docs/fastapi-cli.md"", ""docs/hi/docs/features.md"", ""docs/hi/docs/help-fastapi.md"", ""docs/hi/docs/history-design-future.md"", ""docs/hi/docs/index.md"", ""docs/hi/docs/project-generation.md"", ""docs/hi/docs/python-types.md"", ""docs/hi/docs/virtual-environments.md""]",0
31866576907,Zizmor,success,5152a821431db8abc8c2ad466ebaf63684977b9c,2026-08-15 05:17:18+00:00,pull_request,94968524706,Run zizmor,success,23.0,10,143,1267,77886,"[""docs/hi/docs/alternatives.md"", ""docs/hi/docs/environment-variables.md"", ""docs/hi/docs/fastapi-cli.md"", ""docs/hi/docs/features.md"", ""docs/hi/docs/help-fastapi.md"", ""docs/hi/docs/history-design-future.md"", ""docs/hi/docs/index.md"", ""docs/hi/docs/project-generation.md"", ""docs/hi/docs/python-types.md"", ""docs/hi/docs/virtual-environments.md""]",0
31866576910,Test,success,5152a821431db8abc8c2ad466ebaf63684977b9c,2026-08-15 05:17:18+00:00,pull_request,94968524790,regression-test,success,12.0,10,143,1267,77886,"[""docs/hi/docs/alternatives.md"", ""docs/hi/docs/environment-variables.md"", ""docs/hi/docs/fastapi-cli.md"", ""docs/hi/docs/features.md"", ""docs/hi/docs/help-fastapi.md"", ""docs/hi/docs/history-design-future.md"", ""docs/hi/docs/index.md"", ""docs/hi/docs/project-generation.md"", ""docs/hi/docs/python-types.md"", ""docs/hi/docs/virtual-environments.md""]",0
31866576910,Test,success,5152a821431db8abc8c2ad466ebaf63684977b9c,2026-08-15 05:17:18+00:00,pull_request,94968524869,changes,success,9.0,10,143,1267,77886,"[""docs/hi/docs/alternatives.md"", ""docs/hi/docs/environment-variables.md"", ""docs/hi/docs/fastapi-cli.md"", ""docs/hi/docs/features.md"", ""docs/hi/docs/help-fastapi.md"", ""docs/hi/docs/history-design-future.md"", ""docs/hi/docs/index.md"", ""docs/hi/docs/project-generation.md"", ""docs/hi/docs/python-types.md"", ""docs/hi/docs/virtual-environments.md""]",0
31866576910,Test,success,5152a821431db8abc8c2ad466ebaf63684977b9c,2026-08-15 05:17:18+00:00,pull_request,94968663388,test-alls-green,success,4.0,10,143,1267,77886,"[""docs/hi/docs/alternatives.md"", ""docs/hi/docs/environment-variables.md"", ""docs/hi/docs/fastapi-cli.md"", ""docs/hi/docs/features.md"", ""docs/hi/docs/help-fastapi.md"", ""docs/hi/docs/history-design-future.md"", ""docs/hi/docs/index.md"", ""docs/hi/docs/project-generation.md"", ""docs/hi/docs/python-types.md"", ""docs/hi/docs/virtual-environments.md""]",0
31866576882,Test Redistribute,success,5152a821431db8abc8c2ad466ebaf63684977b9c,2026-08-15 05:17:18+00:00,pull_request,94968524833,test-redistribute,success,59.0,10,143,1267,77886,"[""docs/hi/docs/alternatives.md"", ""docs/hi/docs/environment-variables.md"", ""docs/hi/docs/fastapi-cli.md"", ""docs/hi/docs/features.md"", ""docs/hi/docs/help-fastapi.md"", ""docs/hi/docs/history-design-future.md"", ""docs/hi/docs/index.md"", ""docs/hi/docs/project-generation.md"", ""docs/hi/docs/python-types.md"", ""docs/hi/docs/virtual-environments.md""]",0
31866576882,Test Redistribute,success,5152a821431db8abc8c2ad466ebaf63684977b9c,2026-08-15 05:17:18+00:00,pull_request,94968784618,test-redistribute-alls-green,success,2.0,10,143,1267,77886,"[""docs/hi/docs/alternatives.md"", ""docs/hi/docs/environment-variables.md"", ""docs/hi/docs/fastapi-cli.md"", ""docs/hi/docs/features.md"", ""docs/hi/docs/help-fastapi.md"", ""docs/hi/docs/history-design-future.md"", ""docs/hi/docs/index.md"", ""docs/hi/docs/project-generation.md"", ""docs/hi/docs/python-types.md"", ""docs/hi/docs/virtual-environments.md""]",0
31866576865,pre-commit,success,5152a821431db8abc8c2ad466ebaf63684977b9c,2026-08-15 05:17:18+00:00,pull_request,94968524487,pre-commit,success,36.0,10,143,1267,77886,"[""docs/hi/docs/alternatives.md"", ""docs/hi/docs/environment-variables.md"", ""docs/hi/docs/fastapi-cli.md"", ""docs/hi/docs/features.md"", ""docs/hi/docs/help-fastapi.md"", ""docs/hi/docs/history-design-future.md"", ""docs/hi/docs/index.md"", ""docs/hi/docs/project-generation.md"", ""docs/hi/docs/python-types.md"", ""docs/hi/docs/virtual-environments.md""]",0
31866576865,pre-commit,success,5152a821431db8abc8c2ad466ebaf63684977b9c,2026-08-15 05:17:18+00:00,pull_request,94968626117,pre-commit-alls-green,success,5.0,10,143,1267,77886,"[""docs/hi/docs/alternatives.md"", ""docs/hi/docs/environment-variables.md"", ""docs/hi/docs/fastapi-cli.md"", ""docs/hi/docs/features.md"", ""docs/hi/docs/help-fastapi.md"", ""docs/hi/docs/history-design-future.md"", ""docs/hi/docs/index.md"", ""docs/hi/docs/project-generation.md"", ""docs/hi/docs/python-types.md"", ""docs/hi/docs/virtual-environments.md""]",0
31866576873,Build Docs,success,5152a821431db8abc8c2ad466ebaf63684977b9c,2026-08-15 05:17:18+00:00,pull_request,94968524497,changes,success,5.0,10,143,1267,77886,"[""docs/hi/docs/alternatives.md"", ""docs/hi/docs/environment-variables.md"", ""docs/hi/docs/fastapi-cli.md"", ""docs/hi/docs/features.md"", ""docs/hi/docs/help-fastapi.md"", ""docs/hi/docs/history-design-future.md"", ""docs/hi/docs/index.md"", ""docs/hi/docs/project-generation.md"", ""docs/hi/docs/python-types.md"", ""docs/hi/docs/virtual-environments.md""]",0
31866576873,Build Docs,success,5152a821431db8abc8c2ad466ebaf63684977b9c,2026-08-15 05:17:18+00:00,pull_request,94968543412,langs,success,12.0,10,143,1267,77886,"[""docs/hi/docs/alternatives.md"", ""docs/hi/docs/environment-variables.md"", ""docs/hi/docs/fastapi-cli.md"", ""docs/hi/docs/features.md"", ""docs/hi/docs/help-fastapi.md"", ""docs/hi/docs/history-design-future.md"", ""docs/hi/docs/index.md"", ""docs/hi/docs/project-generation.md"", ""docs/hi/docs/python-types.md"", ""docs/hi/docs/virtual-environments.md""]",0
31866576873,Build Docs,success,5152a821431db8abc8c2ad466ebaf63684977b9c,2026-08-15 05:17:18+00:00,pull_request,94968668297,build-docs (en),success,37.0,10,143,1267,77886,"[""docs/hi/docs/alternatives.md"", ""docs/hi/docs/environment-variables.md"", ""docs/hi/docs/fastapi-cli.md"", ""docs/hi/docs/features.md"", ""docs/hi/docs/help-fastapi.md"", ""docs/hi/docs/history-design-future.md"", ""docs/hi/docs/index.md"", ""docs/hi/docs/project-generation.md"", ""docs/hi/docs/python-types.md"", ""docs/hi/docs/virtual-environments.md""]",0
31866576873,Build Docs,success,5152a821431db8abc8c2ad466ebaf63684977b9c,2026-08-15 05:17:18+00:00,pull_request,94968668302,build-docs (ja),success,38.0,10,143,1267,77886,"[""docs/hi/docs/alternatives.md"", ""docs/hi/docs/environment-variables.md"", ""docs/hi/docs/fastapi-cli.md"", ""docs/hi/docs/features.md"", ""docs/hi/docs/help-fastapi.md"", ""docs/hi/docs/history-design-future.md"", ""docs/hi/docs/index.md"", ""docs/hi/docs/project-generation.md"", ""docs/hi/docs/python-types.md"", ""docs/hi/docs/virtual-environments.md""]",0
31866576873,Build Docs,success,5152a821431db8abc8c2ad466ebaf63684977b9c,2026-08-15 05:17:18+00:00,pull_request,94968668306,build-docs (fr),success,42.0,10,143,1267,77886,"[""docs/hi/docs/alternatives.md"", ""docs/hi/docs/environment-variables.md"", ""docs/hi/docs/fastapi-cli.md"", ""docs/hi/docs/features.md"", ""docs/hi/docs/help-fastapi.md"", ""docs/hi/docs/history-design-future.md"", ""docs/hi/docs/index.md"", ""docs/hi/docs/project-generation.md"", ""docs/hi/docs/python-types.md"", ""docs/hi/docs/virtual-environments.md""]",0
31866576873,Build Docs,success,5152a821431db8abc8c2ad466ebaf63684977b9c,2026-08-15 05:17:18+00:00,pull_request,94968668328,build-docs (uk),success,44.0,10,143,1267,77886,"[""docs/hi/docs/alternatives.md"", ""docs/hi/docs/environment-variables.md"", ""docs/hi/docs/fastapi-cli.md"", ""docs/hi/docs/features.md"", ""docs/hi/docs/help-fastapi.md"", ""docs/hi/docs/history-design-future.md"", ""docs/hi/docs/index.md"", ""docs/hi/docs/project-generation.md"", ""docs/hi/docs/python-types.md"", ""docs/hi/docs/virtual-environments.md""]",0
31866576873,Build Docs,success,5152a821431db8abc8c2ad466ebaf63684977b9c,2026-08-15 05:17:18+00:00,pull_request,94968668330,build-docs (de),success,44.0,10,143,1267,77886,"[""docs/hi/docs/alternatives.md"", ""docs/hi/docs/environment-variables.md"", ""docs/hi/docs/fastapi-cli.md"", ""docs/hi/docs/features.md"", ""docs/hi/docs/help-fastapi.md"", ""docs/hi/docs/history-design-future.md"", ""docs/hi/docs/index.md"", ""docs/hi/docs/project-generation.md"", ""docs/hi/docs/python-types.md"", ""docs/hi/docs/virtual-environments.md""]",0
31866576873,Build Docs,success,5152a821431db8abc8c2ad466ebaf63684977b9c,2026-08-15 05:17:18+00:00,pull_request,94968668331,build-docs (pt),success,38.0,10,143,1267,77886,"[""docs/hi/docs/alternatives.md"", ""docs/hi/docs/environment-variables.md"", ""docs/hi/docs/fastapi-cli.md"", ""docs/hi/docs/features.md"", ""docs/hi/docs/help-fastapi.md"", ""docs/hi/docs/history-design-future.md"", ""docs/hi/docs/index.md"", ""docs/hi/docs/project-generation.md"", ""docs/hi/docs/python-types.md"", ""docs/hi/docs/virtual-environments.md""]",0
31866576873,Build Docs,success,5152a821431db8abc8c2ad466ebaf63684977b9c,2026-08-15 05:17:18+00:00,pull_request,94968668340,build-docs (zh-hant),success,43.0,10,143,1267,77886,"[""docs/hi/docs/alternatives.md"", ""docs/hi/docs/environment-variables.md"", ""docs/hi/docs/fastapi-cli.md"", ""docs/hi/docs/features.md"", ""docs/hi/docs/help-fastapi.md"", ""docs/hi/docs/history-design-future.md"", ""docs/hi/docs/index.md"", ""docs/hi/docs/project-generation.md"", ""docs/hi/docs/python-types.md"", ""docs/hi/docs/virtual-environments.md""]",0
31866576873,Build Docs,success,5152a821431db8abc8c2ad466ebaf63684977b9c,2026-08-15 05:17:18+00:00,pull_request,94968668349,build-docs (hi),success,44.0,10,143,1267,77886,"[""docs/hi/docs/alternatives.md"", ""docs/hi/docs/environment-variables.md"", ""docs/hi/docs/fastapi-cli.md"", ""docs/hi/docs/features.md"", ""docs/hi/docs/help-fastapi.md"", ""docs/hi/docs/history-design-future.md"", ""docs/hi/docs/index.md"", ""docs/hi/docs/project-generation.md"", ""docs/hi/docs/python-types.md"", ""docs/hi/docs/virtual-environments.md""]",0
31866576873,Build Docs,success,5152a821431db8abc8c2ad466ebaf63684977b9c,2026-08-15 05:17:18+00:00,pull_request,94968668355,build-docs (zh),success,35.0,10,143,1267,77886,"[""docs/hi/docs/alternatives.md"", ""docs/hi/docs/environment-variables.md"", ""docs/hi/docs/fastapi-cli.md"", ""docs/hi/docs/features.md"", ""docs/hi/docs/help-fastapi.md"", ""docs/hi/docs/history-design-future.md"", ""docs/hi/docs/index.md"", ""docs/hi/docs/project-generation.md"", ""docs/hi/docs/python-types.md"", ""docs/hi/docs/virtual-environments.md""]",0
31866576873,Build Docs,success,5152a821431db8abc8c2ad466ebaf63684977b9c,2026-08-15 05:17:18+00:00,pull_request,94968668358,build-docs (ru),success,44.0,10,143,1267,77886,"[""docs/hi/docs/alternatives.md"", ""docs/hi/docs/environment-variables.md"", ""docs/hi/docs/fastapi-cli.md"", ""docs/hi/docs/features.md"", ""docs/hi/docs/help-fastapi.md"", ""docs/hi/docs/history-design-future.md"", ""docs/hi/docs/index.md"", ""docs/hi/docs/project-generation.md"", ""docs/hi/docs/python-types.md"", ""docs/hi/docs/virtual-environments.md""]",0
31866576873,Build Docs,success,5152a821431db8abc8c2ad466ebaf63684977b9c,2026-08-15 05:17:18+00:00,pull_request,94968668362,build-docs (tr),success,45.0,10,143,1267,77886,"[""docs/hi/docs/alternatives.md"", ""docs/hi/docs/environment-variables.md"", ""docs/hi/docs/fastapi-cli.md"", ""docs/hi/docs/features.md"", ""docs/hi/docs/help-fastapi.md"", ""docs/hi/docs/history-design-future.md"", ""docs/hi/docs/index.md"", ""docs/hi/docs/project-generation.md"", ""docs/hi/docs/python-types.md"", ""docs/hi/docs/virtual-environments.md""]",0
31866576873,Build Docs,success,5152a821431db8abc8c2ad466ebaf63684977b9c,2026-08-15 05:17:18+00:00,pull_request,94968668377,build-docs (ko),success,48.0,10,143,1267,77886,"[""docs/hi/docs/alternatives.md"", ""docs/hi/docs/environment-variables.md"", ""docs/hi/docs/fastapi-cli.md"", ""docs/hi/docs/features.md"", ""docs/hi/docs/help-fastapi.md"", ""docs/hi/docs/history-design-future.md"", ""docs/hi/docs/index.md"", ""docs/hi/docs/project-generation.md"", ""docs/hi/docs/python-types.md"", ""docs/hi/docs/virtual-environments.md""]",0
31866576873,Build Docs,success,5152a821431db8abc8c2ad466ebaf63684977b9c,2026-08-15 05:17:18+00:00,pull_request,94968668388,build-docs (es),success,39.0,10,143,1267,77886,"[""docs/hi/docs/alternatives.md"", ""docs/hi/docs/environment-variables.md"", ""docs/hi/docs/fastapi-cli.md"", ""docs/hi/docs/features.md"", ""docs/hi/docs/help-fastapi.md"", ""docs/hi/docs/history-design-future.md"", ""docs/hi/docs/index.md"", ""docs/hi/docs/project-generation.md"", ""docs/hi/docs/python-types.md"", ""docs/hi/docs/virtual-environments.md""]",0
31866576873,Build Docs,success,5152a821431db8abc8c2ad466ebaf63684977b9c,2026-08-15 05:17:18+00:00,pull_request,94969168757,docs-all-green,success,3.0,10,143,1267,77886,"[""docs/hi/docs/alternatives.md"", ""docs/hi/docs/environment-variables.md"", ""docs/hi/docs/fastapi-cli.md"", ""docs/hi/docs/features.md"", ""docs/hi/docs/help-fastapi.md"", ""docs/hi/docs/history-design-future.md"", ""docs/hi/docs/index.md"", ""docs/hi/docs/project-generation.md"", ""docs/hi/docs/python-types.md"", ""docs/hi/docs/virtual-environments.md""]",0
31866575718,Conflict detector,success,5152a821431db8abc8c2ad466ebaf63684977b9c,2026-08-15 05:17:16+00:00,push,94968521423,main,success,5.0,10,143,1267,77886,"[""docs/hi/docs/alternatives.md"", ""docs/hi/docs/environment-variables.md"", ""docs/hi/docs/fastapi-cli.md"", ""docs/hi/docs/features.md"", ""docs/hi/docs/help-fastapi.md"", ""docs/hi/docs/history-design-future.md"", ""docs/hi/docs/index.md"", ""docs/hi/docs/project-generation.md"", ""docs/hi/docs/python-types.md"", ""docs/hi/docs/virtual-environments.md""]",0
31866575744,PR #16212,success,5152a821431db8abc8c2ad466ebaf63684977b9c,2026-08-15 05:17:16+00:00,dynamic,94968522558,Analyze (python),success,56.0,10,143,1267,77886,"[""docs/hi/docs/alternatives.md"", ""docs/hi/docs/environment-variables.md"", ""docs/hi/docs/fastapi-cli.md"", ""docs/hi/docs/features.md"", ""docs/hi/docs/help-fastapi.md"", ""docs/hi/docs/history-design-future.md"", ""docs/hi/docs/index.md"", ""docs/hi/docs/project-generation.md"", ""docs/hi/docs/python-types.md"", ""docs/hi/docs/virtual-environments.md""]",0
31866575744,PR #16212,success,5152a821431db8abc8c2ad466ebaf63684977b9c,2026-08-15 05:17:16+00:00,dynamic,94968522588,Analyze (actions),success,41.0,10,143,1267,77886,"[""docs/hi/docs/alternatives.md"", ""docs/hi/docs/environment-variables.md"", ""docs/hi/docs/fastapi-cli.md"", ""docs/hi/docs/features.md"", ""docs/hi/docs/help-fastapi.md"", ""docs/hi/docs/history-design-future.md"", ""docs/hi/docs/index.md"", ""docs/hi/docs/project-generation.md"", ""docs/hi/docs/python-types.md"", ""docs/hi/docs/virtual-environments.md""]",0
31866575744,PR #16212,success,5152a821431db8abc8c2ad466ebaf63684977b9c,2026-08-15 05:17:16+00:00,dynamic,94968522652,Analyze (javascript-typescript),success,59.0,10,143,1267,77886,"[""docs/hi/docs/alternatives.md"", ""docs/hi/docs/environment-variables.md"", ""docs/hi/docs/fastapi-cli.md"", ""docs/hi/docs/features.md"", ""docs/hi/docs/help-fastapi.md"", ""docs/hi/docs/history-design-future.md"", ""docs/hi/docs/index.md"", ""docs/hi/docs/project-generation.md"", ""docs/hi/docs/python-types.md"", ""docs/hi/docs/virtual-environments.md""]",0
31866574635,Smokeshow,failure,a1fa70d4237d50aae6586a0d9b229df583463d21,2026-08-15 05:17:14+00:00,workflow_run,94968518381,smokeshow,failure,17.0,1,1,0,363,"[""docs/en/docs/release-notes.md""]",1
31866562260,Smokeshow,failure,a1fa70d4237d50aae6586a0d9b229df583463d21,2026-08-15 05:16:58+00:00,workflow_run,94968489386,smokeshow,failure,13.0,1,1,0,363,"[""docs/en/docs/release-notes.md""]",1
31866526650,Smokeshow,failure,a1fa70d4237d50aae6586a0d9b229df583463d21,2026-08-15 05:16:02+00:00,workflow_run,94968395372,smokeshow,failure,12.0,1,1,0,363,"[""docs/en/docs/release-notes.md""]",1
31866504957,Smokeshow,failure,a1fa70d4237d50aae6586a0d9b229df583463d21,2026-08-15 05:15:35+00:00,workflow_run,94968343697,smokeshow,failure,12.0,1,1,0,363,"[""docs/en/docs/release-notes.md""]",1
31866481833,Smokeshow,failure,a1fa70d4237d50aae6586a0d9b229df583463d21,2026-08-15 05:15:03+00:00,workflow_run,94968287033,smokeshow,failure,18.0,1,1,0,363,"[""docs/en/docs/release-notes.md""]",1
31866478105,Smokeshow,failure,a1fa70d4237d50aae6586a0d9b229df583463d21,2026-08-15 05:14:58+00:00,workflow_run,94968277142,smokeshow,failure,12.0,1,1,0,363,"[""docs/en/docs/release-notes.md""]",1
31866472298,Smokeshow,failure,a1fa70d4237d50aae6586a0d9b229df583463d21,2026-08-15 05:14:48+00:00,workflow_run,94968261414,smokeshow,failure,13.0,1,1,0,363,"[""docs/en/docs/release-notes.md""]",1
31866423900,Notify Translations,success,cb3c11bccd122633d97a519dd24aa352a0d8996d,2026-08-15 05:13:37+00:00,pull_request_target,94968141416,job,success,23.0,10,69,1194,34634,"[""docs/zh-hant/docs/alternatives.md"", ""docs/zh-hant/docs/environment-variables.md"", ""docs/zh-hant/docs/fastapi-cli.md"", ""docs/zh-hant/docs/features.md"", ""docs/zh-hant/docs/help-fastapi.md"", ""docs/zh-hant/docs/history-design-future.md"", ""docs/zh-hant/docs/index.md"", ""docs/zh-hant/docs/project-generation.md"", ""docs/zh-hant/docs/python-types.md"", ""docs/zh-hant/docs/virtual-environments.md""]",0
31866423882,Issue Manager,success,cb3c11bccd122633d97a519dd24aa352a0d8996d,2026-08-15 05:13:37+00:00,pull_request_target,94968141395,issue-manager,success,19.0,10,69,1194,34634,"[""docs/zh-hant/docs/alternatives.md"", ""docs/zh-hant/docs/environment-variables.md"", ""docs/zh-hant/docs/fastapi-cli.md"", ""docs/zh-hant/docs/features.md"", ""docs/zh-hant/docs/help-fastapi.md"", ""docs/zh-hant/docs/history-design-future.md"", ""docs/zh-hant/docs/index.md"", ""docs/zh-hant/docs/project-generation.md"", ""docs/zh-hant/docs/python-types.md"", ""docs/zh-hant/docs/virtual-environments.md""]",0
31866422357,Add to Project,success,cb3c11bccd122633d97a519dd24aa352a0d8996d,2026-08-15 05:13:35+00:00,pull_request_target,94968137639,Add to project,success,5.0,10,69,1194,34634,"[""docs/zh-hant/docs/alternatives.md"", ""docs/zh-hant/docs/environment-variables.md"", ""docs/zh-hant/docs/fastapi-cli.md"", ""docs/zh-hant/docs/features.md"", ""docs/zh-hant/docs/help-fastapi.md"", ""docs/zh-hant/docs/history-design-future.md"", ""docs/zh-hant/docs/index.md"", ""docs/zh-hant/docs/project-generation.md"", ""docs/zh-hant/docs/python-types.md"", ""docs/zh-hant/docs/virtual-environments.md""]",0
31866422222,pre-commit,success,cb3c11bccd122633d97a519dd24aa352a0d8996d,2026-08-15 05:13:35+00:00,pull_request,94968137069,pre-commit,success,46.0,10,69,1194,34634,"[""docs/zh-hant/docs/alternatives.md"", ""docs/zh-hant/docs/environment-variables.md"", ""docs/zh-hant/docs/fastapi-cli.md"", ""docs/zh-hant/docs/features.md"", ""docs/zh-hant/docs/help-fastapi.md"", ""docs/zh-hant/docs/history-design-future.md"", ""docs/zh-hant/docs/index.md"", ""docs/zh-hant/docs/project-generation.md"", ""docs/zh-hant/docs/python-types.md"", ""docs/zh-hant/docs/virtual-environments.md""]",0
31866422222,pre-commit,success,cb3c11bccd122633d97a519dd24aa352a0d8996d,2026-08-15 05:13:35+00:00,pull_request,94968366941,pre-commit-alls-green,success,6.0,10,69,1194,34634,"[""docs/zh-hant/docs/alternatives.md"", ""docs/zh-hant/docs/environment-variables.md"", ""docs/zh-hant/docs/fastapi-cli.md"", ""docs/zh-hant/docs/features.md"", ""docs/zh-hant/docs/help-fastapi.md"", ""docs/zh-hant/docs/history-design-future.md"", ""docs/zh-hant/docs/index.md"", ""docs/zh-hant/docs/project-generation.md"", ""docs/zh-hant/docs/python-types.md"", ""docs/zh-hant/docs/virtual-environments.md""]",0
31866422201,Zizmor,success,cb3c11bccd122633d97a519dd24aa352a0d8996d,2026-08-15 05:13:35+00:00,pull_request,94968137079,Run zizmor,success,23.0,10,69,1194,34634,"[""docs/zh-hant/docs/alternatives.md"", ""docs/zh-hant/docs/environment-variables.md"", ""docs/zh-hant/docs/fastapi-cli.md"", ""docs/zh-hant/docs/features.md"", ""docs/zh-hant/docs/help-fastapi.md"", ""docs/zh-hant/docs/history-design-future.md"", ""docs/zh-hant/docs/index.md"", ""docs/zh-hant/docs/project-generation.md"", ""docs/zh-hant/docs/python-types.md"", ""docs/zh-hant/docs/virtual-environments.md""]",0
31866422211,Test Redistribute,success,cb3c11bccd122633d97a519dd24aa352a0d8996d,2026-08-15 05:13:35+00:00,pull_request,94968137083,test-redistribute,success,64.0,10,69,1194,34634,"[""docs/zh-hant/docs/alternatives.md"", ""docs/zh-hant/docs/environment-variables.md"", ""docs/zh-hant/docs/fastapi-cli.md"", ""docs/zh-hant/docs/features.md"", ""docs/zh-hant/docs/help-fastapi.md"", ""docs/zh-hant/docs/history-design-future.md"", ""docs/zh-hant/docs/index.md"", ""docs/zh-hant/docs/project-generation.md"", ""docs/zh-hant/docs/python-types.md"", ""docs/zh-hant/docs/virtual-environments.md""]",0
31866422211,Test Redistribute,success,cb3c11bccd122633d97a519dd24aa352a0d8996d,2026-08-15 05:13:35+00:00,pull_request,94968423625,test-redistribute-alls-green,success,4.0,10,69,1194,34634,"[""docs/zh-hant/docs/alternatives.md"", ""docs/zh-hant/docs/environment-variables.md"", ""docs/zh-hant/docs/fastapi-cli.md"", ""docs/zh-hant/docs/features.md"", ""docs/zh-hant/docs/help-fastapi.md"", ""docs/zh-hant/docs/history-design-future.md"", ""docs/zh-hant/docs/index.md"", ""docs/zh-hant/docs/project-generation.md"", ""docs/zh-hant/docs/python-types.md"", ""docs/zh-hant/docs/virtual-environments.md""]",0
31866422193,Test,success,cb3c11bccd122633d97a519dd24aa352a0d8996d,2026-08-15 05:13:35+00:00,pull_request,94968137014,regression-test,success,10.0,10,69,1194,34634,"[""docs/zh-hant/docs/alternatives.md"", ""docs/zh-hant/docs/environment-variables.md"", ""docs/zh-hant/docs/fastapi-cli.md"", ""docs/zh-hant/docs/features.md"", ""docs/zh-hant/docs/help-fastapi.md"", ""docs/zh-hant/docs/history-design-future.md"", ""docs/zh-hant/docs/index.md"", ""docs/zh-hant/docs/project-generation.md"", ""docs/zh-hant/docs/python-types.md"", ""docs/zh-hant/docs/virtual-environments.md""]",0
31866422193,Test,success,cb3c11bccd122633d97a519dd24aa352a0d8996d,2026-08-15 05:13:35+00:00,pull_request,94968137045,changes,success,8.0,10,69,1194,34634,"[""docs/zh-hant/docs/alternatives.md"", ""docs/zh-hant/docs/environment-variables.md"", ""docs/zh-hant/docs/fastapi-cli.md"", ""docs/zh-hant/docs/features.md"", ""docs/zh-hant/docs/help-fastapi.md"", ""docs/zh-hant/docs/history-design-future.md"", ""docs/zh-hant/docs/index.md"", ""docs/zh-hant/docs/project-generation.md"", ""docs/zh-hant/docs/python-types.md"", ""docs/zh-hant/docs/virtual-environments.md""]",0
31866422193,Test,success,cb3c11bccd122633d97a519dd24aa352a0d8996d,2026-08-15 05:13:35+00:00,pull_request,94968563695,test-alls-green,success,5.0,10,69,1194,34634,"[""docs/zh-hant/docs/alternatives.md"", ""docs/zh-hant/docs/environment-variables.md"", ""docs/zh-hant/docs/fastapi-cli.md"", ""docs/zh-hant/docs/features.md"", ""docs/zh-hant/docs/help-fastapi.md"", ""docs/zh-hant/docs/history-design-future.md"", ""docs/zh-hant/docs/index.md"", ""docs/zh-hant/docs/project-generation.md"", ""docs/zh-hant/docs/python-types.md"", ""docs/zh-hant/docs/virtual-environments.md""]",0
31866422183,Build Docs,success,cb3c11bccd122633d97a519dd24aa352a0d8996d,2026-08-15 05:13:35+00:00,pull_request,94968137044,changes,success,6.0,10,69,1194,34634,"[""docs/zh-hant/docs/alternatives.md"", ""docs/zh-hant/docs/environment-variables.md"", ""docs/zh-hant/docs/fastapi-cli.md"", ""docs/zh-hant/docs/features.md"", ""docs/zh-hant/docs/help-fastapi.md"", ""docs/zh-hant/docs/history-design-future.md"", ""docs/zh-hant/docs/index.md"", ""docs/zh-hant/docs/project-generation.md"", ""docs/zh-hant/docs/python-types.md"", ""docs/zh-hant/docs/virtual-environments.md""]",0
31866422183,Build Docs,success,cb3c11bccd122633d97a519dd24aa352a0d8996d,2026-08-15 05:13:35+00:00,pull_request,94968377270,langs,success,15.0,10,69,1194,34634,"[""docs/zh-hant/docs/alternatives.md"", ""docs/zh-hant/docs/environment-variables.md"", ""docs/zh-hant/docs/fastapi-cli.md"", ""docs/zh-hant/docs/features.md"", ""docs/zh-hant/docs/help-fastapi.md"", ""docs/zh-hant/docs/history-design-future.md"", ""docs/zh-hant/docs/index.md"", ""docs/zh-hant/docs/project-generation.md"", ""docs/zh-hant/docs/python-types.md"", ""docs/zh-hant/docs/virtual-environments.md""]",0
31866422183,Build Docs,success,cb3c11bccd122633d97a519dd24aa352a0d8996d,2026-08-15 05:13:35+00:00,pull_request,94968541555,build-docs (es),success,34.0,10,69,1194,34634,"[""docs/zh-hant/docs/alternatives.md"", ""docs/zh-hant/docs/environment-variables.md"", ""docs/zh-hant/docs/fastapi-cli.md"", ""docs/zh-hant/docs/features.md"", ""docs/zh-hant/docs/help-fastapi.md"", ""docs/zh-hant/docs/history-design-future.md"", ""docs/zh-hant/docs/index.md"", ""docs/zh-hant/docs/project-generation.md"", ""docs/zh-hant/docs/python-types.md"", ""docs/zh-hant/docs/virtual-environments.md""]",0
31866422183,Build Docs,success,cb3c11bccd122633d97a519dd24aa352a0d8996d,2026-08-15 05:13:35+00:00,pull_request,94968541558,build-docs (zh),success,38.0,10,69,1194,34634,"[""docs/zh-hant/docs/alternatives.md"", ""docs/zh-hant/docs/environment-variables.md"", ""docs/zh-hant/docs/fastapi-cli.md"", ""docs/zh-hant/docs/features.md"", ""docs/zh-hant/docs/help-fastapi.md"", ""docs/zh-hant/docs/history-design-future.md"", ""docs/zh-hant/docs/index.md"", ""docs/zh-hant/docs/project-generation.md"", ""docs/zh-hant/docs/python-types.md"", ""docs/zh-hant/docs/virtual-environments.md""]",0
31866422183,Build Docs,success,cb3c11bccd122633d97a519dd24aa352a0d8996d,2026-08-15 05:13:35+00:00,pull_request,94968541560,build-docs (pt),success,37.0,10,69,1194,34634,"[""docs/zh-hant/docs/alternatives.md"", ""docs/zh-hant/docs/environment-variables.md"", ""docs/zh-hant/docs/fastapi-cli.md"", ""docs/zh-hant/docs/features.md"", ""docs/zh-hant/docs/help-fastapi.md"", ""docs/zh-hant/docs/history-design-future.md"", ""docs/zh-hant/docs/index.md"", ""docs/zh-hant/docs/project-generation.md"", ""docs/zh-hant/docs/python-types.md"", ""docs/zh-hant/docs/virtual-environments.md""]",0
31866422183,Build Docs,success,cb3c11bccd122633d97a519dd24aa352a0d8996d,2026-08-15 05:13:35+00:00,pull_request,94968541577,build-docs (zh-hant),success,37.0,10,69,1194,34634,"[""docs/zh-hant/docs/alternatives.md"", ""docs/zh-hant/docs/environment-variables.md"", ""docs/zh-hant/docs/fastapi-cli.md"", ""docs/zh-hant/docs/features.md"", ""docs/zh-hant/docs/help-fastapi.md"", ""docs/zh-hant/docs/history-design-future.md"", ""docs/zh-hant/docs/index.md"", ""docs/zh-hant/docs/project-generation.md"", ""docs/zh-hant/docs/python-types.md"", ""docs/zh-hant/docs/virtual-environments.md""]",0
31866422183,Build Docs,success,cb3c11bccd122633d97a519dd24aa352a0d8996d,2026-08-15 05:13:35+00:00,pull_request,94968541582,build-docs (ru),success,42.0,10,69,1194,34634,"[""docs/zh-hant/docs/alternatives.md"", ""docs/zh-hant/docs/environment-variables.md"", ""docs/zh-hant/docs/fastapi-cli.md"", ""docs/zh-hant/docs/features.md"", ""docs/zh-hant/docs/help-fastapi.md"", ""docs/zh-hant/docs/history-design-future.md"", ""docs/zh-hant/docs/index.md"", ""docs/zh-hant/docs/project-generation.md"", ""docs/zh-hant/docs/python-types.md"", ""docs/zh-hant/docs/virtual-environments.md""]",0
31866422183,Build Docs,success,cb3c11bccd122633d97a519dd24aa352a0d8996d,2026-08-15 05:13:35+00:00,pull_request,94968541583,build-docs (ja),success,38.0,10,69,1194,34634,"[""docs/zh-hant/docs/alternatives.md"", ""docs/zh-hant/docs/environment-variables.md"", ""docs/zh-hant/docs/fastapi-cli.md"", ""docs/zh-hant/docs/features.md"", ""docs/zh-hant/docs/help-fastapi.md"", ""docs/zh-hant/docs/history-design-future.md"", ""docs/zh-hant/docs/index.md"", ""docs/zh-hant/docs/project-generation.md"", ""docs/zh-hant/docs/python-types.md"", ""docs/zh-hant/docs/virtual-environments.md""]",0
31866422183,Build Docs,success,cb3c11bccd122633d97a519dd24aa352a0d8996d,2026-08-15 05:13:35+00:00,pull_request,94968541584,build-docs (fr),success,40.0,10,69,1194,34634,"[""docs/zh-hant/docs/alternatives.md"", ""docs/zh-hant/docs/environment-variables.md"", ""docs/zh-hant/docs/fastapi-cli.md"", ""docs/zh-hant/docs/features.md"", ""docs/zh-hant/docs/help-fastapi.md"", ""docs/zh-hant/docs/history-design-future.md"", ""docs/zh-hant/docs/index.md"", ""docs/zh-hant/docs/project-generation.md"", ""docs/zh-hant/docs/python-types.md"", ""docs/zh-hant/docs/virtual-environments.md""]",0
31866422183,Build Docs,success,cb3c11bccd122633d97a519dd24aa352a0d8996d,2026-08-15 05:13:35+00:00,pull_request,94968541593,build-docs (ko),success,34.0,10,69,1194,34634,"[""docs/zh-hant/docs/alternatives.md"", ""docs/zh-hant/docs/environment-variables.md"", ""docs/zh-hant/docs/fastapi-cli.md"", ""docs/zh-hant/docs/features.md"", ""docs/zh-hant/docs/help-fastapi.md"", ""docs/zh-hant/docs/history-design-future.md"", ""docs/zh-hant/docs/index.md"", ""docs/zh-hant/docs/project-generation.md"", ""docs/zh-hant/docs/python-types.md"", ""docs/zh-hant/docs/virtual-environments.md""]",0
31866422183,Build Docs,success,cb3c11bccd122633d97a519dd24aa352a0d8996d,2026-08-15 05:13:35+00:00,pull_request,94968541595,build-docs (hi),success,38.0,10,69,1194,34634,"[""docs/zh-hant/docs/alternatives.md"", ""docs/zh-hant/docs/environment-variables.md"", ""docs/zh-hant/docs/fastapi-cli.md"", ""docs/zh-hant/docs/features.md"", ""docs/zh-hant/docs/help-fastapi.md"", ""docs/zh-hant/docs/history-design-future.md"", ""docs/zh-hant/docs/index.md"", ""docs/zh-hant/docs/project-generation.md"", ""docs/zh-hant/docs/python-types.md"", ""docs/zh-hant/docs/virtual-environments.md""]",0
31866422183,Build Docs,success,cb3c11bccd122633d97a519dd24aa352a0d8996d,2026-08-15 05:13:35+00:00,pull_request,94968541596,build-docs (tr),success,38.0,10,69,1194,34634,"[""docs/zh-hant/docs/alternatives.md"", ""docs/zh-hant/docs/environment-variables.md"", ""docs/zh-hant/docs/fastapi-cli.md"", ""docs/zh-hant/docs/features.md"", ""docs/zh-hant/docs/help-fastapi.md"", ""docs/zh-hant/docs/history-design-future.md"", ""docs/zh-hant/docs/index.md"", ""docs/zh-hant/docs/project-generation.md"", ""docs/zh-hant/docs/python-types.md"", ""docs/zh-hant/docs/virtual-environments.md""]",0
31866422183,Build Docs,success,cb3c11bccd122633d97a519dd24aa352a0d8996d,2026-08-15 05:13:35+00:00,pull_request,94968541608,build-docs (uk),success,45.0,10,69,1194,34634,"[""docs/zh-hant/docs/alternatives.md"", ""docs/zh-hant/docs/environment-variables.md"", ""docs/zh-hant/docs/fastapi-cli.md"", ""docs/zh-hant/docs/features.md"", ""docs/zh-hant/docs/help-fastapi.md"", ""docs/zh-hant/docs/history-design-future.md"", ""docs/zh-hant/docs/index.md"", ""docs/zh-hant/docs/project-generation.md"", ""docs/zh-hant/docs/python-types.md"", ""docs/zh-hant/docs/virtual-environments.md""]",0
31866422183,Build Docs,success,cb3c11bccd122633d97a519dd24aa352a0d8996d,2026-08-15 05:13:35+00:00,pull_request,94968541617,build-docs (en),success,39.0,10,69,1194,34634,"[""docs/zh-hant/docs/alternatives.md"", ""docs/zh-hant/docs/environment-variables.md"", ""docs/zh-hant/docs/fastapi-cli.md"", ""docs/zh-hant/docs/features.md"", ""docs/zh-hant/docs/help-fastapi.md"", ""docs/zh-hant/docs/history-design-future.md"", ""docs/zh-hant/docs/index.md"", ""docs/zh-hant/docs/project-generation.md"", ""docs/zh-hant/docs/python-types.md"", ""docs/zh-hant/docs/virtual-environments.md""]",0
31866422183,Build Docs,success,cb3c11bccd122633d97a519dd24aa352a0d8996d,2026-08-15 05:13:35+00:00,pull_request,94968541630,build-docs (de),success,41.0,10,69,1194,34634,"[""docs/zh-hant/docs/alternatives.md"", ""docs/zh-hant/docs/environment-variables.md"", ""docs/zh-hant/docs/fastapi-cli.md"", ""docs/zh-hant/docs/features.md"", ""docs/zh-hant/docs/help-fastapi.md"", ""docs/zh-hant/docs/history-design-future.md"", ""docs/zh-hant/docs/index.md"", ""docs/zh-hant/docs/project-generation.md"", ""docs/zh-hant/docs/python-types.md"", ""docs/zh-hant/docs/virtual-environments.md""]",0
31866422183,Build Docs,success,cb3c11bccd122633d97a519dd24aa352a0d8996d,2026-08-15 05:13:35+00:00,pull_request,94968935012,docs-all-green,success,5.0,10,69,1194,34634,"[""docs/zh-hant/docs/alternatives.md"", ""docs/zh-hant/docs/environment-variables.md"", ""docs/zh-hant/docs/fastapi-cli.md"", ""docs/zh-hant/docs/features.md"", ""docs/zh-hant/docs/help-fastapi.md"", ""docs/zh-hant/docs/history-design-future.md"", ""docs/zh-hant/docs/index.md"", ""docs/zh-hant/docs/project-generation.md"", ""docs/zh-hant/docs/python-types.md"", ""docs/zh-hant/docs/virtual-environments.md""]",0
31866421071,PR #16211,success,cb3c11bccd122633d97a519dd24aa352a0d8996d,2026-08-15 05:13:33+00:00,dynamic,94968135692,Analyze (python),success,52.0,10,69,1194,34634,"[""docs/zh-hant/docs/alternatives.md"", ""docs/zh-hant/docs/environment-variables.md"", ""docs/zh-hant/docs/fastapi-cli.md"", ""docs/zh-hant/docs/features.md"", ""docs/zh-hant/docs/help-fastapi.md"", ""docs/zh-hant/docs/history-design-future.md"", ""docs/zh-hant/docs/index.md"", ""docs/zh-hant/docs/project-generation.md"", ""docs/zh-hant/docs/python-types.md"", ""docs/zh-hant/docs/virtual-environments.md""]",0
31866421071,PR #16211,success,cb3c11bccd122633d97a519dd24aa352a0d8996d,2026-08-15 05:13:33+00:00,dynamic,94968135695,Analyze (javascript-typescript),success,53.0,10,69,1194,34634,"[""docs/zh-hant/docs/alternatives.md"", ""docs/zh-hant/docs/environment-variables.md"", ""docs/zh-hant/docs/fastapi-cli.md"", ""docs/zh-hant/docs/features.md"", ""docs/zh-hant/docs/help-fastapi.md"", ""docs/zh-hant/docs/history-design-future.md"", ""docs/zh-hant/docs/index.md"", ""docs/zh-hant/docs/project-generation.md"", ""docs/zh-hant/docs/python-types.md"", ""docs/zh-hant/docs/virtual-environments.md""]",0
31866421071,PR #16211,success,cb3c11bccd122633d97a519dd24aa352a0d8996d,2026-08-15 05:13:33+00:00,dynamic,94968135740,Analyze (actions),success,38.0,10,69,1194,34634,"[""docs/zh-hant/docs/alternatives.md"", ""docs/zh-hant/docs/environment-variables.md"", ""docs/zh-hant/docs/fastapi-cli.md"", ""docs/zh-hant/docs/features.md"", ""docs/zh-hant/docs/help-fastapi.md"", ""docs/zh-hant/docs/history-design-future.md"", ""docs/zh-hant/docs/index.md"", ""docs/zh-hant/docs/project-generation.md"", ""docs/zh-hant/docs/python-types.md"", ""docs/zh-hant/docs/virtual-environments.md""]",0
31866420149,Conflict detector,success,cb3c11bccd122633d97a519dd24aa352a0d8996d,2026-08-15 05:13:32+00:00,push,94968132417,main,success,3.0,10,69,1194,34634,"[""docs/zh-hant/docs/alternatives.md"", ""docs/zh-hant/docs/environment-variables.md"", ""docs/zh-hant/docs/fastapi-cli.md"", ""docs/zh-hant/docs/features.md"", ""docs/zh-hant/docs/help-fastapi.md"", ""docs/zh-hant/docs/history-design-future.md"", ""docs/zh-hant/docs/index.md"", ""docs/zh-hant/docs/project-generation.md"", ""docs/zh-hant/docs/python-types.md"", ""docs/zh-hant/docs/virtual-environments.md""]",0
31866417406,Notify Translations,success,cf7c4de68a33c735766d82cb471d1994e6376b7d,2026-08-15 05:13:28+00:00,pull_request_target,94968126154,job,success,23.0,10,93,1217,63237,"[""docs/ru/docs/alternatives.md"", ""docs/ru/docs/environment-variables.md"", ""docs/ru/docs/fastapi-cli.md"", ""docs/ru/docs/features.md"", ""docs/ru/docs/help-fastapi.md"", ""docs/ru/docs/history-design-future.md"", ""docs/ru/docs/index.md"", ""docs/ru/docs/project-generation.md"", ""docs/ru/docs/python-types.md"", ""docs/ru/docs/virtual-environments.md""]",0
31866417322,Issue Manager,success,cf7c4de68a33c735766d82cb471d1994e6376b7d,2026-08-15 05:13:28+00:00,pull_request_target,94968125942,issue-manager,success,15.0,10,93,1217,63237,"[""docs/ru/docs/alternatives.md"", ""docs/ru/docs/environment-variables.md"", ""docs/ru/docs/fastapi-cli.md"", ""docs/ru/docs/features.md"", ""docs/ru/docs/help-fastapi.md"", ""docs/ru/docs/history-design-future.md"", ""docs/ru/docs/index.md"", ""docs/ru/docs/project-generation.md"", ""docs/ru/docs/python-types.md"", ""docs/ru/docs/virtual-environments.md""]",0
31866416670,Notify Translations,success,f8b827befd374b174e67841b86e5810ce3a7c3f0,2026-08-15 05:13:27+00:00,pull_request_target,94968123874,job,success,22.0,10,73,1197,62939,"[""docs/de/docs/alternatives.md"", ""docs/de/docs/environment-variables.md"", ""docs/de/docs/fastapi-cli.md"", ""docs/de/docs/features.md"", ""docs/de/docs/help-fastapi.md"", ""docs/de/docs/history-design-future.md"", ""docs/de/docs/index.md"", ""docs/de/docs/project-generation.md"", ""docs/de/docs/python-types.md"", ""docs/de/docs/virtual-environments.md""]",0
31866416655,Issue Manager,success,f8b827befd374b174e67841b86e5810ce3a7c3f0,2026-08-15 05:13:27+00:00,pull_request_target,94968123795,issue-manager,success,19.0,10,73,1197,62939,"[""docs/de/docs/alternatives.md"", ""docs/de/docs/environment-variables.md"", ""docs/de/docs/fastapi-cli.md"", ""docs/de/docs/features.md"", ""docs/de/docs/help-fastapi.md"", ""docs/de/docs/history-design-future.md"", ""docs/de/docs/index.md"", ""docs/de/docs/project-generation.md"", ""docs/de/docs/python-types.md"", ""docs/de/docs/virtual-environments.md""]",0
31866414728,Add to Project,success,f8b827befd374b174e67841b86e5810ce3a7c3f0,2026-08-15 05:13:25+00:00,pull_request_target,94968119866,Add to project,success,5.0,10,73,1197,62939,"[""docs/de/docs/alternatives.md"", ""docs/de/docs/environment-variables.md"", ""docs/de/docs/fastapi-cli.md"", ""docs/de/docs/features.md"", ""docs/de/docs/help-fastapi.md"", ""docs/de/docs/history-design-future.md"", ""docs/de/docs/index.md"", ""docs/de/docs/project-generation.md"", ""docs/de/docs/python-types.md"", ""docs/de/docs/virtual-environments.md""]",0
31866414597,Zizmor,success,cf7c4de68a33c735766d82cb471d1994e6376b7d,2026-08-15 05:13:25+00:00,pull_request,94968119648,Run zizmor,success,17.0,10,93,1217,63237,"[""docs/ru/docs/alternatives.md"", ""docs/ru/docs/environment-variables.md"", ""docs/ru/docs/fastapi-cli.md"", ""docs/ru/docs/features.md"", ""docs/ru/docs/help-fastapi.md"", ""docs/ru/docs/history-design-future.md"", ""docs/ru/docs/index.md"", ""docs/ru/docs/project-generation.md"", ""docs/ru/docs/python-types.md"", ""docs/ru/docs/virtual-environments.md""]",0
31866414718,Zizmor,success,f8b827befd374b174e67841b86e5810ce3a7c3f0,2026-08-15 05:13:25+00:00,pull_request,94968119759,Run zizmor,success,25.0,10,73,1197,62939,"[""docs/de/docs/alternatives.md"", ""docs/de/docs/environment-variables.md"", ""docs/de/docs/fastapi-cli.md"", ""docs/de/docs/features.md"", ""docs/de/docs/help-fastapi.md"", ""docs/de/docs/history-design-future.md"", ""docs/de/docs/index.md"", ""docs/de/docs/project-generation.md"", ""docs/de/docs/python-types.md"", ""docs/de/docs/virtual-environments.md""]",0
31866414721,Test,success,f8b827befd374b174e67841b86e5810ce3a7c3f0,2026-08-15 05:13:25+00:00,pull_request,94968119855,changes,success,5.0,10,73,1197,62939,"[""docs/de/docs/alternatives.md"", ""docs/de/docs/environment-variables.md"", ""docs/de/docs/fastapi-cli.md"", ""docs/de/docs/features.md"", ""docs/de/docs/help-fastapi.md"", ""docs/de/docs/history-design-future.md"", ""docs/de/docs/index.md"", ""docs/de/docs/project-generation.md"", ""docs/de/docs/python-types.md"", ""docs/de/docs/virtual-environments.md""]",0
31866414721,Test,success,f8b827befd374b174e67841b86e5810ce3a7c3f0,2026-08-15 05:13:25+00:00,pull_request,94968119870,regression-test,success,10.0,10,73,1197,62939,"[""docs/de/docs/alternatives.md"", ""docs/de/docs/environment-variables.md"", ""docs/de/docs/fastapi-cli.md"", ""docs/de/docs/features.md"", ""docs/de/docs/help-fastapi.md"", ""docs/de/docs/history-design-future.md"", ""docs/de/docs/index.md"", ""docs/de/docs/project-generation.md"", ""docs/de/docs/python-types.md"", ""docs/de/docs/virtual-environments.md""]",0
31866414721,Test,success,f8b827befd374b174e67841b86e5810ce3a7c3f0,2026-08-15 05:13:25+00:00,pull_request,94968293033,test-alls-green,success,3.0,10,73,1197,62939,"[""docs/de/docs/alternatives.md"", ""docs/de/docs/environment-variables.md"", ""docs/de/docs/fastapi-cli.md"", ""docs/de/docs/features.md"", ""docs/de/docs/help-fastapi.md"", ""docs/de/docs/history-design-future.md"", ""docs/de/docs/index.md"", ""docs/de/docs/project-generation.md"", ""docs/de/docs/python-types.md"", ""docs/de/docs/virtual-environments.md""]",0
31866414719,pre-commit,success,f8b827befd374b174e67841b86e5810ce3a7c3f0,2026-08-15 05:13:25+00:00,pull_request,94968119822,pre-commit,success,49.0,10,73,1197,62939,"[""docs/de/docs/alternatives.md"", ""docs/de/docs/environment-variables.md"", ""docs/de/docs/fastapi-cli.md"", ""docs/de/docs/features.md"", ""docs/de/docs/help-fastapi.md"", ""docs/de/docs/history-design-future.md"", ""docs/de/docs/index.md"", ""docs/de/docs/project-generation.md"", ""docs/de/docs/python-types.md"", ""docs/de/docs/virtual-environments.md""]",0
31866414719,pre-commit,success,f8b827befd374b174e67841b86e5810ce3a7c3f0,2026-08-15 05:13:25+00:00,pull_request,94968270912,pre-commit-alls-green,success,5.0,10,73,1197,62939,"[""docs/de/docs/alternatives.md"", ""docs/de/docs/environment-variables.md"", ""docs/de/docs/fastapi-cli.md"", ""docs/de/docs/features.md"", ""docs/de/docs/help-fastapi.md"", ""docs/de/docs/history-design-future.md"", ""docs/de/docs/index.md"", ""docs/de/docs/project-generation.md"", ""docs/de/docs/python-types.md"", ""docs/de/docs/virtual-environments.md""]",0
31866414625,Issue Manager,success,4dbe72fcf52524b1894da959d49540941e6f3c76,2026-08-15 05:13:25+00:00,pull_request_target,94968119704,issue-manager,success,26.0,10,70,1195,58445,"[""docs/uk/docs/alternatives.md"", ""docs/uk/docs/environment-variables.md"", ""docs/uk/docs/fastapi-cli.md"", ""docs/uk/docs/features.md"", ""docs/uk/docs/help-fastapi.md"", ""docs/uk/docs/history-design-future.md"", ""docs/uk/docs/index.md"", ""docs/uk/docs/project-generation.md"", ""docs/uk/docs/python-types.md"", ""docs/uk/docs/virtual-environments.md""]",0
31866414733,Add to Project,success,cf7c4de68a33c735766d82cb471d1994e6376b7d,2026-08-15 05:13:25+00:00,pull_request_target,94968119912,Add to project,success,4.0,10,93,1217,63237,"[""docs/ru/docs/alternatives.md"", ""docs/ru/docs/environment-variables.md"", ""docs/ru/docs/fastapi-cli.md"", ""docs/ru/docs/features.md"", ""docs/ru/docs/help-fastapi.md"", ""docs/ru/docs/history-design-future.md"", ""docs/ru/docs/index.md"", ""docs/ru/docs/project-generation.md"", ""docs/ru/docs/python-types.md"", ""docs/ru/docs/virtual-environments.md""]",0
31866414609,Notify Translations,success,4dbe72fcf52524b1894da959d49540941e6f3c76,2026-08-15 05:13:25+00:00,pull_request_target,94968119617,job,success,25.0,10,70,1195,58445,"[""docs/uk/docs/alternatives.md"", ""docs/uk/docs/environment-variables.md"", ""docs/uk/docs/fastapi-cli.md"", ""docs/uk/docs/features.md"", ""docs/uk/docs/help-fastapi.md"", ""docs/uk/docs/history-design-future.md"", ""docs/uk/docs/index.md"", ""docs/uk/docs/project-generation.md"", ""docs/uk/docs/python-types.md"", ""docs/uk/docs/virtual-environments.md""]",0
31866414572,Test,success,cf7c4de68a33c735766d82cb471d1994e6376b7d,2026-08-15 05:13:25+00:00,pull_request,94968119607,changes,success,7.0,10,93,1217,63237,"[""docs/ru/docs/alternatives.md"", ""docs/ru/docs/environment-variables.md"", ""docs/ru/docs/fastapi-cli.md"", ""docs/ru/docs/features.md"", ""docs/ru/docs/help-fastapi.md"", ""docs/ru/docs/history-design-future.md"", ""docs/ru/docs/index.md"", ""docs/ru/docs/project-generation.md"", ""docs/ru/docs/python-types.md"", ""docs/ru/docs/virtual-environments.md""]",0
31866414572,Test,success,cf7c4de68a33c735766d82cb471d1994e6376b7d,2026-08-15 05:13:25+00:00,pull_request,94968119612,regression-test,success,10.0,10,93,1217,63237,"[""docs/ru/docs/alternatives.md"", ""docs/ru/docs/environment-variables.md"", ""docs/ru/docs/fastapi-cli.md"", ""docs/ru/docs/features.md"", ""docs/ru/docs/help-fastapi.md"", ""docs/ru/docs/history-design-future.md"", ""docs/ru/docs/index.md"", ""docs/ru/docs/project-generation.md"", ""docs/ru/docs/python-types.md"", ""docs/ru/docs/virtual-environments.md""]",0
31866414572,Test,success,cf7c4de68a33c735766d82cb471d1994e6376b7d,2026-08-15 05:13:25+00:00,pull_request,94968145424,test-alls-green,success,4.0,10,93,1217,63237,"[""docs/ru/docs/alternatives.md"", ""docs/ru/docs/environment-variables.md"", ""docs/ru/docs/fastapi-cli.md"", ""docs/ru/docs/features.md"", ""docs/ru/docs/help-fastapi.md"", ""docs/ru/docs/history-design-future.md"", ""docs/ru/docs/index.md"", ""docs/ru/docs/project-generation.md"", ""docs/ru/docs/python-types.md"", ""docs/ru/docs/virtual-environments.md""]",0
31866414713,Test Redistribute,success,f8b827befd374b174e67841b86e5810ce3a7c3f0,2026-08-15 05:13:25+00:00,pull_request,94968119829,test-redistribute,success,53.0,10,73,1197,62939,"[""docs/de/docs/alternatives.md"", ""docs/de/docs/environment-variables.md"", ""docs/de/docs/fastapi-cli.md"", ""docs/de/docs/features.md"", ""docs/de/docs/help-fastapi.md"", ""docs/de/docs/history-design-future.md"", ""docs/de/docs/index.md"", ""docs/de/docs/project-generation.md"", ""docs/de/docs/python-types.md"", ""docs/de/docs/virtual-environments.md""]",0
31866414713,Test Redistribute,success,f8b827befd374b174e67841b86e5810ce3a7c3f0,2026-08-15 05:13:25+00:00,pull_request,94968529288,test-redistribute-alls-green,success,2.0,10,73,1197,62939,"[""docs/de/docs/alternatives.md"", ""docs/de/docs/environment-variables.md"", ""docs/de/docs/fastapi-cli.md"", ""docs/de/docs/features.md"", ""docs/de/docs/help-fastapi.md"", ""docs/de/docs/history-design-future.md"", ""docs/de/docs/index.md"", ""docs/de/docs/project-generation.md"", ""docs/de/docs/python-types.md"", ""docs/de/docs/virtual-environments.md""]",0
31866414573,pre-commit,success,cf7c4de68a33c735766d82cb471d1994e6376b7d,2026-08-15 05:13:25+00:00,pull_request,94968119605,pre-commit,success,38.0,10,93,1217,63237,"[""docs/ru/docs/alternatives.md"", ""docs/ru/docs/environment-variables.md"", ""docs/ru/docs/fastapi-cli.md"", ""docs/ru/docs/features.md"", ""docs/ru/docs/help-fastapi.md"", ""docs/ru/docs/history-design-future.md"", ""docs/ru/docs/index.md"", ""docs/ru/docs/project-generation.md"", ""docs/ru/docs/python-types.md"", ""docs/ru/docs/virtual-environments.md""]",0
31866414573,pre-commit,success,cf7c4de68a33c735766d82cb471d1994e6376b7d,2026-08-15 05:13:25+00:00,pull_request,94968280350,pre-commit-alls-green,success,2.0,10,93,1217,63237,"[""docs/ru/docs/alternatives.md"", ""docs/ru/docs/environment-variables.md"", ""docs/ru/docs/fastapi-cli.md"", ""docs/ru/docs/features.md"", ""docs/ru/docs/help-fastapi.md"", ""docs/ru/docs/history-design-future.md"", ""docs/ru/docs/index.md"", ""docs/ru/docs/project-generation.md"", ""docs/ru/docs/python-types.md"", ""docs/ru/docs/virtual-environments.md""]",0
31866414665,Test Redistribute,success,cf7c4de68a33c735766d82cb471d1994e6376b7d,2026-08-15 05:13:25+00:00,pull_request,94968119722,test-redistribute,success,56.0,10,93,1217,63237,"[""docs/ru/docs/alternatives.md"", ""docs/ru/docs/environment-variables.md"", ""docs/ru/docs/fastapi-cli.md"", ""docs/ru/docs/features.md"", ""docs/ru/docs/help-fastapi.md"", ""docs/ru/docs/history-design-future.md"", ""docs/ru/docs/index.md"", ""docs/ru/docs/project-generation.md"", ""docs/ru/docs/python-types.md"", ""docs/ru/docs/virtual-environments.md""]",0
31866414665,Test Redistribute,success,cf7c4de68a33c735766d82cb471d1994e6376b7d,2026-08-15 05:13:25+00:00,pull_request,94968525306,test-redistribute-alls-green,success,5.0,10,93,1217,63237,"[""docs/ru/docs/alternatives.md"", ""docs/ru/docs/environment-variables.md"", ""docs/ru/docs/fastapi-cli.md"", ""docs/ru/docs/features.md"", ""docs/ru/docs/help-fastapi.md"", ""docs/ru/docs/history-design-future.md"", ""docs/ru/docs/index.md"", ""docs/ru/docs/project-generation.md"", ""docs/ru/docs/python-types.md"", ""docs/ru/docs/virtual-environments.md""]",0
31866414574,Build Docs,success,cf7c4de68a33c735766d82cb471d1994e6376b7d,2026-08-15 05:13:25+00:00,pull_request,94968119613,changes,success,7.0,10,93,1217,63237,"[""docs/ru/docs/alternatives.md"", ""docs/ru/docs/environment-variables.md"", ""docs/ru/docs/fastapi-cli.md"", ""docs/ru/docs/features.md"", ""docs/ru/docs/help-fastapi.md"", ""docs/ru/docs/history-design-future.md"", ""docs/ru/docs/index.md"", ""docs/ru/docs/project-generation.md"", ""docs/ru/docs/python-types.md"", ""docs/ru/docs/virtual-environments.md""]",0
31866414574,Build Docs,success,cf7c4de68a33c735766d82cb471d1994e6376b7d,2026-08-15 05:13:25+00:00,pull_request,94968262231,langs,success,13.0,10,93,1217,63237,"[""docs/ru/docs/alternatives.md"", ""docs/ru/docs/environment-variables.md"", ""docs/ru/docs/fastapi-cli.md"", ""docs/ru/docs/features.md"", ""docs/ru/docs/help-fastapi.md"", ""docs/ru/docs/history-design-future.md"", ""docs/ru/docs/index.md"", ""docs/ru/docs/project-generation.md"", ""docs/ru/docs/python-types.md"", ""docs/ru/docs/virtual-environments.md""]",0
31866414574,Build Docs,success,cf7c4de68a33c735766d82cb471d1994e6376b7d,2026-08-15 05:13:25+00:00,pull_request,94968393453,build-docs (en),success,42.0,10,93,1217,63237,"[""docs/ru/docs/alternatives.md"", ""docs/ru/docs/environment-variables.md"", ""docs/ru/docs/fastapi-cli.md"", ""docs/ru/docs/features.md"", ""docs/ru/docs/help-fastapi.md"", ""docs/ru/docs/history-design-future.md"", ""docs/ru/docs/index.md"", ""docs/ru/docs/project-generation.md"", ""docs/ru/docs/python-types.md"", ""docs/ru/docs/virtual-environments.md""]",0
31866414574,Build Docs,success,cf7c4de68a33c735766d82cb471d1994e6376b7d,2026-08-15 05:13:25+00:00,pull_request,94968393457,build-docs (pt),success,30.0,10,93,1217,63237,"[""docs/ru/docs/alternatives.md"", ""docs/ru/docs/environment-variables.md"", ""docs/ru/docs/fastapi-cli.md"", ""docs/ru/docs/features.md"", ""docs/ru/docs/help-fastapi.md"", ""docs/ru/docs/history-design-future.md"", ""docs/ru/docs/index.md"", ""docs/ru/docs/project-generation.md"", ""docs/ru/docs/python-types.md"", ""docs/ru/docs/virtual-environments.md""]",0
31866414574,Build Docs,success,cf7c4de68a33c735766d82cb471d1994e6376b7d,2026-08-15 05:13:25+00:00,pull_request,94968393461,build-docs (hi),success,47.0,10,93,1217,63237,"[""docs/ru/docs/alternatives.md"", ""docs/ru/docs/environment-variables.md"", ""docs/ru/docs/fastapi-cli.md"", ""docs/ru/docs/features.md"", ""docs/ru/docs/help-fastapi.md"", ""docs/ru/docs/history-design-future.md"", ""docs/ru/docs/index.md"", ""docs/ru/docs/project-generation.md"", ""docs/ru/docs/python-types.md"", ""docs/ru/docs/virtual-environments.md""]",0
31866414574,Build Docs,success,cf7c4de68a33c735766d82cb471d1994e6376b7d,2026-08-15 05:13:25+00:00,pull_request,94968393464,build-docs (ko),success,35.0,10,93,1217,63237,"[""docs/ru/docs/alternatives.md"", ""docs/ru/docs/environment-variables.md"", ""docs/ru/docs/fastapi-cli.md"", ""docs/ru/docs/features.md"", ""docs/ru/docs/help-fastapi.md"", ""docs/ru/docs/history-design-future.md"", ""docs/ru/docs/index.md"", ""docs/ru/docs/project-generation.md"", ""docs/ru/docs/python-types.md"", ""docs/ru/docs/virtual-environments.md""]",0
31866414574,Build Docs,success,cf7c4de68a33c735766d82cb471d1994e6376b7d,2026-08-15 05:13:25+00:00,pull_request,94968393469,build-docs (zh),success,44.0,10,93,1217,63237,"[""docs/ru/docs/alternatives.md"", ""docs/ru/docs/environment-variables.md"", ""docs/ru/docs/fastapi-cli.md"", ""docs/ru/docs/features.md"", ""docs/ru/docs/help-fastapi.md"", ""docs/ru/docs/history-design-future.md"", ""docs/ru/docs/index.md"", ""docs/ru/docs/project-generation.md"", ""docs/ru/docs/python-types.md"", ""docs/ru/docs/virtual-environments.md""]",0
31866414574,Build Docs,success,cf7c4de68a33c735766d82cb471d1994e6376b7d,2026-08-15 05:13:25+00:00,pull_request,94968393470,build-docs (uk),success,31.0,10,93,1217,63237,"[""docs/ru/docs/alternatives.md"", ""docs/ru/docs/environment-variables.md"", ""docs/ru/docs/fastapi-cli.md"", ""docs/ru/docs/features.md"", ""docs/ru/docs/help-fastapi.md"", ""docs/ru/docs/history-design-future.md"", ""docs/ru/docs/index.md"", ""docs/ru/docs/project-generation.md"", ""docs/ru/docs/python-types.md"", ""docs/ru/docs/virtual-environments.md""]",0
31866414574,Build Docs,success,cf7c4de68a33c735766d82cb471d1994e6376b7d,2026-08-15 05:13:25+00:00,pull_request,94968393476,build-docs (es),success,42.0,10,93,1217,63237,"[""docs/ru/docs/alternatives.md"", ""docs/ru/docs/environment-variables.md"", ""docs/ru/docs/fastapi-cli.md"", ""docs/ru/docs/features.md"", ""docs/ru/docs/help-fastapi.md"", ""docs/ru/docs/history-design-future.md"", ""docs/ru/docs/index.md"", ""docs/ru/docs/project-generation.md"", ""docs/ru/docs/python-types.md"", ""docs/ru/docs/virtual-environments.md""]",0
31866414574,Build Docs,success,cf7c4de68a33c735766d82cb471d1994e6376b7d,2026-08-15 05:13:25+00:00,pull_request,94968393482,build-docs (fr),success,33.0,10,93,1217,63237,"[""docs/ru/docs/alternatives.md"", ""docs/ru/docs/environment-variables.md"", ""docs/ru/docs/fastapi-cli.md"", ""docs/ru/docs/features.md"", ""docs/ru/docs/help-fastapi.md"", ""docs/ru/docs/history-design-future.md"", ""docs/ru/docs/index.md"", ""docs/ru/docs/project-generation.md"", ""docs/ru/docs/python-types.md"", ""docs/ru/docs/virtual-environments.md""]",0
31866414574,Build Docs,success,cf7c4de68a33c735766d82cb471d1994e6376b7d,2026-08-15 05:13:25+00:00,pull_request,94968393494,build-docs (ja),success,38.0,10,93,1217,63237,"[""docs/ru/docs/alternatives.md"", ""docs/ru/docs/environment-variables.md"", ""docs/ru/docs/fastapi-cli.md"", ""docs/ru/docs/features.md"", ""docs/ru/docs/help-fastapi.md"", ""docs/ru/docs/history-design-future.md"", ""docs/ru/docs/index.md"", ""docs/ru/docs/project-generation.md"", ""docs/ru/docs/python-types.md"", ""docs/ru/docs/virtual-environments.md""]",0
31866414574,Build Docs,success,cf7c4de68a33c735766d82cb471d1994e6376b7d,2026-08-15 05:13:25+00:00,pull_request,94968393499,build-docs (ru),success,31.0,10,93,1217,63237,"[""docs/ru/docs/alternatives.md"", ""docs/ru/docs/environment-variables.md"", ""docs/ru/docs/fastapi-cli.md"", ""docs/ru/docs/features.md"", ""docs/ru/docs/help-fastapi.md"", ""docs/ru/docs/history-design-future.md"", ""docs/ru/docs/index.md"", ""docs/ru/docs/project-generation.md"", ""docs/ru/docs/python-types.md"", ""docs/ru/docs/virtual-environments.md""]",0
31866414574,Build Docs,success,cf7c4de68a33c735766d82cb471d1994e6376b7d,2026-08-15 05:13:25+00:00,pull_request,94968393550,build-docs (de),success,37.0,10,93,1217,63237,"[""docs/ru/docs/alternatives.md"", ""docs/ru/docs/environment-variables.md"", ""docs/ru/docs/fastapi-cli.md"", ""docs/ru/docs/features.md"", ""docs/ru/docs/help-fastapi.md"", ""docs/ru/docs/history-design-future.md"", ""docs/ru/docs/index.md"", ""docs/ru/docs/project-generation.md"", ""docs/ru/docs/python-types.md"", ""docs/ru/docs/virtual-environments.md""]",0
31866414574,Build Docs,success,cf7c4de68a33c735766d82cb471d1994e6376b7d,2026-08-15 05:13:25+00:00,pull_request,94968393593,build-docs (zh-hant),success,39.0,10,93,1217,63237,"[""docs/ru/docs/alternatives.md"", ""docs/ru/docs/environment-variables.md"", ""docs/ru/docs/fastapi-cli.md"", ""docs/ru/docs/features.md"", ""docs/ru/docs/help-fastapi.md"", ""docs/ru/docs/history-design-future.md"", ""docs/ru/docs/index.md"", ""docs/ru/docs/project-generation.md"", ""docs/ru/docs/python-types.md"", ""docs/ru/docs/virtual-environments.md""]",0
31866414574,Build Docs,success,cf7c4de68a33c735766d82cb471d1994e6376b7d,2026-08-15 05:13:25+00:00,pull_request,94968393596,build-docs (tr),success,51.0,10,93,1217,63237,"[""docs/ru/docs/alternatives.md"", ""docs/ru/docs/environment-variables.md"", ""docs/ru/docs/fastapi-cli.md"", ""docs/ru/docs/features.md"", ""docs/ru/docs/help-fastapi.md"", ""docs/ru/docs/history-design-future.md"", ""docs/ru/docs/index.md"", ""docs/ru/docs/project-generation.md"", ""docs/ru/docs/python-types.md"", ""docs/ru/docs/virtual-environments.md""]",0
31866414574,Build Docs,success,cf7c4de68a33c735766d82cb471d1994e6376b7d,2026-08-15 05:13:25+00:00,pull_request,94968968826,docs-all-green,success,5.0,10,93,1217,63237,"[""docs/ru/docs/alternatives.md"", ""docs/ru/docs/environment-variables.md"", ""docs/ru/docs/fastapi-cli.md"", ""docs/ru/docs/features.md"", ""docs/ru/docs/help-fastapi.md"", ""docs/ru/docs/history-design-future.md"", ""docs/ru/docs/index.md"", ""docs/ru/docs/project-generation.md"", ""docs/ru/docs/python-types.md"", ""docs/ru/docs/virtual-environments.md""]",0
31866414707,Build Docs,success,f8b827befd374b174e67841b86e5810ce3a7c3f0,2026-08-15 05:13:25+00:00,pull_request,94968119735,changes,success,7.0,10,73,1197,62939,"[""docs/de/docs/alternatives.md"", ""docs/de/docs/environment-variables.md"", ""docs/de/docs/fastapi-cli.md"", ""docs/de/docs/features.md"", ""docs/de/docs/help-fastapi.md"", ""docs/de/docs/history-design-future.md"", ""docs/de/docs/index.md"", ""docs/de/docs/project-generation.md"", ""docs/de/docs/python-types.md"", ""docs/de/docs/virtual-environments.md""]",0
31866414707,Build Docs,success,f8b827befd374b174e67841b86e5810ce3a7c3f0,2026-08-15 05:13:25+00:00,pull_request,94968140717,langs,success,18.0,10,73,1197,62939,"[""docs/de/docs/alternatives.md"", ""docs/de/docs/environment-variables.md"", ""docs/de/docs/fastapi-cli.md"", ""docs/de/docs/features.md"", ""docs/de/docs/help-fastapi.md"", ""docs/de/docs/history-design-future.md"", ""docs/de/docs/index.md"", ""docs/de/docs/project-generation.md"", ""docs/de/docs/python-types.md"", ""docs/de/docs/virtual-environments.md""]",0
31866414707,Build Docs,success,f8b827befd374b174e67841b86e5810ce3a7c3f0,2026-08-15 05:13:25+00:00,pull_request,94968308566,build-docs (hi),success,37.0,10,73,1197,62939,"[""docs/de/docs/alternatives.md"", ""docs/de/docs/environment-variables.md"", ""docs/de/docs/fastapi-cli.md"", ""docs/de/docs/features.md"", ""docs/de/docs/help-fastapi.md"", ""docs/de/docs/history-design-future.md"", ""docs/de/docs/index.md"", ""docs/de/docs/project-generation.md"", ""docs/de/docs/python-types.md"", ""docs/de/docs/virtual-environments.md""]",0
31866414707,Build Docs,success,f8b827befd374b174e67841b86e5810ce3a7c3f0,2026-08-15 05:13:25+00:00,pull_request,94968308567,build-docs (de),success,33.0,10,73,1197,62939,"[""docs/de/docs/alternatives.md"", ""docs/de/docs/environment-variables.md"", ""docs/de/docs/fastapi-cli.md"", ""docs/de/docs/features.md"", ""docs/de/docs/help-fastapi.md"", ""docs/de/docs/history-design-future.md"", ""docs/de/docs/index.md"", ""docs/de/docs/project-generation.md"", ""docs/de/docs/python-types.md"", ""docs/de/docs/virtual-environments.md""]",0
31866414707,Build Docs,success,f8b827befd374b174e67841b86e5810ce3a7c3f0,2026-08-15 05:13:25+00:00,pull_request,94968308571,build-docs (en),success,41.0,10,73,1197,62939,"[""docs/de/docs/alternatives.md"", ""docs/de/docs/environment-variables.md"", ""docs/de/docs/fastapi-cli.md"", ""docs/de/docs/features.md"", ""docs/de/docs/help-fastapi.md"", ""docs/de/docs/history-design-future.md"", ""docs/de/docs/index.md"", ""docs/de/docs/project-generation.md"", ""docs/de/docs/python-types.md"", ""docs/de/docs/virtual-environments.md""]",0
31866414707,Build Docs,success,f8b827befd374b174e67841b86e5810ce3a7c3f0,2026-08-15 05:13:25+00:00,pull_request,94968308574,build-docs (ja),success,38.0,10,73,1197,62939,"[""docs/de/docs/alternatives.md"", ""docs/de/docs/environment-variables.md"", ""docs/de/docs/fastapi-cli.md"", ""docs/de/docs/features.md"", ""docs/de/docs/help-fastapi.md"", ""docs/de/docs/history-design-future.md"", ""docs/de/docs/index.md"", ""docs/de/docs/project-generation.md"", ""docs/de/docs/python-types.md"", ""docs/de/docs/virtual-environments.md""]",0
31866414707,Build Docs,success,f8b827befd374b174e67841b86e5810ce3a7c3f0,2026-08-15 05:13:25+00:00,pull_request,94968308575,build-docs (fr),success,36.0,10,73,1197,62939,"[""docs/de/docs/alternatives.md"", ""docs/de/docs/environment-variables.md"", ""docs/de/docs/fastapi-cli.md"", ""docs/de/docs/features.md"", ""docs/de/docs/help-fastapi.md"", ""docs/de/docs/history-design-future.md"", ""docs/de/docs/index.md"", ""docs/de/docs/project-generation.md"", ""docs/de/docs/python-types.md"", ""docs/de/docs/virtual-environments.md""]",0
31866414707,Build Docs,success,f8b827befd374b174e67841b86e5810ce3a7c3f0,2026-08-15 05:13:25+00:00,pull_request,94968308578,build-docs (uk),success,38.0,10,73,1197,62939,"[""docs/de/docs/alternatives.md"", ""docs/de/docs/environment-variables.md"", ""docs/de/docs/fastapi-cli.md"", ""docs/de/docs/features.md"", ""docs/de/docs/help-fastapi.md"", ""docs/de/docs/history-design-future.md"", ""docs/de/docs/index.md"", ""docs/de/docs/project-generation.md"", ""docs/de/docs/python-types.md"", ""docs/de/docs/virtual-environments.md""]",0
31866414707,Build Docs,success,f8b827befd374b174e67841b86e5810ce3a7c3f0,2026-08-15 05:13:25+00:00,pull_request,94968308581,build-docs (ko),success,39.0,10,73,1197,62939,"[""docs/de/docs/alternatives.md"", ""docs/de/docs/environment-variables.md"", ""docs/de/docs/fastapi-cli.md"", ""docs/de/docs/features.md"", ""docs/de/docs/help-fastapi.md"", ""docs/de/docs/history-design-future.md"", ""docs/de/docs/index.md"", ""docs/de/docs/project-generation.md"", ""docs/de/docs/python-types.md"", ""docs/de/docs/virtual-environments.md""]",0
31866414707,Build Docs,success,f8b827befd374b174e67841b86e5810ce3a7c3f0,2026-08-15 05:13:25+00:00,pull_request,94968308594,build-docs (ru),success,36.0,10,73,1197,62939,"[""docs/de/docs/alternatives.md"", ""docs/de/docs/environment-variables.md"", ""docs/de/docs/fastapi-cli.md"", ""docs/de/docs/features.md"", ""docs/de/docs/help-fastapi.md"", ""docs/de/docs/history-design-future.md"", ""docs/de/docs/index.md"", ""docs/de/docs/project-generation.md"", ""docs/de/docs/python-types.md"", ""docs/de/docs/virtual-environments.md""]",0
31866414707,Build Docs,success,f8b827befd374b174e67841b86e5810ce3a7c3f0,2026-08-15 05:13:25+00:00,pull_request,94968308596,build-docs (zh),success,44.0,10,73,1197,62939,"[""docs/de/docs/alternatives.md"", ""docs/de/docs/environment-variables.md"", ""docs/de/docs/fastapi-cli.md"", ""docs/de/docs/features.md"", ""docs/de/docs/help-fastapi.md"", ""docs/de/docs/history-design-future.md"", ""docs/de/docs/index.md"", ""docs/de/docs/project-generation.md"", ""docs/de/docs/python-types.md"", ""docs/de/docs/virtual-environments.md""]",0
31866414707,Build Docs,success,f8b827befd374b174e67841b86e5810ce3a7c3f0,2026-08-15 05:13:25+00:00,pull_request,94968308610,build-docs (pt),success,38.0,10,73,1197,62939,"[""docs/de/docs/alternatives.md"", ""docs/de/docs/environment-variables.md"", ""docs/de/docs/fastapi-cli.md"", ""docs/de/docs/features.md"", ""docs/de/docs/help-fastapi.md"", ""docs/de/docs/history-design-future.md"", ""docs/de/docs/index.md"", ""docs/de/docs/project-generation.md"", ""docs/de/docs/python-types.md"", ""docs/de/docs/virtual-environments.md""]",0
31866414707,Build Docs,success,f8b827befd374b174e67841b86e5810ce3a7c3f0,2026-08-15 05:13:25+00:00,pull_request,94968308611,build-docs (tr),success,37.0,10,73,1197,62939,"[""docs/de/docs/alternatives.md"", ""docs/de/docs/environment-variables.md"", ""docs/de/docs/fastapi-cli.md"", ""docs/de/docs/features.md"", ""docs/de/docs/help-fastapi.md"", ""docs/de/docs/history-design-future.md"", ""docs/de/docs/index.md"", ""docs/de/docs/project-generation.md"", ""docs/de/docs/python-types.md"", ""docs/de/docs/virtual-environments.md""]",0
31866414707,Build Docs,success,f8b827befd374b174e67841b86e5810ce3a7c3f0,2026-08-15 05:13:25+00:00,pull_request,94968308614,build-docs (es),success,45.0,10,73,1197,62939,"[""docs/de/docs/alternatives.md"", ""docs/de/docs/environment-variables.md"", ""docs/de/docs/fastapi-cli.md"", ""docs/de/docs/features.md"", ""docs/de/docs/help-fastapi.md"", ""docs/de/docs/history-design-future.md"", ""docs/de/docs/index.md"", ""docs/de/docs/project-generation.md"", ""docs/de/docs/python-types.md"", ""docs/de/docs/virtual-environments.md""]",0
31866414707,Build Docs,success,f8b827befd374b174e67841b86e5810ce3a7c3f0,2026-08-15 05:13:25+00:00,pull_request,94968308617,build-docs (zh-hant),success,44.0,10,73,1197,62939,"[""docs/de/docs/alternatives.md"", ""docs/de/docs/environment-variables.md"", ""docs/de/docs/fastapi-cli.md"", ""docs/de/docs/features.md"", ""docs/de/docs/help-fastapi.md"", ""docs/de/docs/history-design-future.md"", ""docs/de/docs/index.md"", ""docs/de/docs/project-generation.md"", ""docs/de/docs/python-types.md"", ""docs/de/docs/virtual-environments.md""]",0
31866414707,Build Docs,success,f8b827befd374b174e67841b86e5810ce3a7c3f0,2026-08-15 05:13:25+00:00,pull_request,94969021446,docs-all-green,success,3.0,10,73,1197,62939,"[""docs/de/docs/alternatives.md"", ""docs/de/docs/environment-variables.md"", ""docs/de/docs/fastapi-cli.md"", ""docs/de/docs/features.md"", ""docs/de/docs/help-fastapi.md"", ""docs/de/docs/history-design-future.md"", ""docs/de/docs/index.md"", ""docs/de/docs/project-generation.md"", ""docs/de/docs/python-types.md"", ""docs/de/docs/virtual-environments.md""]",0
31866413461,Issue Manager,success,5b4baffb056a6495cba1316a30029a9d07b6406a,2026-08-15 05:13:24+00:00,pull_request_target,94968117089,issue-manager,success,28.0,10,73,1198,57405,"[""docs/tr/docs/alternatives.md"", ""docs/tr/docs/environment-variables.md"", ""docs/tr/docs/fastapi-cli.md"", ""docs/tr/docs/features.md"", ""docs/tr/docs/help-fastapi.md"", ""docs/tr/docs/history-design-future.md"", ""docs/tr/docs/index.md"", ""docs/tr/docs/project-generation.md"", ""docs/tr/docs/python-types.md"", ""docs/tr/docs/virtual-environments.md""]",0
31866413479,Notify Translations,success,5b4baffb056a6495cba1316a30029a9d07b6406a,2026-08-15 05:13:24+00:00,pull_request_target,94968117097,job,success,24.0,10,73,1198,57405,"[""docs/tr/docs/alternatives.md"", ""docs/tr/docs/environment-variables.md"", ""docs/tr/docs/fastapi-cli.md"", ""docs/tr/docs/features.md"", ""docs/tr/docs/help-fastapi.md"", ""docs/tr/docs/history-design-future.md"", ""docs/tr/docs/index.md"", ""docs/tr/docs/project-generation.md"", ""docs/tr/docs/python-types.md"", ""docs/tr/docs/virtual-environments.md""]",0
31866413643,PR #16210,success,cf7c4de68a33c735766d82cb471d1994e6376b7d,2026-08-15 05:13:24+00:00,dynamic,94968119209,Analyze (actions),success,40.0,10,93,1217,63237,"[""docs/ru/docs/alternatives.md"", ""docs/ru/docs/environment-variables.md"", ""docs/ru/docs/fastapi-cli.md"", ""docs/ru/docs/features.md"", ""docs/ru/docs/help-fastapi.md"", ""docs/ru/docs/history-design-future.md"", ""docs/ru/docs/index.md"", ""docs/ru/docs/project-generation.md"", ""docs/ru/docs/python-types.md"", ""docs/ru/docs/virtual-environments.md""]",0
31866413643,PR #16210,success,cf7c4de68a33c735766d82cb471d1994e6376b7d,2026-08-15 05:13:24+00:00,dynamic,94968119229,Analyze (python),success,58.0,10,93,1217,63237,"[""docs/ru/docs/alternatives.md"", ""docs/ru/docs/environment-variables.md"", ""docs/ru/docs/fastapi-cli.md"", ""docs/ru/docs/features.md"", ""docs/ru/docs/help-fastapi.md"", ""docs/ru/docs/history-design-future.md"", ""docs/ru/docs/index.md"", ""docs/ru/docs/project-generation.md"", ""docs/ru/docs/python-types.md"", ""docs/ru/docs/virtual-environments.md""]",0
31866413643,PR #16210,success,cf7c4de68a33c735766d82cb471d1994e6376b7d,2026-08-15 05:13:24+00:00,dynamic,94968119297,Analyze (javascript-typescript),success,52.0,10,93,1217,63237,"[""docs/ru/docs/alternatives.md"", ""docs/ru/docs/environment-variables.md"", ""docs/ru/docs/fastapi-cli.md"", ""docs/ru/docs/features.md"", ""docs/ru/docs/help-fastapi.md"", ""docs/ru/docs/history-design-future.md"", ""docs/ru/docs/index.md"", ""docs/ru/docs/project-generation.md"", ""docs/ru/docs/python-types.md"", ""docs/ru/docs/virtual-environments.md""]",0
31866412562,Conflict detector,success,cf7c4de68a33c735766d82cb471d1994e6376b7d,2026-08-15 05:13:23+00:00,push,94968115097,main,success,5.0,10,93,1217,63237,"[""docs/ru/docs/alternatives.md"", ""docs/ru/docs/environment-variables.md"", ""docs/ru/docs/fastapi-cli.md"", ""docs/ru/docs/features.md"", ""docs/ru/docs/help-fastapi.md"", ""docs/ru/docs/history-design-future.md"", ""docs/ru/docs/index.md"", ""docs/ru/docs/project-generation.md"", ""docs/ru/docs/python-types.md"", ""docs/ru/docs/virtual-environments.md""]",0
31866413229,PR #16209,success,f8b827befd374b174e67841b86e5810ce3a7c3f0,2026-08-15 05:13:23+00:00,dynamic,94968118094,Analyze (actions),success,40.0,10,73,1197,62939,"[""docs/de/docs/alternatives.md"", ""docs/de/docs/environment-variables.md"", ""docs/de/docs/fastapi-cli.md"", ""docs/de/docs/features.md"", ""docs/de/docs/help-fastapi.md"", ""docs/de/docs/history-design-future.md"", ""docs/de/docs/index.md"", ""docs/de/docs/project-generation.md"", ""docs/de/docs/python-types.md"", ""docs/de/docs/virtual-environments.md""]",0
31866413229,PR #16209,success,f8b827befd374b174e67841b86e5810ce3a7c3f0,2026-08-15 05:13:23+00:00,dynamic,94968118115,Analyze (javascript-typescript),success,56.0,10,73,1197,62939,"[""docs/de/docs/alternatives.md"", ""docs/de/docs/environment-variables.md"", ""docs/de/docs/fastapi-cli.md"", ""docs/de/docs/features.md"", ""docs/de/docs/help-fastapi.md"", ""docs/de/docs/history-design-future.md"", ""docs/de/docs/index.md"", ""docs/de/docs/project-generation.md"", ""docs/de/docs/python-types.md"", ""docs/de/docs/virtual-environments.md""]",0
31866413229,PR #16209,success,f8b827befd374b174e67841b86e5810ce3a7c3f0,2026-08-15 05:13:23+00:00,dynamic,94968118176,Analyze (python),success,52.0,10,73,1197,62939,"[""docs/de/docs/alternatives.md"", ""docs/de/docs/environment-variables.md"", ""docs/de/docs/fastapi-cli.md"", ""docs/de/docs/features.md"", ""docs/de/docs/help-fastapi.md"", ""docs/de/docs/history-design-future.md"", ""docs/de/docs/index.md"", ""docs/de/docs/project-generation.md"", ""docs/de/docs/python-types.md"", ""docs/de/docs/virtual-environments.md""]",0
31866411823,Zizmor,success,5b4baffb056a6495cba1316a30029a9d07b6406a,2026-08-15 05:13:22+00:00,pull_request,94968113190,Run zizmor,success,28.0,10,73,1198,57405,"[""docs/tr/docs/alternatives.md"", ""docs/tr/docs/environment-variables.md"", ""docs/tr/docs/fastapi-cli.md"", ""docs/tr/docs/features.md"", ""docs/tr/docs/help-fastapi.md"", ""docs/tr/docs/history-design-future.md"", ""docs/tr/docs/index.md"", ""docs/tr/docs/project-generation.md"", ""docs/tr/docs/python-types.md"", ""docs/tr/docs/virtual-environments.md""]",0
31866412343,Add to Project,success,4dbe72fcf52524b1894da959d49540941e6f3c76,2026-08-15 05:13:22+00:00,pull_request_target,94968114415,Add to project,success,3.0,10,70,1195,58445,"[""docs/uk/docs/alternatives.md"", ""docs/uk/docs/environment-variables.md"", ""docs/uk/docs/fastapi-cli.md"", ""docs/uk/docs/features.md"", ""docs/uk/docs/help-fastapi.md"", ""docs/uk/docs/history-design-future.md"", ""docs/uk/docs/index.md"", ""docs/uk/docs/project-generation.md"", ""docs/uk/docs/python-types.md"", ""docs/uk/docs/virtual-environments.md""]",0
31866412370,Zizmor,success,4dbe72fcf52524b1894da959d49540941e6f3c76,2026-08-15 05:13:22+00:00,pull_request,94968114419,Run zizmor,success,21.0,10,70,1195,58445,"[""docs/uk/docs/alternatives.md"", ""docs/uk/docs/environment-variables.md"", ""docs/uk/docs/fastapi-cli.md"", ""docs/uk/docs/features.md"", ""docs/uk/docs/help-fastapi.md"", ""docs/uk/docs/history-design-future.md"", ""docs/uk/docs/index.md"", ""docs/uk/docs/project-generation.md"", ""docs/uk/docs/python-types.md"", ""docs/uk/docs/virtual-environments.md""]",0
31866411819,Add to Project,success,5b4baffb056a6495cba1316a30029a9d07b6406a,2026-08-15 05:13:22+00:00,pull_request_target,94968113271,Add to project,success,5.0,10,73,1198,57405,"[""docs/tr/docs/alternatives.md"", ""docs/tr/docs/environment-variables.md"", ""docs/tr/docs/fastapi-cli.md"", ""docs/tr/docs/features.md"", ""docs/tr/docs/help-fastapi.md"", ""docs/tr/docs/history-design-future.md"", ""docs/tr/docs/index.md"", ""docs/tr/docs/project-generation.md"", ""docs/tr/docs/python-types.md"", ""docs/tr/docs/virtual-environments.md""]",0
31866412375,Conflict detector,success,f8b827befd374b174e67841b86e5810ce3a7c3f0,2026-08-15 05:13:22+00:00,push,94968114406,main,success,4.0,10,73,1197,62939,"[""docs/de/docs/alternatives.md"", ""docs/de/docs/environment-variables.md"", ""docs/de/docs/fastapi-cli.md"", ""docs/de/docs/features.md"", ""docs/de/docs/help-fastapi.md"", ""docs/de/docs/history-design-future.md"", ""docs/de/docs/index.md"", ""docs/de/docs/project-generation.md"", ""docs/de/docs/python-types.md"", ""docs/de/docs/virtual-environments.md""]",0
31866412348,Test Redistribute,success,4dbe72fcf52524b1894da959d49540941e6f3c76,2026-08-15 05:13:22+00:00,pull_request,94968114424,test-redistribute,success,57.0,10,70,1195,58445,"[""docs/uk/docs/alternatives.md"", ""docs/uk/docs/environment-variables.md"", ""docs/uk/docs/fastapi-cli.md"", ""docs/uk/docs/features.md"", ""docs/uk/docs/help-fastapi.md"", ""docs/uk/docs/history-design-future.md"", ""docs/uk/docs/index.md"", ""docs/uk/docs/project-generation.md"", ""docs/uk/docs/python-types.md"", ""docs/uk/docs/virtual-environments.md""]",0
31866412348,Test Redistribute,success,4dbe72fcf52524b1894da959d49540941e6f3c76,2026-08-15 05:13:22+00:00,pull_request,94968252267,test-redistribute-alls-green,success,4.0,10,70,1195,58445,"[""docs/uk/docs/alternatives.md"", ""docs/uk/docs/environment-variables.md"", ""docs/uk/docs/fastapi-cli.md"", ""docs/uk/docs/features.md"", ""docs/uk/docs/help-fastapi.md"", ""docs/uk/docs/history-design-future.md"", ""docs/uk/docs/index.md"", ""docs/uk/docs/project-generation.md"", ""docs/uk/docs/python-types.md"", ""docs/uk/docs/virtual-environments.md""]",0
31866411868,Test,success,5b4baffb056a6495cba1316a30029a9d07b6406a,2026-08-15 05:13:22+00:00,pull_request,94968113444,regression-test,success,12.0,10,73,1198,57405,"[""docs/tr/docs/alternatives.md"", ""docs/tr/docs/environment-variables.md"", ""docs/tr/docs/fastapi-cli.md"", ""docs/tr/docs/features.md"", ""docs/tr/docs/help-fastapi.md"", ""docs/tr/docs/history-design-future.md"", ""docs/tr/docs/index.md"", ""docs/tr/docs/project-generation.md"", ""docs/tr/docs/python-types.md"", ""docs/tr/docs/virtual-environments.md""]",0
31866411868,Test,success,5b4baffb056a6495cba1316a30029a9d07b6406a,2026-08-15 05:13:22+00:00,pull_request,94968113557,changes,success,9.0,10,73,1198,57405,"[""docs/tr/docs/alternatives.md"", ""docs/tr/docs/environment-variables.md"", ""docs/tr/docs/fastapi-cli.md"", ""docs/tr/docs/features.md"", ""docs/tr/docs/help-fastapi.md"", ""docs/tr/docs/history-design-future.md"", ""docs/tr/docs/index.md"", ""docs/tr/docs/project-generation.md"", ""docs/tr/docs/python-types.md"", ""docs/tr/docs/virtual-environments.md""]",0
31866411868,Test,success,5b4baffb056a6495cba1316a30029a9d07b6406a,2026-08-15 05:13:22+00:00,pull_request,94968377997,test-alls-green,success,3.0,10,73,1198,57405,"[""docs/tr/docs/alternatives.md"", ""docs/tr/docs/environment-variables.md"", ""docs/tr/docs/fastapi-cli.md"", ""docs/tr/docs/features.md"", ""docs/tr/docs/help-fastapi.md"", ""docs/tr/docs/history-design-future.md"", ""docs/tr/docs/index.md"", ""docs/tr/docs/project-generation.md"", ""docs/tr/docs/python-types.md"", ""docs/tr/docs/virtual-environments.md""]",0
31866412345,Test,success,4dbe72fcf52524b1894da959d49540941e6f3c76,2026-08-15 05:13:22+00:00,pull_request,94968114382,changes,success,7.0,10,70,1195,58445,"[""docs/uk/docs/alternatives.md"", ""docs/uk/docs/environment-variables.md"", ""docs/uk/docs/fastapi-cli.md"", ""docs/uk/docs/features.md"", ""docs/uk/docs/help-fastapi.md"", ""docs/uk/docs/history-design-future.md"", ""docs/uk/docs/index.md"", ""docs/uk/docs/project-generation.md"", ""docs/uk/docs/python-types.md"", ""docs/uk/docs/virtual-environments.md""]",0
31866412345,Test,success,4dbe72fcf52524b1894da959d49540941e6f3c76,2026-08-15 05:13:22+00:00,pull_request,94968114402,regression-test,success,10.0,10,70,1195,58445,"[""docs/uk/docs/alternatives.md"", ""docs/uk/docs/environment-variables.md"", ""docs/uk/docs/fastapi-cli.md"", ""docs/uk/docs/features.md"", ""docs/uk/docs/help-fastapi.md"", ""docs/uk/docs/history-design-future.md"", ""docs/uk/docs/index.md"", ""docs/uk/docs/project-generation.md"", ""docs/uk/docs/python-types.md"", ""docs/uk/docs/virtual-environments.md""]",0
31866412345,Test,success,4dbe72fcf52524b1894da959d49540941e6f3c76,2026-08-15 05:13:22+00:00,pull_request,94968437880,test-alls-green,success,5.0,10,70,1195,58445,"[""docs/uk/docs/alternatives.md"", ""docs/uk/docs/environment-variables.md"", ""docs/uk/docs/fastapi-cli.md"", ""docs/uk/docs/features.md"", ""docs/uk/docs/help-fastapi.md"", ""docs/uk/docs/history-design-future.md"", ""docs/uk/docs/index.md"", ""docs/uk/docs/project-generation.md"", ""docs/uk/docs/python-types.md"", ""docs/uk/docs/virtual-environments.md""]",0
31866412350,pre-commit,success,4dbe72fcf52524b1894da959d49540941e6f3c76,2026-08-15 05:13:22+00:00,pull_request,94968114483,pre-commit,success,38.0,10,70,1195,58445,"[""docs/uk/docs/alternatives.md"", ""docs/uk/docs/environment-variables.md"", ""docs/uk/docs/fastapi-cli.md"", ""docs/uk/docs/features.md"", ""docs/uk/docs/help-fastapi.md"", ""docs/uk/docs/history-design-future.md"", ""docs/uk/docs/index.md"", ""docs/uk/docs/project-generation.md"", ""docs/uk/docs/python-types.md"", ""docs/uk/docs/virtual-environments.md""]",0
31866412350,pre-commit,success,4dbe72fcf52524b1894da959d49540941e6f3c76,2026-08-15 05:13:22+00:00,pull_request,94968254836,pre-commit-alls-green,success,6.0,10,70,1195,58445,"[""docs/uk/docs/alternatives.md"", ""docs/uk/docs/environment-variables.md"", ""docs/uk/docs/fastapi-cli.md"", ""docs/uk/docs/features.md"", ""docs/uk/docs/help-fastapi.md"", ""docs/uk/docs/history-design-future.md"", ""docs/uk/docs/index.md"", ""docs/uk/docs/project-generation.md"", ""docs/uk/docs/python-types.md"", ""docs/uk/docs/virtual-environments.md""]",0
31866411881,pre-commit,success,5b4baffb056a6495cba1316a30029a9d07b6406a,2026-08-15 05:13:22+00:00,pull_request,94968113479,pre-commit,success,45.0,10,73,1198,57405,"[""docs/tr/docs/alternatives.md"", ""docs/tr/docs/environment-variables.md"", ""docs/tr/docs/fastapi-cli.md"", ""docs/tr/docs/features.md"", ""docs/tr/docs/help-fastapi.md"", ""docs/tr/docs/history-design-future.md"", ""docs/tr/docs/index.md"", ""docs/tr/docs/project-generation.md"", ""docs/tr/docs/python-types.md"", ""docs/tr/docs/virtual-environments.md""]",0
31866411881,pre-commit,success,5b4baffb056a6495cba1316a30029a9d07b6406a,2026-08-15 05:13:22+00:00,pull_request,94968467609,pre-commit-alls-green,success,8.0,10,73,1198,57405,"[""docs/tr/docs/alternatives.md"", ""docs/tr/docs/environment-variables.md"", ""docs/tr/docs/fastapi-cli.md"", ""docs/tr/docs/features.md"", ""docs/tr/docs/help-fastapi.md"", ""docs/tr/docs/history-design-future.md"", ""docs/tr/docs/index.md"", ""docs/tr/docs/project-generation.md"", ""docs/tr/docs/python-types.md"", ""docs/tr/docs/virtual-environments.md""]",0
31866411829,Test Redistribute,success,5b4baffb056a6495cba1316a30029a9d07b6406a,2026-08-15 05:13:22+00:00,pull_request,94968113310,test-redistribute,success,60.0,10,73,1198,57405,"[""docs/tr/docs/alternatives.md"", ""docs/tr/docs/environment-variables.md"", ""docs/tr/docs/fastapi-cli.md"", ""docs/tr/docs/features.md"", ""docs/tr/docs/help-fastapi.md"", ""docs/tr/docs/history-design-future.md"", ""docs/tr/docs/index.md"", ""docs/tr/docs/project-generation.md"", ""docs/tr/docs/python-types.md"", ""docs/tr/docs/virtual-environments.md""]",0
31866411829,Test Redistribute,success,5b4baffb056a6495cba1316a30029a9d07b6406a,2026-08-15 05:13:22+00:00,pull_request,94968454158,test-redistribute-alls-green,success,3.0,10,73,1198,57405,"[""docs/tr/docs/alternatives.md"", ""docs/tr/docs/environment-variables.md"", ""docs/tr/docs/fastapi-cli.md"", ""docs/tr/docs/features.md"", ""docs/tr/docs/help-fastapi.md"", ""docs/tr/docs/history-design-future.md"", ""docs/tr/docs/index.md"", ""docs/tr/docs/project-generation.md"", ""docs/tr/docs/python-types.md"", ""docs/tr/docs/virtual-environments.md""]",0
31866411826,Build Docs,success,5b4baffb056a6495cba1316a30029a9d07b6406a,2026-08-15 05:13:22+00:00,pull_request,94968113288,changes,success,6.0,10,73,1198,57405,"[""docs/tr/docs/alternatives.md"", ""docs/tr/docs/environment-variables.md"", ""docs/tr/docs/fastapi-cli.md"", ""docs/tr/docs/features.md"", ""docs/tr/docs/help-fastapi.md"", ""docs/tr/docs/history-design-future.md"", ""docs/tr/docs/index.md"", ""docs/tr/docs/project-generation.md"", ""docs/tr/docs/python-types.md"", ""docs/tr/docs/virtual-environments.md""]",0
31866411826,Build Docs,success,5b4baffb056a6495cba1316a30029a9d07b6406a,2026-08-15 05:13:22+00:00,pull_request,94968352036,langs,success,13.0,10,73,1198,57405,"[""docs/tr/docs/alternatives.md"", ""docs/tr/docs/environment-variables.md"", ""docs/tr/docs/fastapi-cli.md"", ""docs/tr/docs/features.md"", ""docs/tr/docs/help-fastapi.md"", ""docs/tr/docs/history-design-future.md"", ""docs/tr/docs/index.md"", ""docs/tr/docs/project-generation.md"", ""docs/tr/docs/python-types.md"", ""docs/tr/docs/virtual-environments.md""]",0
31866411826,Build Docs,success,5b4baffb056a6495cba1316a30029a9d07b6406a,2026-08-15 05:13:22+00:00,pull_request,94968652261,build-docs (hi),success,36.0,10,73,1198,57405,"[""docs/tr/docs/alternatives.md"", ""docs/tr/docs/environment-variables.md"", ""docs/tr/docs/fastapi-cli.md"", ""docs/tr/docs/features.md"", ""docs/tr/docs/help-fastapi.md"", ""docs/tr/docs/history-design-future.md"", ""docs/tr/docs/index.md"", ""docs/tr/docs/project-generation.md"", ""docs/tr/docs/python-types.md"", ""docs/tr/docs/virtual-environments.md""]",0
31866411826,Build Docs,success,5b4baffb056a6495cba1316a30029a9d07b6406a,2026-08-15 05:13:22+00:00,pull_request,94968652262,build-docs (es),success,44.0,10,73,1198,57405,"[""docs/tr/docs/alternatives.md"", ""docs/tr/docs/environment-variables.md"", ""docs/tr/docs/fastapi-cli.md"", ""docs/tr/docs/features.md"", ""docs/tr/docs/help-fastapi.md"", ""docs/tr/docs/history-design-future.md"", ""docs/tr/docs/index.md"", ""docs/tr/docs/project-generation.md"", ""docs/tr/docs/python-types.md"", ""docs/tr/docs/virtual-environments.md""]",0
31866411826,Build Docs,success,5b4baffb056a6495cba1316a30029a9d07b6406a,2026-08-15 05:13:22+00:00,pull_request,94968652271,build-docs (en),success,36.0,10,73,1198,57405,"[""docs/tr/docs/alternatives.md"", ""docs/tr/docs/environment-variables.md"", ""docs/tr/docs/fastapi-cli.md"", ""docs/tr/docs/features.md"", ""docs/tr/docs/help-fastapi.md"", ""docs/tr/docs/history-design-future.md"", ""docs/tr/docs/index.md"", ""docs/tr/docs/project-generation.md"", ""docs/tr/docs/python-types.md"", ""docs/tr/docs/virtual-environments.md""]",0
31866411826,Build Docs,success,5b4baffb056a6495cba1316a30029a9d07b6406a,2026-08-15 05:13:22+00:00,pull_request,94968652280,build-docs (fr),success,38.0,10,73,1198,57405,"[""docs/tr/docs/alternatives.md"", ""docs/tr/docs/environment-variables.md"", ""docs/tr/docs/fastapi-cli.md"", ""docs/tr/docs/features.md"", ""docs/tr/docs/help-fastapi.md"", ""docs/tr/docs/history-design-future.md"", ""docs/tr/docs/index.md"", ""docs/tr/docs/project-generation.md"", ""docs/tr/docs/python-types.md"", ""docs/tr/docs/virtual-environments.md""]",0
31866411826,Build Docs,success,5b4baffb056a6495cba1316a30029a9d07b6406a,2026-08-15 05:13:22+00:00,pull_request,94968652310,build-docs (ko),success,34.0,10,73,1198,57405,"[""docs/tr/docs/alternatives.md"", ""docs/tr/docs/environment-variables.md"", ""docs/tr/docs/fastapi-cli.md"", ""docs/tr/docs/features.md"", ""docs/tr/docs/help-fastapi.md"", ""docs/tr/docs/history-design-future.md"", ""docs/tr/docs/index.md"", ""docs/tr/docs/project-generation.md"", ""docs/tr/docs/python-types.md"", ""docs/tr/docs/virtual-environments.md""]",0
31866411826,Build Docs,success,5b4baffb056a6495cba1316a30029a9d07b6406a,2026-08-15 05:13:22+00:00,pull_request,94968652311,build-docs (uk),success,39.0,10,73,1198,57405,"[""docs/tr/docs/alternatives.md"", ""docs/tr/docs/environment-variables.md"", ""docs/tr/docs/fastapi-cli.md"", ""docs/tr/docs/features.md"", ""docs/tr/docs/help-fastapi.md"", ""docs/tr/docs/history-design-future.md"", ""docs/tr/docs/index.md"", ""docs/tr/docs/project-generation.md"", ""docs/tr/docs/python-types.md"", ""docs/tr/docs/virtual-environments.md""]",0
31866411826,Build Docs,success,5b4baffb056a6495cba1316a30029a9d07b6406a,2026-08-15 05:13:22+00:00,pull_request,94968652313,build-docs (ru),success,34.0,10,73,1198,57405,"[""docs/tr/docs/alternatives.md"", ""docs/tr/docs/environment-variables.md"", ""docs/tr/docs/fastapi-cli.md"", ""docs/tr/docs/features.md"", ""docs/tr/docs/help-fastapi.md"", ""docs/tr/docs/history-design-future.md"", ""docs/tr/docs/index.md"", ""docs/tr/docs/project-generation.md"", ""docs/tr/docs/python-types.md"", ""docs/tr/docs/virtual-environments.md""]",0
31866411826,Build Docs,success,5b4baffb056a6495cba1316a30029a9d07b6406a,2026-08-15 05:13:22+00:00,pull_request,94968652327,build-docs (pt),success,45.0,10,73,1198,57405,"[""docs/tr/docs/alternatives.md"", ""docs/tr/docs/environment-variables.md"", ""docs/tr/docs/fastapi-cli.md"", ""docs/tr/docs/features.md"", ""docs/tr/docs/help-fastapi.md"", ""docs/tr/docs/history-design-future.md"", ""docs/tr/docs/index.md"", ""docs/tr/docs/project-generation.md"", ""docs/tr/docs/python-types.md"", ""docs/tr/docs/virtual-environments.md""]",0
31866411826,Build Docs,success,5b4baffb056a6495cba1316a30029a9d07b6406a,2026-08-15 05:13:22+00:00,pull_request,94968652328,build-docs (tr),success,44.0,10,73,1198,57405,"[""docs/tr/docs/alternatives.md"", ""docs/tr/docs/environment-variables.md"", ""docs/tr/docs/fastapi-cli.md"", ""docs/tr/docs/features.md"", ""docs/tr/docs/help-fastapi.md"", ""docs/tr/docs/history-design-future.md"", ""docs/tr/docs/index.md"", ""docs/tr/docs/project-generation.md"", ""docs/tr/docs/python-types.md"", ""docs/tr/docs/virtual-environments.md""]",0
31866411826,Build Docs,success,5b4baffb056a6495cba1316a30029a9d07b6406a,2026-08-15 05:13:22+00:00,pull_request,94968652329,build-docs (ja),success,38.0,10,73,1198,57405,"[""docs/tr/docs/alternatives.md"", ""docs/tr/docs/environment-variables.md"", ""docs/tr/docs/fastapi-cli.md"", ""docs/tr/docs/features.md"", ""docs/tr/docs/help-fastapi.md"", ""docs/tr/docs/history-design-future.md"", ""docs/tr/docs/index.md"", ""docs/tr/docs/project-generation.md"", ""docs/tr/docs/python-types.md"", ""docs/tr/docs/virtual-environments.md""]",0
31866411826,Build Docs,success,5b4baffb056a6495cba1316a30029a9d07b6406a,2026-08-15 05:13:22+00:00,pull_request,94968652341,build-docs (zh-hant),success,38.0,10,73,1198,57405,"[""docs/tr/docs/alternatives.md"", ""docs/tr/docs/environment-variables.md"", ""docs/tr/docs/fastapi-cli.md"", ""docs/tr/docs/features.md"", ""docs/tr/docs/help-fastapi.md"", ""docs/tr/docs/history-design-future.md"", ""docs/tr/docs/index.md"", ""docs/tr/docs/project-generation.md"", ""docs/tr/docs/python-types.md"", ""docs/tr/docs/virtual-environments.md""]",0
31866411826,Build Docs,success,5b4baffb056a6495cba1316a30029a9d07b6406a,2026-08-15 05:13:22+00:00,pull_request,94968652350,build-docs (zh),success,38.0,10,73,1198,57405,"[""docs/tr/docs/alternatives.md"", ""docs/tr/docs/environment-variables.md"", ""docs/tr/docs/fastapi-cli.md"", ""docs/tr/docs/features.md"", ""docs/tr/docs/help-fastapi.md"", ""docs/tr/docs/history-design-future.md"", ""docs/tr/docs/index.md"", ""docs/tr/docs/project-generation.md"", ""docs/tr/docs/python-types.md"", ""docs/tr/docs/virtual-environments.md""]",0
31866411826,Build Docs,success,5b4baffb056a6495cba1316a30029a9d07b6406a,2026-08-15 05:13:22+00:00,pull_request,94968652401,build-docs (de),success,40.0,10,73,1198,57405,"[""docs/tr/docs/alternatives.md"", ""docs/tr/docs/environment-variables.md"", ""docs/tr/docs/fastapi-cli.md"", ""docs/tr/docs/features.md"", ""docs/tr/docs/help-fastapi.md"", ""docs/tr/docs/history-design-future.md"", ""docs/tr/docs/index.md"", ""docs/tr/docs/project-generation.md"", ""docs/tr/docs/python-types.md"", ""docs/tr/docs/virtual-environments.md""]",0
31866411826,Build Docs,success,5b4baffb056a6495cba1316a30029a9d07b6406a,2026-08-15 05:13:22+00:00,pull_request,94969111941,docs-all-green,success,2.0,10,73,1198,57405,"[""docs/tr/docs/alternatives.md"", ""docs/tr/docs/environment-variables.md"", ""docs/tr/docs/fastapi-cli.md"", ""docs/tr/docs/features.md"", ""docs/tr/docs/help-fastapi.md"", ""docs/tr/docs/history-design-future.md"", ""docs/tr/docs/index.md"", ""docs/tr/docs/project-generation.md"", ""docs/tr/docs/python-types.md"", ""docs/tr/docs/virtual-environments.md""]",0
31866412344,Build Docs,success,4dbe72fcf52524b1894da959d49540941e6f3c76,2026-08-15 05:13:22+00:00,pull_request,94968114585,changes,success,7.0,10,70,1195,58445,"[""docs/uk/docs/alternatives.md"", ""docs/uk/docs/environment-variables.md"", ""docs/uk/docs/fastapi-cli.md"", ""docs/uk/docs/features.md"", ""docs/uk/docs/help-fastapi.md"", ""docs/uk/docs/history-design-future.md"", ""docs/uk/docs/index.md"", ""docs/uk/docs/project-generation.md"", ""docs/uk/docs/python-types.md"", ""docs/uk/docs/virtual-environments.md""]",0
31866412344,Build Docs,success,4dbe72fcf52524b1894da959d49540941e6f3c76,2026-08-15 05:13:22+00:00,pull_request,94968406540,langs,success,16.0,10,70,1195,58445,"[""docs/uk/docs/alternatives.md"", ""docs/uk/docs/environment-variables.md"", ""docs/uk/docs/fastapi-cli.md"", ""docs/uk/docs/features.md"", ""docs/uk/docs/help-fastapi.md"", ""docs/uk/docs/history-design-future.md"", ""docs/uk/docs/index.md"", ""docs/uk/docs/project-generation.md"", ""docs/uk/docs/python-types.md"", ""docs/uk/docs/virtual-environments.md""]",0
31866412344,Build Docs,success,4dbe72fcf52524b1894da959d49540941e6f3c76,2026-08-15 05:13:22+00:00,pull_request,94968597730,build-docs (en),success,40.0,10,70,1195,58445,"[""docs/uk/docs/alternatives.md"", ""docs/uk/docs/environment-variables.md"", ""docs/uk/docs/fastapi-cli.md"", ""docs/uk/docs/features.md"", ""docs/uk/docs/help-fastapi.md"", ""docs/uk/docs/history-design-future.md"", ""docs/uk/docs/index.md"", ""docs/uk/docs/project-generation.md"", ""docs/uk/docs/python-types.md"", ""docs/uk/docs/virtual-environments.md""]",0
31866412344,Build Docs,success,4dbe72fcf52524b1894da959d49540941e6f3c76,2026-08-15 05:13:22+00:00,pull_request,94968597742,build-docs (ja),success,39.0,10,70,1195,58445,"[""docs/uk/docs/alternatives.md"", ""docs/uk/docs/environment-variables.md"", ""docs/uk/docs/fastapi-cli.md"", ""docs/uk/docs/features.md"", ""docs/uk/docs/help-fastapi.md"", ""docs/uk/docs/history-design-future.md"", ""docs/uk/docs/index.md"", ""docs/uk/docs/project-generation.md"", ""docs/uk/docs/python-types.md"", ""docs/uk/docs/virtual-environments.md""]",0
31866412344,Build Docs,success,4dbe72fcf52524b1894da959d49540941e6f3c76,2026-08-15 05:13:22+00:00,pull_request,94968597761,build-docs (de),success,46.0,10,70,1195,58445,"[""docs/uk/docs/alternatives.md"", ""docs/uk/docs/environment-variables.md"", ""docs/uk/docs/fastapi-cli.md"", ""docs/uk/docs/features.md"", ""docs/uk/docs/help-fastapi.md"", ""docs/uk/docs/history-design-future.md"", ""docs/uk/docs/index.md"", ""docs/uk/docs/project-generation.md"", ""docs/uk/docs/python-types.md"", ""docs/uk/docs/virtual-environments.md""]",0
31866412344,Build Docs,success,4dbe72fcf52524b1894da959d49540941e6f3c76,2026-08-15 05:13:22+00:00,pull_request,94968597770,build-docs (zh),success,37.0,10,70,1195,58445,"[""docs/uk/docs/alternatives.md"", ""docs/uk/docs/environment-variables.md"", ""docs/uk/docs/fastapi-cli.md"", ""docs/uk/docs/features.md"", ""docs/uk/docs/help-fastapi.md"", ""docs/uk/docs/history-design-future.md"", ""docs/uk/docs/index.md"", ""docs/uk/docs/project-generation.md"", ""docs/uk/docs/python-types.md"", ""docs/uk/docs/virtual-environments.md""]",0
31866412344,Build Docs,success,4dbe72fcf52524b1894da959d49540941e6f3c76,2026-08-15 05:13:22+00:00,pull_request,94968597774,build-docs (ru),success,45.0,10,70,1195,58445,"[""docs/uk/docs/alternatives.md"", ""docs/uk/docs/environment-variables.md"", ""docs/uk/docs/fastapi-cli.md"", ""docs/uk/docs/features.md"", ""docs/uk/docs/help-fastapi.md"", ""docs/uk/docs/history-design-future.md"", ""docs/uk/docs/index.md"", ""docs/uk/docs/project-generation.md"", ""docs/uk/docs/python-types.md"", ""docs/uk/docs/virtual-environments.md""]",0
31866412344,Build Docs,success,4dbe72fcf52524b1894da959d49540941e6f3c76,2026-08-15 05:13:22+00:00,pull_request,94968597782,build-docs (es),success,39.0,10,70,1195,58445,"[""docs/uk/docs/alternatives.md"", ""docs/uk/docs/environment-variables.md"", ""docs/uk/docs/fastapi-cli.md"", ""docs/uk/docs/features.md"", ""docs/uk/docs/help-fastapi.md"", ""docs/uk/docs/history-design-future.md"", ""docs/uk/docs/index.md"", ""docs/uk/docs/project-generation.md"", ""docs/uk/docs/python-types.md"", ""docs/uk/docs/virtual-environments.md""]",0
31866412344,Build Docs,success,4dbe72fcf52524b1894da959d49540941e6f3c76,2026-08-15 05:13:22+00:00,pull_request,94968597783,build-docs (uk),success,42.0,10,70,1195,58445,"[""docs/uk/docs/alternatives.md"", ""docs/uk/docs/environment-variables.md"", ""docs/uk/docs/fastapi-cli.md"", ""docs/uk/docs/features.md"", ""docs/uk/docs/help-fastapi.md"", ""docs/uk/docs/history-design-future.md"", ""docs/uk/docs/index.md"", ""docs/uk/docs/project-generation.md"", ""docs/uk/docs/python-types.md"", ""docs/uk/docs/virtual-environments.md""]",0
31866412344,Build Docs,success,4dbe72fcf52524b1894da959d49540941e6f3c76,2026-08-15 05:13:22+00:00,pull_request,94968597784,build-docs (tr),success,39.0,10,70,1195,58445,"[""docs/uk/docs/alternatives.md"", ""docs/uk/docs/environment-variables.md"", ""docs/uk/docs/fastapi-cli.md"", ""docs/uk/docs/features.md"", ""docs/uk/docs/help-fastapi.md"", ""docs/uk/docs/history-design-future.md"", ""docs/uk/docs/index.md"", ""docs/uk/docs/project-generation.md"", ""docs/uk/docs/python-types.md"", ""docs/uk/docs/virtual-environments.md""]",0
31866412344,Build Docs,success,4dbe72fcf52524b1894da959d49540941e6f3c76,2026-08-15 05:13:22+00:00,pull_request,94968597816,build-docs (hi),success,39.0,10,70,1195,58445,"[""docs/uk/docs/alternatives.md"", ""docs/uk/docs/environment-variables.md"", ""docs/uk/docs/fastapi-cli.md"", ""docs/uk/docs/features.md"", ""docs/uk/docs/help-fastapi.md"", ""docs/uk/docs/history-design-future.md"", ""docs/uk/docs/index.md"", ""docs/uk/docs/project-generation.md"", ""docs/uk/docs/python-types.md"", ""docs/uk/docs/virtual-environments.md""]",0
31866412344,Build Docs,success,4dbe72fcf52524b1894da959d49540941e6f3c76,2026-08-15 05:13:22+00:00,pull_request,94968597819,build-docs (fr),success,34.0,10,70,1195,58445,"[""docs/uk/docs/alternatives.md"", ""docs/uk/docs/environment-variables.md"", ""docs/uk/docs/fastapi-cli.md"", ""docs/uk/docs/features.md"", ""docs/uk/docs/help-fastapi.md"", ""docs/uk/docs/history-design-future.md"", ""docs/uk/docs/index.md"", ""docs/uk/docs/project-generation.md"", ""docs/uk/docs/python-types.md"", ""docs/uk/docs/virtual-environments.md""]",0
31866412344,Build Docs,success,4dbe72fcf52524b1894da959d49540941e6f3c76,2026-08-15 05:13:22+00:00,pull_request,94968597830,build-docs (pt),success,44.0,10,70,1195,58445,"[""docs/uk/docs/alternatives.md"", ""docs/uk/docs/environment-variables.md"", ""docs/uk/docs/fastapi-cli.md"", ""docs/uk/docs/features.md"", ""docs/uk/docs/help-fastapi.md"", ""docs/uk/docs/history-design-future.md"", ""docs/uk/docs/index.md"", ""docs/uk/docs/project-generation.md"", ""docs/uk/docs/python-types.md"", ""docs/uk/docs/virtual-environments.md""]",0
31866412344,Build Docs,success,4dbe72fcf52524b1894da959d49540941e6f3c76,2026-08-15 05:13:22+00:00,pull_request,94968597832,build-docs (ko),success,46.0,10,70,1195,58445,"[""docs/uk/docs/alternatives.md"", ""docs/uk/docs/environment-variables.md"", ""docs/uk/docs/fastapi-cli.md"", ""docs/uk/docs/features.md"", ""docs/uk/docs/help-fastapi.md"", ""docs/uk/docs/history-design-future.md"", ""docs/uk/docs/index.md"", ""docs/uk/docs/project-generation.md"", ""docs/uk/docs/python-types.md"", ""docs/uk/docs/virtual-environments.md""]",0
31866412344,Build Docs,success,4dbe72fcf52524b1894da959d49540941e6f3c76,2026-08-15 05:13:22+00:00,pull_request,94968597848,build-docs (zh-hant),success,45.0,10,70,1195,58445,"[""docs/uk/docs/alternatives.md"", ""docs/uk/docs/environment-variables.md"", ""docs/uk/docs/fastapi-cli.md"", ""docs/uk/docs/features.md"", ""docs/uk/docs/help-fastapi.md"", ""docs/uk/docs/history-design-future.md"", ""docs/uk/docs/index.md"", ""docs/uk/docs/project-generation.md"", ""docs/uk/docs/python-types.md"", ""docs/uk/docs/virtual-environments.md""]",0
31866412344,Build Docs,success,4dbe72fcf52524b1894da959d49540941e6f3c76,2026-08-15 05:13:22+00:00,pull_request,94969125868,docs-all-green,success,4.0,10,70,1195,58445,"[""docs/uk/docs/alternatives.md"", ""docs/uk/docs/environment-variables.md"", ""docs/uk/docs/fastapi-cli.md"", ""docs/uk/docs/features.md"", ""docs/uk/docs/help-fastapi.md"", ""docs/uk/docs/history-design-future.md"", ""docs/uk/docs/index.md"", ""docs/uk/docs/project-generation.md"", ""docs/uk/docs/python-types.md"", ""docs/uk/docs/virtual-environments.md""]",0
31866410325,Conflict detector,success,4dbe72fcf52524b1894da959d49540941e6f3c76,2026-08-15 05:13:20+00:00,push,94968109840,main,success,4.0,10,70,1195,58445,"[""docs/uk/docs/alternatives.md"", ""docs/uk/docs/environment-variables.md"", ""docs/uk/docs/fastapi-cli.md"", ""docs/uk/docs/features.md"", ""docs/uk/docs/help-fastapi.md"", ""docs/uk/docs/history-design-future.md"", ""docs/uk/docs/index.md"", ""docs/uk/docs/project-generation.md"", ""docs/uk/docs/python-types.md"", ""docs/uk/docs/virtual-environments.md""]",0
31866410639,PR #16208,success,4dbe72fcf52524b1894da959d49540941e6f3c76,2026-08-15 05:13:20+00:00,dynamic,94968112277,Analyze (actions),success,43.0,10,70,1195,58445,"[""docs/uk/docs/alternatives.md"", ""docs/uk/docs/environment-variables.md"", ""docs/uk/docs/fastapi-cli.md"", ""docs/uk/docs/features.md"", ""docs/uk/docs/help-fastapi.md"", ""docs/uk/docs/history-design-future.md"", ""docs/uk/docs/index.md"", ""docs/uk/docs/project-generation.md"", ""docs/uk/docs/python-types.md"", ""docs/uk/docs/virtual-environments.md""]",0
31866410639,PR #16208,success,4dbe72fcf52524b1894da959d49540941e6f3c76,2026-08-15 05:13:20+00:00,dynamic,94968112282,Analyze (javascript-typescript),success,58.0,10,70,1195,58445,"[""docs/uk/docs/alternatives.md"", ""docs/uk/docs/environment-variables.md"", ""docs/uk/docs/fastapi-cli.md"", ""docs/uk/docs/features.md"", ""docs/uk/docs/help-fastapi.md"", ""docs/uk/docs/history-design-future.md"", ""docs/uk/docs/index.md"", ""docs/uk/docs/project-generation.md"", ""docs/uk/docs/python-types.md"", ""docs/uk/docs/virtual-environments.md""]",0
31866410639,PR #16208,success,4dbe72fcf52524b1894da959d49540941e6f3c76,2026-08-15 05:13:20+00:00,dynamic,94968112348,Analyze (python),success,60.0,10,70,1195,58445,"[""docs/uk/docs/alternatives.md"", ""docs/uk/docs/environment-variables.md"", ""docs/uk/docs/fastapi-cli.md"", ""docs/uk/docs/features.md"", ""docs/uk/docs/help-fastapi.md"", ""docs/uk/docs/history-design-future.md"", ""docs/uk/docs/index.md"", ""docs/uk/docs/project-generation.md"", ""docs/uk/docs/python-types.md"", ""docs/uk/docs/virtual-environments.md""]",0
31866410158,PR #16207,success,5b4baffb056a6495cba1316a30029a9d07b6406a,2026-08-15 05:13:20+00:00,dynamic,94968110733,Analyze (actions),success,44.0,10,73,1198,57405,"[""docs/tr/docs/alternatives.md"", ""docs/tr/docs/environment-variables.md"", ""docs/tr/docs/fastapi-cli.md"", ""docs/tr/docs/features.md"", ""docs/tr/docs/help-fastapi.md"", ""docs/tr/docs/history-design-future.md"", ""docs/tr/docs/index.md"", ""docs/tr/docs/project-generation.md"", ""docs/tr/docs/python-types.md"", ""docs/tr/docs/virtual-environments.md""]",0
31866410158,PR #16207,success,5b4baffb056a6495cba1316a30029a9d07b6406a,2026-08-15 05:13:20+00:00,dynamic,94968110748,Analyze (javascript-typescript),success,56.0,10,73,1198,57405,"[""docs/tr/docs/alternatives.md"", ""docs/tr/docs/environment-variables.md"", ""docs/tr/docs/fastapi-cli.md"", ""docs/tr/docs/features.md"", ""docs/tr/docs/help-fastapi.md"", ""docs/tr/docs/history-design-future.md"", ""docs/tr/docs/index.md"", ""docs/tr/docs/project-generation.md"", ""docs/tr/docs/python-types.md"", ""docs/tr/docs/virtual-environments.md""]",0
31866410158,PR #16207,success,5b4baffb056a6495cba1316a30029a9d07b6406a,2026-08-15 05:13:20+00:00,dynamic,94968110850,Analyze (python),success,45.0,10,73,1198,57405,"[""docs/tr/docs/alternatives.md"", ""docs/tr/docs/environment-variables.md"", ""docs/tr/docs/fastapi-cli.md"", ""docs/tr/docs/features.md"", ""docs/tr/docs/help-fastapi.md"", ""docs/tr/docs/history-design-future.md"", ""docs/tr/docs/index.md"", ""docs/tr/docs/project-generation.md"", ""docs/tr/docs/python-types.md"", ""docs/tr/docs/virtual-environments.md""]",0
31866409507,Conflict detector,success,5b4baffb056a6495cba1316a30029a9d07b6406a,2026-08-15 05:13:19+00:00,push,94968108171,main,success,4.0,10,73,1198,57405,"[""docs/tr/docs/alternatives.md"", ""docs/tr/docs/environment-variables.md"", ""docs/tr/docs/fastapi-cli.md"", ""docs/tr/docs/features.md"", ""docs/tr/docs/help-fastapi.md"", ""docs/tr/docs/history-design-future.md"", ""docs/tr/docs/index.md"", ""docs/tr/docs/project-generation.md"", ""docs/tr/docs/python-types.md"", ""docs/tr/docs/virtual-environments.md""]",0
31866408459,Smokeshow,failure,a1fa70d4237d50aae6586a0d9b229df583463d21,2026-08-15 05:13:18+00:00,workflow_run,94968105705,smokeshow,failure,17.0,1,1,0,363,"[""docs/en/docs/release-notes.md""]",1
31866394919,Smokeshow,failure,a1fa70d4237d50aae6586a0d9b229df583463d21,2026-08-15 05:13:00+00:00,workflow_run,94968073493,smokeshow,failure,16.0,1,1,0,363,"[""docs/en/docs/release-notes.md""]",1
31866395399,Issue Manager,success,8ef71deeb246647d87614aa6396418fb9e6e4605,2026-08-15 05:13:00+00:00,pull_request_target,94968073928,issue-manager,success,20.0,10,72,1186,41848,"[""docs/ja/docs/alternatives.md"", ""docs/ja/docs/environment-variables.md"", ""docs/ja/docs/fastapi-cli.md"", ""docs/ja/docs/features.md"", ""docs/ja/docs/help-fastapi.md"", ""docs/ja/docs/history-design-future.md"", ""docs/ja/docs/index.md"", ""docs/ja/docs/project-generation.md"", ""docs/ja/docs/python-types.md"", ""docs/ja/docs/virtual-environments.md""]",0
31866394487,Notify Translations,success,8ef71deeb246647d87614aa6396418fb9e6e4605,2026-08-15 05:13:00+00:00,pull_request_target,94968072333,job,success,30.0,10,72,1186,41848,"[""docs/ja/docs/alternatives.md"", ""docs/ja/docs/environment-variables.md"", ""docs/ja/docs/fastapi-cli.md"", ""docs/ja/docs/features.md"", ""docs/ja/docs/help-fastapi.md"", ""docs/ja/docs/history-design-future.md"", ""docs/ja/docs/index.md"", ""docs/ja/docs/project-generation.md"", ""docs/ja/docs/python-types.md"", ""docs/ja/docs/virtual-environments.md""]",0
31866392950,pre-commit,success,8ef71deeb246647d87614aa6396418fb9e6e4605,2026-08-15 05:12:56+00:00,pull_request,94968067999,pre-commit,success,42.0,10,72,1186,41848,"[""docs/ja/docs/alternatives.md"", ""docs/ja/docs/environment-variables.md"", ""docs/ja/docs/fastapi-cli.md"", ""docs/ja/docs/features.md"", ""docs/ja/docs/help-fastapi.md"", ""docs/ja/docs/history-design-future.md"", ""docs/ja/docs/index.md"", ""docs/ja/docs/project-generation.md"", ""docs/ja/docs/python-types.md"", ""docs/ja/docs/virtual-environments.md""]",0
31866392950,pre-commit,success,8ef71deeb246647d87614aa6396418fb9e6e4605,2026-08-15 05:12:56+00:00,pull_request,94968186257,pre-commit-alls-green,success,4.0,10,72,1186,41848,"[""docs/ja/docs/alternatives.md"", ""docs/ja/docs/environment-variables.md"", ""docs/ja/docs/fastapi-cli.md"", ""docs/ja/docs/features.md"", ""docs/ja/docs/help-fastapi.md"", ""docs/ja/docs/history-design-future.md"", ""docs/ja/docs/index.md"", ""docs/ja/docs/project-generation.md"", ""docs/ja/docs/python-types.md"", ""docs/ja/docs/virtual-environments.md""]",0
31866393021,Add to Project,success,8ef71deeb246647d87614aa6396418fb9e6e4605,2026-08-15 05:12:56+00:00,pull_request_target,94968068198,Add to project,success,3.0,10,72,1186,41848,"[""docs/ja/docs/alternatives.md"", ""docs/ja/docs/environment-variables.md"", ""docs/ja/docs/fastapi-cli.md"", ""docs/ja/docs/features.md"", ""docs/ja/docs/help-fastapi.md"", ""docs/ja/docs/history-design-future.md"", ""docs/ja/docs/index.md"", ""docs/ja/docs/project-generation.md"", ""docs/ja/docs/python-types.md"", ""docs/ja/docs/virtual-environments.md""]",0
31866393015,Test,success,8ef71deeb246647d87614aa6396418fb9e6e4605,2026-08-15 05:12:56+00:00,pull_request,94968068413,regression-test,success,9.0,10,72,1186,41848,"[""docs/ja/docs/alternatives.md"", ""docs/ja/docs/environment-variables.md"", ""docs/ja/docs/fastapi-cli.md"", ""docs/ja/docs/features.md"", ""docs/ja/docs/help-fastapi.md"", ""docs/ja/docs/history-design-future.md"", ""docs/ja/docs/index.md"", ""docs/ja/docs/project-generation.md"", ""docs/ja/docs/python-types.md"", ""docs/ja/docs/virtual-environments.md""]",0
31866393015,Test,success,8ef71deeb246647d87614aa6396418fb9e6e4605,2026-08-15 05:12:56+00:00,pull_request,94968068436,changes,success,8.0,10,72,1186,41848,"[""docs/ja/docs/alternatives.md"", ""docs/ja/docs/environment-variables.md"", ""docs/ja/docs/fastapi-cli.md"", ""docs/ja/docs/features.md"", ""docs/ja/docs/help-fastapi.md"", ""docs/ja/docs/history-design-future.md"", ""docs/ja/docs/index.md"", ""docs/ja/docs/project-generation.md"", ""docs/ja/docs/python-types.md"", ""docs/ja/docs/virtual-environments.md""]",0
31866393015,Test,success,8ef71deeb246647d87614aa6396418fb9e6e4605,2026-08-15 05:12:56+00:00,pull_request,94968162710,test-alls-green,success,5.0,10,72,1186,41848,"[""docs/ja/docs/alternatives.md"", ""docs/ja/docs/environment-variables.md"", ""docs/ja/docs/fastapi-cli.md"", ""docs/ja/docs/features.md"", ""docs/ja/docs/help-fastapi.md"", ""docs/ja/docs/history-design-future.md"", ""docs/ja/docs/index.md"", ""docs/ja/docs/project-generation.md"", ""docs/ja/docs/python-types.md"", ""docs/ja/docs/virtual-environments.md""]",0
31866392934,Zizmor,success,8ef71deeb246647d87614aa6396418fb9e6e4605,2026-08-15 05:12:56+00:00,pull_request,94968067935,Run zizmor,success,22.0,10,72,1186,41848,"[""docs/ja/docs/alternatives.md"", ""docs/ja/docs/environment-variables.md"", ""docs/ja/docs/fastapi-cli.md"", ""docs/ja/docs/features.md"", ""docs/ja/docs/help-fastapi.md"", ""docs/ja/docs/history-design-future.md"", ""docs/ja/docs/index.md"", ""docs/ja/docs/project-generation.md"", ""docs/ja/docs/python-types.md"", ""docs/ja/docs/virtual-environments.md""]",0
31866392558,PR #16206,success,8ef71deeb246647d87614aa6396418fb9e6e4605,2026-08-15 05:12:56+00:00,dynamic,94968068358,Analyze (javascript-typescript),success,57.0,10,72,1186,41848,"[""docs/ja/docs/alternatives.md"", ""docs/ja/docs/environment-variables.md"", ""docs/ja/docs/fastapi-cli.md"", ""docs/ja/docs/features.md"", ""docs/ja/docs/help-fastapi.md"", ""docs/ja/docs/history-design-future.md"", ""docs/ja/docs/index.md"", ""docs/ja/docs/project-generation.md"", ""docs/ja/docs/python-types.md"", ""docs/ja/docs/virtual-environments.md""]",0
31866392558,PR #16206,success,8ef71deeb246647d87614aa6396418fb9e6e4605,2026-08-15 05:12:56+00:00,dynamic,94968068419,Analyze (python),success,62.0,10,72,1186,41848,"[""docs/ja/docs/alternatives.md"", ""docs/ja/docs/environment-variables.md"", ""docs/ja/docs/fastapi-cli.md"", ""docs/ja/docs/features.md"", ""docs/ja/docs/help-fastapi.md"", ""docs/ja/docs/history-design-future.md"", ""docs/ja/docs/index.md"", ""docs/ja/docs/project-generation.md"", ""docs/ja/docs/python-types.md"", ""docs/ja/docs/virtual-environments.md""]",0
31866392558,PR #16206,success,8ef71deeb246647d87614aa6396418fb9e6e4605,2026-08-15 05:12:56+00:00,dynamic,94968068642,Analyze (actions),success,40.0,10,72,1186,41848,"[""docs/ja/docs/alternatives.md"", ""docs/ja/docs/environment-variables.md"", ""docs/ja/docs/fastapi-cli.md"", ""docs/ja/docs/features.md"", ""docs/ja/docs/help-fastapi.md"", ""docs/ja/docs/history-design-future.md"", ""docs/ja/docs/index.md"", ""docs/ja/docs/project-generation.md"", ""docs/ja/docs/python-types.md"", ""docs/ja/docs/virtual-environments.md""]",0
31866392995,Test Redistribute,success,8ef71deeb246647d87614aa6396418fb9e6e4605,2026-08-15 05:12:56+00:00,pull_request,94968068175,test-redistribute,success,57.0,10,72,1186,41848,"[""docs/ja/docs/alternatives.md"", ""docs/ja/docs/environment-variables.md"", ""docs/ja/docs/fastapi-cli.md"", ""docs/ja/docs/features.md"", ""docs/ja/docs/help-fastapi.md"", ""docs/ja/docs/history-design-future.md"", ""docs/ja/docs/index.md"", ""docs/ja/docs/project-generation.md"", ""docs/ja/docs/python-types.md"", ""docs/ja/docs/virtual-environments.md""]",0
31866392995,Test Redistribute,success,8ef71deeb246647d87614aa6396418fb9e6e4605,2026-08-15 05:12:56+00:00,pull_request,94968319153,test-redistribute-alls-green,success,5.0,10,72,1186,41848,"[""docs/ja/docs/alternatives.md"", ""docs/ja/docs/environment-variables.md"", ""docs/ja/docs/fastapi-cli.md"", ""docs/ja/docs/features.md"", ""docs/ja/docs/help-fastapi.md"", ""docs/ja/docs/history-design-future.md"", ""docs/ja/docs/index.md"", ""docs/ja/docs/project-generation.md"", ""docs/ja/docs/python-types.md"", ""docs/ja/docs/virtual-environments.md""]",0
31866393002,Build Docs,success,8ef71deeb246647d87614aa6396418fb9e6e4605,2026-08-15 05:12:56+00:00,pull_request,94968068227,changes,success,6.0,10,72,1186,41848,"[""docs/ja/docs/alternatives.md"", ""docs/ja/docs/environment-variables.md"", ""docs/ja/docs/fastapi-cli.md"", ""docs/ja/docs/features.md"", ""docs/ja/docs/help-fastapi.md"", ""docs/ja/docs/history-design-future.md"", ""docs/ja/docs/index.md"", ""docs/ja/docs/project-generation.md"", ""docs/ja/docs/python-types.md"", ""docs/ja/docs/virtual-environments.md""]",0
31866393002,Build Docs,success,8ef71deeb246647d87614aa6396418fb9e6e4605,2026-08-15 05:12:56+00:00,pull_request,94968090809,langs,success,17.0,10,72,1186,41848,"[""docs/ja/docs/alternatives.md"", ""docs/ja/docs/environment-variables.md"", ""docs/ja/docs/fastapi-cli.md"", ""docs/ja/docs/features.md"", ""docs/ja/docs/help-fastapi.md"", ""docs/ja/docs/history-design-future.md"", ""docs/ja/docs/index.md"", ""docs/ja/docs/project-generation.md"", ""docs/ja/docs/python-types.md"", ""docs/ja/docs/virtual-environments.md""]",0
31866393002,Build Docs,success,8ef71deeb246647d87614aa6396418fb9e6e4605,2026-08-15 05:12:56+00:00,pull_request,94968189518,build-docs (hi),success,41.0,10,72,1186,41848,"[""docs/ja/docs/alternatives.md"", ""docs/ja/docs/environment-variables.md"", ""docs/ja/docs/fastapi-cli.md"", ""docs/ja/docs/features.md"", ""docs/ja/docs/help-fastapi.md"", ""docs/ja/docs/history-design-future.md"", ""docs/ja/docs/index.md"", ""docs/ja/docs/project-generation.md"", ""docs/ja/docs/python-types.md"", ""docs/ja/docs/virtual-environments.md""]",0
31866393002,Build Docs,success,8ef71deeb246647d87614aa6396418fb9e6e4605,2026-08-15 05:12:56+00:00,pull_request,94968189519,build-docs (ja),success,44.0,10,72,1186,41848,"[""docs/ja/docs/alternatives.md"", ""docs/ja/docs/environment-variables.md"", ""docs/ja/docs/fastapi-cli.md"", ""docs/ja/docs/features.md"", ""docs/ja/docs/help-fastapi.md"", ""docs/ja/docs/history-design-future.md"", ""docs/ja/docs/index.md"", ""docs/ja/docs/project-generation.md"", ""docs/ja/docs/python-types.md"", ""docs/ja/docs/virtual-environments.md""]",0
31866393002,Build Docs,success,8ef71deeb246647d87614aa6396418fb9e6e4605,2026-08-15 05:12:56+00:00,pull_request,94968189522,build-docs (de),success,36.0,10,72,1186,41848,"[""docs/ja/docs/alternatives.md"", ""docs/ja/docs/environment-variables.md"", ""docs/ja/docs/fastapi-cli.md"", ""docs/ja/docs/features.md"", ""docs/ja/docs/help-fastapi.md"", ""docs/ja/docs/history-design-future.md"", ""docs/ja/docs/index.md"", ""docs/ja/docs/project-generation.md"", ""docs/ja/docs/python-types.md"", ""docs/ja/docs/virtual-environments.md""]",0
31866393002,Build Docs,success,8ef71deeb246647d87614aa6396418fb9e6e4605,2026-08-15 05:12:56+00:00,pull_request,94968189525,build-docs (uk),success,43.0,10,72,1186,41848,"[""docs/ja/docs/alternatives.md"", ""docs/ja/docs/environment-variables.md"", ""docs/ja/docs/fastapi-cli.md"", ""docs/ja/docs/features.md"", ""docs/ja/docs/help-fastapi.md"", ""docs/ja/docs/history-design-future.md"", ""docs/ja/docs/index.md"", ""docs/ja/docs/project-generation.md"", ""docs/ja/docs/python-types.md"", ""docs/ja/docs/virtual-environments.md""]",0
31866393002,Build Docs,success,8ef71deeb246647d87614aa6396418fb9e6e4605,2026-08-15 05:12:56+00:00,pull_request,94968189538,build-docs (zh-hant),success,37.0,10,72,1186,41848,"[""docs/ja/docs/alternatives.md"", ""docs/ja/docs/environment-variables.md"", ""docs/ja/docs/fastapi-cli.md"", ""docs/ja/docs/features.md"", ""docs/ja/docs/help-fastapi.md"", ""docs/ja/docs/history-design-future.md"", ""docs/ja/docs/index.md"", ""docs/ja/docs/project-generation.md"", ""docs/ja/docs/python-types.md"", ""docs/ja/docs/virtual-environments.md""]",0
31866393002,Build Docs,success,8ef71deeb246647d87614aa6396418fb9e6e4605,2026-08-15 05:12:56+00:00,pull_request,94968189539,build-docs (tr),success,48.0,10,72,1186,41848,"[""docs/ja/docs/alternatives.md"", ""docs/ja/docs/environment-variables.md"", ""docs/ja/docs/fastapi-cli.md"", ""docs/ja/docs/features.md"", ""docs/ja/docs/help-fastapi.md"", ""docs/ja/docs/history-design-future.md"", ""docs/ja/docs/index.md"", ""docs/ja/docs/project-generation.md"", ""docs/ja/docs/python-types.md"", ""docs/ja/docs/virtual-environments.md""]",0
31866393002,Build Docs,success,8ef71deeb246647d87614aa6396418fb9e6e4605,2026-08-15 05:12:56+00:00,pull_request,94968189548,build-docs (zh),success,44.0,10,72,1186,41848,"[""docs/ja/docs/alternatives.md"", ""docs/ja/docs/environment-variables.md"", ""docs/ja/docs/fastapi-cli.md"", ""docs/ja/docs/features.md"", ""docs/ja/docs/help-fastapi.md"", ""docs/ja/docs/history-design-future.md"", ""docs/ja/docs/index.md"", ""docs/ja/docs/project-generation.md"", ""docs/ja/docs/python-types.md"", ""docs/ja/docs/virtual-environments.md""]",0
31866393002,Build Docs,success,8ef71deeb246647d87614aa6396418fb9e6e4605,2026-08-15 05:12:56+00:00,pull_request,94968189551,build-docs (fr),success,47.0,10,72,1186,41848,"[""docs/ja/docs/alternatives.md"", ""docs/ja/docs/environment-variables.md"", ""docs/ja/docs/fastapi-cli.md"", ""docs/ja/docs/features.md"", ""docs/ja/docs/help-fastapi.md"", ""docs/ja/docs/history-design-future.md"", ""docs/ja/docs/index.md"", ""docs/ja/docs/project-generation.md"", ""docs/ja/docs/python-types.md"", ""docs/ja/docs/virtual-environments.md""]",0
31866393002,Build Docs,success,8ef71deeb246647d87614aa6396418fb9e6e4605,2026-08-15 05:12:56+00:00,pull_request,94968189553,build-docs (es),success,44.0,10,72,1186,41848,"[""docs/ja/docs/alternatives.md"", ""docs/ja/docs/environment-variables.md"", ""docs/ja/docs/fastapi-cli.md"", ""docs/ja/docs/features.md"", ""docs/ja/docs/help-fastapi.md"", ""docs/ja/docs/history-design-future.md"", ""docs/ja/docs/index.md"", ""docs/ja/docs/project-generation.md"", ""docs/ja/docs/python-types.md"", ""docs/ja/docs/virtual-environments.md""]",0
31866393002,Build Docs,success,8ef71deeb246647d87614aa6396418fb9e6e4605,2026-08-15 05:12:56+00:00,pull_request,94968189557,build-docs (ru),success,46.0,10,72,1186,41848,"[""docs/ja/docs/alternatives.md"", ""docs/ja/docs/environment-variables.md"", ""docs/ja/docs/fastapi-cli.md"", ""docs/ja/docs/features.md"", ""docs/ja/docs/help-fastapi.md"", ""docs/ja/docs/history-design-future.md"", ""docs/ja/docs/index.md"", ""docs/ja/docs/project-generation.md"", ""docs/ja/docs/python-types.md"", ""docs/ja/docs/virtual-environments.md""]",0
31866393002,Build Docs,success,8ef71deeb246647d87614aa6396418fb9e6e4605,2026-08-15 05:12:56+00:00,pull_request,94968189560,build-docs (pt),success,45.0,10,72,1186,41848,"[""docs/ja/docs/alternatives.md"", ""docs/ja/docs/environment-variables.md"", ""docs/ja/docs/fastapi-cli.md"", ""docs/ja/docs/features.md"", ""docs/ja/docs/help-fastapi.md"", ""docs/ja/docs/history-design-future.md"", ""docs/ja/docs/index.md"", ""docs/ja/docs/project-generation.md"", ""docs/ja/docs/python-types.md"", ""docs/ja/docs/virtual-environments.md""]",0
31866393002,Build Docs,success,8ef71deeb246647d87614aa6396418fb9e6e4605,2026-08-15 05:12:56+00:00,pull_request,94968189565,build-docs (en),success,43.0,10,72,1186,41848,"[""docs/ja/docs/alternatives.md"", ""docs/ja/docs/environment-variables.md"", ""docs/ja/docs/fastapi-cli.md"", ""docs/ja/docs/features.md"", ""docs/ja/docs/help-fastapi.md"", ""docs/ja/docs/history-design-future.md"", ""docs/ja/docs/index.md"", ""docs/ja/docs/project-generation.md"", ""docs/ja/docs/python-types.md"", ""docs/ja/docs/virtual-environments.md""]",0
31866393002,Build Docs,success,8ef71deeb246647d87614aa6396418fb9e6e4605,2026-08-15 05:12:56+00:00,pull_request,94968189590,build-docs (ko),success,39.0,10,72,1186,41848,"[""docs/ja/docs/alternatives.md"", ""docs/ja/docs/environment-variables.md"", ""docs/ja/docs/fastapi-cli.md"", ""docs/ja/docs/features.md"", ""docs/ja/docs/help-fastapi.md"", ""docs/ja/docs/history-design-future.md"", ""docs/ja/docs/index.md"", ""docs/ja/docs/project-generation.md"", ""docs/ja/docs/python-types.md"", ""docs/ja/docs/virtual-environments.md""]",0
31866393002,Build Docs,success,8ef71deeb246647d87614aa6396418fb9e6e4605,2026-08-15 05:12:56+00:00,pull_request,94969053394,docs-all-green,success,6.0,10,72,1186,41848,"[""docs/ja/docs/alternatives.md"", ""docs/ja/docs/environment-variables.md"", ""docs/ja/docs/fastapi-cli.md"", ""docs/ja/docs/features.md"", ""docs/ja/docs/help-fastapi.md"", ""docs/ja/docs/history-design-future.md"", ""docs/ja/docs/index.md"", ""docs/ja/docs/project-generation.md"", ""docs/ja/docs/python-types.md"", ""docs/ja/docs/virtual-environments.md""]",0
31866390864,Conflict detector,success,8ef71deeb246647d87614aa6396418fb9e6e4605,2026-08-15 05:12:53+00:00,push,94968062695,main,success,3.0,10,72,1186,41848,"[""docs/ja/docs/alternatives.md"", ""docs/ja/docs/environment-variables.md"", ""docs/ja/docs/fastapi-cli.md"", ""docs/ja/docs/features.md"", ""docs/ja/docs/help-fastapi.md"", ""docs/ja/docs/history-design-future.md"", ""docs/ja/docs/index.md"", ""docs/ja/docs/project-generation.md"", ""docs/ja/docs/python-types.md"", ""docs/ja/docs/virtual-environments.md""]",0
31866384732,Notify Translations,success,1a09a151c68ed325efb7cf90c6183116c8e2761c,2026-08-15 05:12:42+00:00,pull_request_target,94968045965,job,success,28.0,10,68,1192,61399,"[""docs/fr/docs/alternatives.md"", ""docs/fr/docs/environment-variables.md"", ""docs/fr/docs/fastapi-cli.md"", ""docs/fr/docs/features.md"", ""docs/fr/docs/help-fastapi.md"", ""docs/fr/docs/history-design-future.md"", ""docs/fr/docs/index.md"", ""docs/fr/docs/project-generation.md"", ""docs/fr/docs/python-types.md"", ""docs/fr/docs/virtual-environments.md""]",0
31866384702,Issue Manager,success,1a09a151c68ed325efb7cf90c6183116c8e2761c,2026-08-15 05:12:42+00:00,pull_request_target,94968045777,issue-manager,success,20.0,10,68,1192,61399,"[""docs/fr/docs/alternatives.md"", ""docs/fr/docs/environment-variables.md"", ""docs/fr/docs/fastapi-cli.md"", ""docs/fr/docs/features.md"", ""docs/fr/docs/help-fastapi.md"", ""docs/fr/docs/history-design-future.md"", ""docs/fr/docs/index.md"", ""docs/fr/docs/project-generation.md"", ""docs/fr/docs/python-types.md"", ""docs/fr/docs/virtual-environments.md""]",0
31866382807,Add to Project,success,1a09a151c68ed325efb7cf90c6183116c8e2761c,2026-08-15 05:12:39+00:00,pull_request_target,94968040535,Add to project,success,5.0,10,68,1192,61399,"[""docs/fr/docs/alternatives.md"", ""docs/fr/docs/environment-variables.md"", ""docs/fr/docs/fastapi-cli.md"", ""docs/fr/docs/features.md"", ""docs/fr/docs/help-fastapi.md"", ""docs/fr/docs/history-design-future.md"", ""docs/fr/docs/index.md"", ""docs/fr/docs/project-generation.md"", ""docs/fr/docs/python-types.md"", ""docs/fr/docs/virtual-environments.md""]",0
31866382772,Zizmor,success,1a09a151c68ed325efb7cf90c6183116c8e2761c,2026-08-15 05:12:39+00:00,pull_request,94968040250,Run zizmor,success,18.0,10,68,1192,61399,"[""docs/fr/docs/alternatives.md"", ""docs/fr/docs/environment-variables.md"", ""docs/fr/docs/fastapi-cli.md"", ""docs/fr/docs/features.md"", ""docs/fr/docs/help-fastapi.md"", ""docs/fr/docs/history-design-future.md"", ""docs/fr/docs/index.md"", ""docs/fr/docs/project-generation.md"", ""docs/fr/docs/python-types.md"", ""docs/fr/docs/virtual-environments.md""]",0
31866382773,Test,success,1a09a151c68ed325efb7cf90c6183116c8e2761c,2026-08-15 05:12:39+00:00,pull_request,94968040246,regression-test,success,11.0,10,68,1192,61399,"[""docs/fr/docs/alternatives.md"", ""docs/fr/docs/environment-variables.md"", ""docs/fr/docs/fastapi-cli.md"", ""docs/fr/docs/features.md"", ""docs/fr/docs/help-fastapi.md"", ""docs/fr/docs/history-design-future.md"", ""docs/fr/docs/index.md"", ""docs/fr/docs/project-generation.md"", ""docs/fr/docs/python-types.md"", ""docs/fr/docs/virtual-environments.md""]",0
31866382773,Test,success,1a09a151c68ed325efb7cf90c6183116c8e2761c,2026-08-15 05:12:39+00:00,pull_request,94968040270,changes,success,8.0,10,68,1192,61399,"[""docs/fr/docs/alternatives.md"", ""docs/fr/docs/environment-variables.md"", ""docs/fr/docs/fastapi-cli.md"", ""docs/fr/docs/features.md"", ""docs/fr/docs/help-fastapi.md"", ""docs/fr/docs/history-design-future.md"", ""docs/fr/docs/index.md"", ""docs/fr/docs/project-generation.md"", ""docs/fr/docs/python-types.md"", ""docs/fr/docs/virtual-environments.md""]",0
31866382773,Test,success,1a09a151c68ed325efb7cf90c6183116c8e2761c,2026-08-15 05:12:39+00:00,pull_request,94968182248,test-alls-green,success,2.0,10,68,1192,61399,"[""docs/fr/docs/alternatives.md"", ""docs/fr/docs/environment-variables.md"", ""docs/fr/docs/fastapi-cli.md"", ""docs/fr/docs/features.md"", ""docs/fr/docs/help-fastapi.md"", ""docs/fr/docs/history-design-future.md"", ""docs/fr/docs/index.md"", ""docs/fr/docs/project-generation.md"", ""docs/fr/docs/python-types.md"", ""docs/fr/docs/virtual-environments.md""]",0
31866382767,pre-commit,success,1a09a151c68ed325efb7cf90c6183116c8e2761c,2026-08-15 05:12:39+00:00,pull_request,94968040143,pre-commit,success,53.0,10,68,1192,61399,"[""docs/fr/docs/alternatives.md"", ""docs/fr/docs/environment-variables.md"", ""docs/fr/docs/fastapi-cli.md"", ""docs/fr/docs/features.md"", ""docs/fr/docs/help-fastapi.md"", ""docs/fr/docs/history-design-future.md"", ""docs/fr/docs/index.md"", ""docs/fr/docs/project-generation.md"", ""docs/fr/docs/python-types.md"", ""docs/fr/docs/virtual-environments.md""]",0
31866382767,pre-commit,success,1a09a151c68ed325efb7cf90c6183116c8e2761c,2026-08-15 05:12:39+00:00,pull_request,94968179326,pre-commit-alls-green,success,3.0,10,68,1192,61399,"[""docs/fr/docs/alternatives.md"", ""docs/fr/docs/environment-variables.md"", ""docs/fr/docs/fastapi-cli.md"", ""docs/fr/docs/features.md"", ""docs/fr/docs/help-fastapi.md"", ""docs/fr/docs/history-design-future.md"", ""docs/fr/docs/index.md"", ""docs/fr/docs/project-generation.md"", ""docs/fr/docs/python-types.md"", ""docs/fr/docs/virtual-environments.md""]",0
31866382774,Test Redistribute,success,1a09a151c68ed325efb7cf90c6183116c8e2761c,2026-08-15 05:12:39+00:00,pull_request,94968040282,test-redistribute,success,70.0,10,68,1192,61399,"[""docs/fr/docs/alternatives.md"", ""docs/fr/docs/environment-variables.md"", ""docs/fr/docs/fastapi-cli.md"", ""docs/fr/docs/features.md"", ""docs/fr/docs/help-fastapi.md"", ""docs/fr/docs/history-design-future.md"", ""docs/fr/docs/index.md"", ""docs/fr/docs/project-generation.md"", ""docs/fr/docs/python-types.md"", ""docs/fr/docs/virtual-environments.md""]",0
31866382774,Test Redistribute,success,1a09a151c68ed325efb7cf90c6183116c8e2761c,2026-08-15 05:12:39+00:00,pull_request,94968246884,test-redistribute-alls-green,success,2.0,10,68,1192,61399,"[""docs/fr/docs/alternatives.md"", ""docs/fr/docs/environment-variables.md"", ""docs/fr/docs/fastapi-cli.md"", ""docs/fr/docs/features.md"", ""docs/fr/docs/help-fastapi.md"", ""docs/fr/docs/history-design-future.md"", ""docs/fr/docs/index.md"", ""docs/fr/docs/project-generation.md"", ""docs/fr/docs/python-types.md"", ""docs/fr/docs/virtual-environments.md""]",0
31866382771,Build Docs,success,1a09a151c68ed325efb7cf90c6183116c8e2761c,2026-08-15 05:12:39+00:00,pull_request,94968040446,changes,success,8.0,10,68,1192,61399,"[""docs/fr/docs/alternatives.md"", ""docs/fr/docs/environment-variables.md"", ""docs/fr/docs/fastapi-cli.md"", ""docs/fr/docs/features.md"", ""docs/fr/docs/help-fastapi.md"", ""docs/fr/docs/history-design-future.md"", ""docs/fr/docs/index.md"", ""docs/fr/docs/project-generation.md"", ""docs/fr/docs/python-types.md"", ""docs/fr/docs/virtual-environments.md""]",0
31866382771,Build Docs,success,1a09a151c68ed325efb7cf90c6183116c8e2761c,2026-08-15 05:12:39+00:00,pull_request,94968179128,langs,success,16.0,10,68,1192,61399,"[""docs/fr/docs/alternatives.md"", ""docs/fr/docs/environment-variables.md"", ""docs/fr/docs/fastapi-cli.md"", ""docs/fr/docs/features.md"", ""docs/fr/docs/help-fastapi.md"", ""docs/fr/docs/history-design-future.md"", ""docs/fr/docs/index.md"", ""docs/fr/docs/project-generation.md"", ""docs/fr/docs/python-types.md"", ""docs/fr/docs/virtual-environments.md""]",0
31866382771,Build Docs,success,1a09a151c68ed325efb7cf90c6183116c8e2761c,2026-08-15 05:12:39+00:00,pull_request,94968343346,build-docs (ja),success,38.0,10,68,1192,61399,"[""docs/fr/docs/alternatives.md"", ""docs/fr/docs/environment-variables.md"", ""docs/fr/docs/fastapi-cli.md"", ""docs/fr/docs/features.md"", ""docs/fr/docs/help-fastapi.md"", ""docs/fr/docs/history-design-future.md"", ""docs/fr/docs/index.md"", ""docs/fr/docs/project-generation.md"", ""docs/fr/docs/python-types.md"", ""docs/fr/docs/virtual-environments.md""]",0
31866382771,Build Docs,success,1a09a151c68ed325efb7cf90c6183116c8e2761c,2026-08-15 05:12:39+00:00,pull_request,94968343357,build-docs (en),success,36.0,10,68,1192,61399,"[""docs/fr/docs/alternatives.md"", ""docs/fr/docs/environment-variables.md"", ""docs/fr/docs/fastapi-cli.md"", ""docs/fr/docs/features.md"", ""docs/fr/docs/help-fastapi.md"", ""docs/fr/docs/history-design-future.md"", ""docs/fr/docs/index.md"", ""docs/fr/docs/project-generation.md"", ""docs/fr/docs/python-types.md"", ""docs/fr/docs/virtual-environments.md""]",0
31866382771,Build Docs,success,1a09a151c68ed325efb7cf90c6183116c8e2761c,2026-08-15 05:12:39+00:00,pull_request,94968343363,build-docs (de),success,37.0,10,68,1192,61399,"[""docs/fr/docs/alternatives.md"", ""docs/fr/docs/environment-variables.md"", ""docs/fr/docs/fastapi-cli.md"", ""docs/fr/docs/features.md"", ""docs/fr/docs/help-fastapi.md"", ""docs/fr/docs/history-design-future.md"", ""docs/fr/docs/index.md"", ""docs/fr/docs/project-generation.md"", ""docs/fr/docs/python-types.md"", ""docs/fr/docs/virtual-environments.md""]",0
31866382771,Build Docs,success,1a09a151c68ed325efb7cf90c6183116c8e2761c,2026-08-15 05:12:39+00:00,pull_request,94968343369,build-docs (es),success,40.0,10,68,1192,61399,"[""docs/fr/docs/alternatives.md"", ""docs/fr/docs/environment-variables.md"", ""docs/fr/docs/fastapi-cli.md"", ""docs/fr/docs/features.md"", ""docs/fr/docs/help-fastapi.md"", ""docs/fr/docs/history-design-future.md"", ""docs/fr/docs/index.md"", ""docs/fr/docs/project-generation.md"", ""docs/fr/docs/python-types.md"", ""docs/fr/docs/virtual-environments.md""]",0
31866382771,Build Docs,success,1a09a151c68ed325efb7cf90c6183116c8e2761c,2026-08-15 05:12:39+00:00,pull_request,94968343371,build-docs (tr),success,42.0,10,68,1192,61399,"[""docs/fr/docs/alternatives.md"", ""docs/fr/docs/environment-variables.md"", ""docs/fr/docs/fastapi-cli.md"", ""docs/fr/docs/features.md"", ""docs/fr/docs/help-fastapi.md"", ""docs/fr/docs/history-design-future.md"", ""docs/fr/docs/index.md"", ""docs/fr/docs/project-generation.md"", ""docs/fr/docs/python-types.md"", ""docs/fr/docs/virtual-environments.md""]",0
31866382771,Build Docs,success,1a09a151c68ed325efb7cf90c6183116c8e2761c,2026-08-15 05:12:39+00:00,pull_request,94968343372,build-docs (ru),success,43.0,10,68,1192,61399,"[""docs/fr/docs/alternatives.md"", ""docs/fr/docs/environment-variables.md"", ""docs/fr/docs/fastapi-cli.md"", ""docs/fr/docs/features.md"", ""docs/fr/docs/help-fastapi.md"", ""docs/fr/docs/history-design-future.md"", ""docs/fr/docs/index.md"", ""docs/fr/docs/project-generation.md"", ""docs/fr/docs/python-types.md"", ""docs/fr/docs/virtual-environments.md""]",0
31866382771,Build Docs,success,1a09a151c68ed325efb7cf90c6183116c8e2761c,2026-08-15 05:12:39+00:00,pull_request,94968343376,build-docs (zh),success,42.0,10,68,1192,61399,"[""docs/fr/docs/alternatives.md"", ""docs/fr/docs/environment-variables.md"", ""docs/fr/docs/fastapi-cli.md"", ""docs/fr/docs/features.md"", ""docs/fr/docs/help-fastapi.md"", ""docs/fr/docs/history-design-future.md"", ""docs/fr/docs/index.md"", ""docs/fr/docs/project-generation.md"", ""docs/fr/docs/python-types.md"", ""docs/fr/docs/virtual-environments.md""]",0
31866382771,Build Docs,success,1a09a151c68ed325efb7cf90c6183116c8e2761c,2026-08-15 05:12:39+00:00,pull_request,94968343382,build-docs (zh-hant),success,40.0,10,68,1192,61399,"[""docs/fr/docs/alternatives.md"", ""docs/fr/docs/environment-variables.md"", ""docs/fr/docs/fastapi-cli.md"", ""docs/fr/docs/features.md"", ""docs/fr/docs/help-fastapi.md"", ""docs/fr/docs/history-design-future.md"", ""docs/fr/docs/index.md"", ""docs/fr/docs/project-generation.md"", ""docs/fr/docs/python-types.md"", ""docs/fr/docs/virtual-environments.md""]",0
31866382771,Build Docs,success,1a09a151c68ed325efb7cf90c6183116c8e2761c,2026-08-15 05:12:39+00:00,pull_request,94968343398,build-docs (hi),success,40.0,10,68,1192,61399,"[""docs/fr/docs/alternatives.md"", ""docs/fr/docs/environment-variables.md"", ""docs/fr/docs/fastapi-cli.md"", ""docs/fr/docs/features.md"", ""docs/fr/docs/help-fastapi.md"", ""docs/fr/docs/history-design-future.md"", ""docs/fr/docs/index.md"", ""docs/fr/docs/project-generation.md"", ""docs/fr/docs/python-types.md"", ""docs/fr/docs/virtual-environments.md""]",0
31866382771,Build Docs,success,1a09a151c68ed325efb7cf90c6183116c8e2761c,2026-08-15 05:12:39+00:00,pull_request,94968343446,build-docs (fr),success,44.0,10,68,1192,61399,"[""docs/fr/docs/alternatives.md"", ""docs/fr/docs/environment-variables.md"", ""docs/fr/docs/fastapi-cli.md"", ""docs/fr/docs/features.md"", ""docs/fr/docs/help-fastapi.md"", ""docs/fr/docs/history-design-future.md"", ""docs/fr/docs/index.md"", ""docs/fr/docs/project-generation.md"", ""docs/fr/docs/python-types.md"", ""docs/fr/docs/virtual-environments.md""]",0
31866382771,Build Docs,success,1a09a151c68ed325efb7cf90c6183116c8e2761c,2026-08-15 05:12:39+00:00,pull_request,94968343454,build-docs (pt),success,36.0,10,68,1192,61399,"[""docs/fr/docs/alternatives.md"", ""docs/fr/docs/environment-variables.md"", ""docs/fr/docs/fastapi-cli.md"", ""docs/fr/docs/features.md"", ""docs/fr/docs/help-fastapi.md"", ""docs/fr/docs/history-design-future.md"", ""docs/fr/docs/index.md"", ""docs/fr/docs/project-generation.md"", ""docs/fr/docs/python-types.md"", ""docs/fr/docs/virtual-environments.md""]",0
31866382771,Build Docs,success,1a09a151c68ed325efb7cf90c6183116c8e2761c,2026-08-15 05:12:39+00:00,pull_request,94968343458,build-docs (ko),success,38.0,10,68,1192,61399,"[""docs/fr/docs/alternatives.md"", ""docs/fr/docs/environment-variables.md"", ""docs/fr/docs/fastapi-cli.md"", ""docs/fr/docs/features.md"", ""docs/fr/docs/help-fastapi.md"", ""docs/fr/docs/history-design-future.md"", ""docs/fr/docs/index.md"", ""docs/fr/docs/project-generation.md"", ""docs/fr/docs/python-types.md"", ""docs/fr/docs/virtual-environments.md""]",0
31866382771,Build Docs,success,1a09a151c68ed325efb7cf90c6183116c8e2761c,2026-08-15 05:12:39+00:00,pull_request,94968343460,build-docs (uk),success,39.0,10,68,1192,61399,"[""docs/fr/docs/alternatives.md"", ""docs/fr/docs/environment-variables.md"", ""docs/fr/docs/fastapi-cli.md"", ""docs/fr/docs/features.md"", ""docs/fr/docs/help-fastapi.md"", ""docs/fr/docs/history-design-future.md"", ""docs/fr/docs/index.md"", ""docs/fr/docs/project-generation.md"", ""docs/fr/docs/python-types.md"", ""docs/fr/docs/virtual-environments.md""]",0
31866382771,Build Docs,success,1a09a151c68ed325efb7cf90c6183116c8e2761c,2026-08-15 05:12:39+00:00,pull_request,94969012289,docs-all-green,success,2.0,10,68,1192,61399,"[""docs/fr/docs/alternatives.md"", ""docs/fr/docs/environment-variables.md"", ""docs/fr/docs/fastapi-cli.md"", ""docs/fr/docs/features.md"", ""docs/fr/docs/help-fastapi.md"", ""docs/fr/docs/history-design-future.md"", ""docs/fr/docs/index.md"", ""docs/fr/docs/project-generation.md"", ""docs/fr/docs/python-types.md"", ""docs/fr/docs/virtual-environments.md""]",0
31866382529,PR #16205,success,1a09a151c68ed325efb7cf90c6183116c8e2761c,2026-08-15 05:12:38+00:00,dynamic,94968040548,Analyze (python),success,52.0,10,68,1192,61399,"[""docs/fr/docs/alternatives.md"", ""docs/fr/docs/environment-variables.md"", ""docs/fr/docs/fastapi-cli.md"", ""docs/fr/docs/features.md"", ""docs/fr/docs/help-fastapi.md"", ""docs/fr/docs/history-design-future.md"", ""docs/fr/docs/index.md"", ""docs/fr/docs/project-generation.md"", ""docs/fr/docs/python-types.md"", ""docs/fr/docs/virtual-environments.md""]",0
31866382529,PR #16205,success,1a09a151c68ed325efb7cf90c6183116c8e2761c,2026-08-15 05:12:38+00:00,dynamic,94968040647,Analyze (javascript-typescript),success,45.0,10,68,1192,61399,"[""docs/fr/docs/alternatives.md"", ""docs/fr/docs/environment-variables.md"", ""docs/fr/docs/fastapi-cli.md"", ""docs/fr/docs/features.md"", ""docs/fr/docs/help-fastapi.md"", ""docs/fr/docs/history-design-future.md"", ""docs/fr/docs/index.md"", ""docs/fr/docs/project-generation.md"", ""docs/fr/docs/python-types.md"", ""docs/fr/docs/virtual-environments.md""]",0
31866382529,PR #16205,success,1a09a151c68ed325efb7cf90c6183116c8e2761c,2026-08-15 05:12:38+00:00,dynamic,94968040650,Analyze (actions),success,44.0,10,68,1192,61399,"[""docs/fr/docs/alternatives.md"", ""docs/fr/docs/environment-variables.md"", ""docs/fr/docs/fastapi-cli.md"", ""docs/fr/docs/features.md"", ""docs/fr/docs/help-fastapi.md"", ""docs/fr/docs/history-design-future.md"", ""docs/fr/docs/index.md"", ""docs/fr/docs/project-generation.md"", ""docs/fr/docs/python-types.md"", ""docs/fr/docs/virtual-environments.md""]",0
31866381345,Conflict detector,success,1a09a151c68ed325efb7cf90c6183116c8e2761c,2026-08-15 05:12:36+00:00,push,94968036312,main,success,2.0,10,68,1192,61399,"[""docs/fr/docs/alternatives.md"", ""docs/fr/docs/environment-variables.md"", ""docs/fr/docs/fastapi-cli.md"", ""docs/fr/docs/features.md"", ""docs/fr/docs/help-fastapi.md"", ""docs/fr/docs/history-design-future.md"", ""docs/fr/docs/index.md"", ""docs/fr/docs/project-generation.md"", ""docs/fr/docs/python-types.md"", ""docs/fr/docs/virtual-environments.md""]",0
31866379462,Notify Translations,success,12fc9f890614b0483facda9624964639550eb062,2026-08-15 05:12:33+00:00,pull_request_target,94968030754,job,success,25.0,10,72,1195,35395,"[""docs/zh/docs/alternatives.md"", ""docs/zh/docs/environment-variables.md"", ""docs/zh/docs/fastapi-cli.md"", ""docs/zh/docs/features.md"", ""docs/zh/docs/help-fastapi.md"", ""docs/zh/docs/history-design-future.md"", ""docs/zh/docs/index.md"", ""docs/zh/docs/project-generation.md"", ""docs/zh/docs/python-types.md"", ""docs/zh/docs/virtual-environments.md""]",0
31866379459,Issue Manager,success,12fc9f890614b0483facda9624964639550eb062,2026-08-15 05:12:33+00:00,pull_request_target,94968030762,issue-manager,success,19.0,10,72,1195,35395,"[""docs/zh/docs/alternatives.md"", ""docs/zh/docs/environment-variables.md"", ""docs/zh/docs/fastapi-cli.md"", ""docs/zh/docs/features.md"", ""docs/zh/docs/help-fastapi.md"", ""docs/zh/docs/history-design-future.md"", ""docs/zh/docs/index.md"", ""docs/zh/docs/project-generation.md"", ""docs/zh/docs/python-types.md"", ""docs/zh/docs/virtual-environments.md""]",0
31866378281,Zizmor,success,12fc9f890614b0483facda9624964639550eb062,2026-08-15 05:12:31+00:00,pull_request,94968027582,Run zizmor,success,19.0,10,72,1195,35395,"[""docs/zh/docs/alternatives.md"", ""docs/zh/docs/environment-variables.md"", ""docs/zh/docs/fastapi-cli.md"", ""docs/zh/docs/features.md"", ""docs/zh/docs/help-fastapi.md"", ""docs/zh/docs/history-design-future.md"", ""docs/zh/docs/index.md"", ""docs/zh/docs/project-generation.md"", ""docs/zh/docs/python-types.md"", ""docs/zh/docs/virtual-environments.md""]",0
31866378371,Add to Project,success,12fc9f890614b0483facda9624964639550eb062,2026-08-15 05:12:31+00:00,pull_request_target,94968027999,Add to project,success,5.0,10,72,1195,35395,"[""docs/zh/docs/alternatives.md"", ""docs/zh/docs/environment-variables.md"", ""docs/zh/docs/fastapi-cli.md"", ""docs/zh/docs/features.md"", ""docs/zh/docs/help-fastapi.md"", ""docs/zh/docs/history-design-future.md"", ""docs/zh/docs/index.md"", ""docs/zh/docs/project-generation.md"", ""docs/zh/docs/python-types.md"", ""docs/zh/docs/virtual-environments.md""]",0
31866378388,Test,success,12fc9f890614b0483facda9624964639550eb062,2026-08-15 05:12:31+00:00,pull_request,94968028053,changes,success,4.0,10,72,1195,35395,"[""docs/zh/docs/alternatives.md"", ""docs/zh/docs/environment-variables.md"", ""docs/zh/docs/fastapi-cli.md"", ""docs/zh/docs/features.md"", ""docs/zh/docs/help-fastapi.md"", ""docs/zh/docs/history-design-future.md"", ""docs/zh/docs/index.md"", ""docs/zh/docs/project-generation.md"", ""docs/zh/docs/python-types.md"", ""docs/zh/docs/virtual-environments.md""]",0
31866378388,Test,success,12fc9f890614b0483facda9624964639550eb062,2026-08-15 05:12:31+00:00,pull_request,94968028078,regression-test,success,9.0,10,72,1195,35395,"[""docs/zh/docs/alternatives.md"", ""docs/zh/docs/environment-variables.md"", ""docs/zh/docs/fastapi-cli.md"", ""docs/zh/docs/features.md"", ""docs/zh/docs/help-fastapi.md"", ""docs/zh/docs/history-design-future.md"", ""docs/zh/docs/index.md"", ""docs/zh/docs/project-generation.md"", ""docs/zh/docs/python-types.md"", ""docs/zh/docs/virtual-environments.md""]",0
31866378388,Test,success,12fc9f890614b0483facda9624964639550eb062,2026-08-15 05:12:31+00:00,pull_request,94968113611,test-alls-green,success,5.0,10,72,1195,35395,"[""docs/zh/docs/alternatives.md"", ""docs/zh/docs/environment-variables.md"", ""docs/zh/docs/fastapi-cli.md"", ""docs/zh/docs/features.md"", ""docs/zh/docs/help-fastapi.md"", ""docs/zh/docs/history-design-future.md"", ""docs/zh/docs/index.md"", ""docs/zh/docs/project-generation.md"", ""docs/zh/docs/python-types.md"", ""docs/zh/docs/virtual-environments.md""]",0
31866378310,Test Redistribute,success,12fc9f890614b0483facda9624964639550eb062,2026-08-15 05:12:31+00:00,pull_request,94968027726,test-redistribute,success,57.0,10,72,1195,35395,"[""docs/zh/docs/alternatives.md"", ""docs/zh/docs/environment-variables.md"", ""docs/zh/docs/fastapi-cli.md"", ""docs/zh/docs/features.md"", ""docs/zh/docs/help-fastapi.md"", ""docs/zh/docs/history-design-future.md"", ""docs/zh/docs/index.md"", ""docs/zh/docs/project-generation.md"", ""docs/zh/docs/python-types.md"", ""docs/zh/docs/virtual-environments.md""]",0
31866378310,Test Redistribute,success,12fc9f890614b0483facda9624964639550eb062,2026-08-15 05:12:31+00:00,pull_request,94968247229,test-redistribute-alls-green,success,5.0,10,72,1195,35395,"[""docs/zh/docs/alternatives.md"", ""docs/zh/docs/environment-variables.md"", ""docs/zh/docs/fastapi-cli.md"", ""docs/zh/docs/features.md"", ""docs/zh/docs/help-fastapi.md"", ""docs/zh/docs/history-design-future.md"", ""docs/zh/docs/index.md"", ""docs/zh/docs/project-generation.md"", ""docs/zh/docs/python-types.md"", ""docs/zh/docs/virtual-environments.md""]",0
31866378328,pre-commit,success,12fc9f890614b0483facda9624964639550eb062,2026-08-15 05:12:31+00:00,pull_request,94968027821,pre-commit,success,50.0,10,72,1195,35395,"[""docs/zh/docs/alternatives.md"", ""docs/zh/docs/environment-variables.md"", ""docs/zh/docs/fastapi-cli.md"", ""docs/zh/docs/features.md"", ""docs/zh/docs/help-fastapi.md"", ""docs/zh/docs/history-design-future.md"", ""docs/zh/docs/index.md"", ""docs/zh/docs/project-generation.md"", ""docs/zh/docs/python-types.md"", ""docs/zh/docs/virtual-environments.md""]",0
31866378328,pre-commit,success,12fc9f890614b0483facda9624964639550eb062,2026-08-15 05:12:31+00:00,pull_request,94968275639,pre-commit-alls-green,success,2.0,10,72,1195,35395,"[""docs/zh/docs/alternatives.md"", ""docs/zh/docs/environment-variables.md"", ""docs/zh/docs/fastapi-cli.md"", ""docs/zh/docs/features.md"", ""docs/zh/docs/help-fastapi.md"", ""docs/zh/docs/history-design-future.md"", ""docs/zh/docs/index.md"", ""docs/zh/docs/project-generation.md"", ""docs/zh/docs/python-types.md"", ""docs/zh/docs/virtual-environments.md""]",0
31866378269,Build Docs,success,12fc9f890614b0483facda9624964639550eb062,2026-08-15 05:12:31+00:00,pull_request,94968027642,changes,success,5.0,10,72,1195,35395,"[""docs/zh/docs/alternatives.md"", ""docs/zh/docs/environment-variables.md"", ""docs/zh/docs/fastapi-cli.md"", ""docs/zh/docs/features.md"", ""docs/zh/docs/help-fastapi.md"", ""docs/zh/docs/history-design-future.md"", ""docs/zh/docs/index.md"", ""docs/zh/docs/project-generation.md"", ""docs/zh/docs/python-types.md"", ""docs/zh/docs/virtual-environments.md""]",0
31866378269,Build Docs,success,12fc9f890614b0483facda9624964639550eb062,2026-08-15 05:12:31+00:00,pull_request,94968085430,langs,success,14.0,10,72,1195,35395,"[""docs/zh/docs/alternatives.md"", ""docs/zh/docs/environment-variables.md"", ""docs/zh/docs/fastapi-cli.md"", ""docs/zh/docs/features.md"", ""docs/zh/docs/help-fastapi.md"", ""docs/zh/docs/history-design-future.md"", ""docs/zh/docs/index.md"", ""docs/zh/docs/project-generation.md"", ""docs/zh/docs/python-types.md"", ""docs/zh/docs/virtual-environments.md""]",0
31866378269,Build Docs,success,12fc9f890614b0483facda9624964639550eb062,2026-08-15 05:12:31+00:00,pull_request,94968181769,build-docs (en),success,40.0,10,72,1195,35395,"[""docs/zh/docs/alternatives.md"", ""docs/zh/docs/environment-variables.md"", ""docs/zh/docs/fastapi-cli.md"", ""docs/zh/docs/features.md"", ""docs/zh/docs/help-fastapi.md"", ""docs/zh/docs/history-design-future.md"", ""docs/zh/docs/index.md"", ""docs/zh/docs/project-generation.md"", ""docs/zh/docs/python-types.md"", ""docs/zh/docs/virtual-environments.md""]",0
31866378269,Build Docs,success,12fc9f890614b0483facda9624964639550eb062,2026-08-15 05:12:31+00:00,pull_request,94968181779,build-docs (fr),success,39.0,10,72,1195,35395,"[""docs/zh/docs/alternatives.md"", ""docs/zh/docs/environment-variables.md"", ""docs/zh/docs/fastapi-cli.md"", ""docs/zh/docs/features.md"", ""docs/zh/docs/help-fastapi.md"", ""docs/zh/docs/history-design-future.md"", ""docs/zh/docs/index.md"", ""docs/zh/docs/project-generation.md"", ""docs/zh/docs/python-types.md"", ""docs/zh/docs/virtual-environments.md""]",0
31866378269,Build Docs,success,12fc9f890614b0483facda9624964639550eb062,2026-08-15 05:12:31+00:00,pull_request,94968181780,build-docs (pt),success,38.0,10,72,1195,35395,"[""docs/zh/docs/alternatives.md"", ""docs/zh/docs/environment-variables.md"", ""docs/zh/docs/fastapi-cli.md"", ""docs/zh/docs/features.md"", ""docs/zh/docs/help-fastapi.md"", ""docs/zh/docs/history-design-future.md"", ""docs/zh/docs/index.md"", ""docs/zh/docs/project-generation.md"", ""docs/zh/docs/python-types.md"", ""docs/zh/docs/virtual-environments.md""]",0
31866378269,Build Docs,success,12fc9f890614b0483facda9624964639550eb062,2026-08-15 05:12:31+00:00,pull_request,94968181785,build-docs (ko),success,40.0,10,72,1195,35395,"[""docs/zh/docs/alternatives.md"", ""docs/zh/docs/environment-variables.md"", ""docs/zh/docs/fastapi-cli.md"", ""docs/zh/docs/features.md"", ""docs/zh/docs/help-fastapi.md"", ""docs/zh/docs/history-design-future.md"", ""docs/zh/docs/index.md"", ""docs/zh/docs/project-generation.md"", ""docs/zh/docs/python-types.md"", ""docs/zh/docs/virtual-environments.md""]",0
31866378269,Build Docs,success,12fc9f890614b0483facda9624964639550eb062,2026-08-15 05:12:31+00:00,pull_request,94968181791,build-docs (hi),success,38.0,10,72,1195,35395,"[""docs/zh/docs/alternatives.md"", ""docs/zh/docs/environment-variables.md"", ""docs/zh/docs/fastapi-cli.md"", ""docs/zh/docs/features.md"", ""docs/zh/docs/help-fastapi.md"", ""docs/zh/docs/history-design-future.md"", ""docs/zh/docs/index.md"", ""docs/zh/docs/project-generation.md"", ""docs/zh/docs/python-types.md"", ""docs/zh/docs/virtual-environments.md""]",0
31866378269,Build Docs,success,12fc9f890614b0483facda9624964639550eb062,2026-08-15 05:12:31+00:00,pull_request,94968181792,build-docs (tr),success,41.0,10,72,1195,35395,"[""docs/zh/docs/alternatives.md"", ""docs/zh/docs/environment-variables.md"", ""docs/zh/docs/fastapi-cli.md"", ""docs/zh/docs/features.md"", ""docs/zh/docs/help-fastapi.md"", ""docs/zh/docs/history-design-future.md"", ""docs/zh/docs/index.md"", ""docs/zh/docs/project-generation.md"", ""docs/zh/docs/python-types.md"", ""docs/zh/docs/virtual-environments.md""]",0
31866378269,Build Docs,success,12fc9f890614b0483facda9624964639550eb062,2026-08-15 05:12:31+00:00,pull_request,94968181800,build-docs (ja),success,38.0,10,72,1195,35395,"[""docs/zh/docs/alternatives.md"", ""docs/zh/docs/environment-variables.md"", ""docs/zh/docs/fastapi-cli.md"", ""docs/zh/docs/features.md"", ""docs/zh/docs/help-fastapi.md"", ""docs/zh/docs/history-design-future.md"", ""docs/zh/docs/index.md"", ""docs/zh/docs/project-generation.md"", ""docs/zh/docs/python-types.md"", ""docs/zh/docs/virtual-environments.md""]",0
31866378269,Build Docs,success,12fc9f890614b0483facda9624964639550eb062,2026-08-15 05:12:31+00:00,pull_request,94968181811,build-docs (es),success,39.0,10,72,1195,35395,"[""docs/zh/docs/alternatives.md"", ""docs/zh/docs/environment-variables.md"", ""docs/zh/docs/fastapi-cli.md"", ""docs/zh/docs/features.md"", ""docs/zh/docs/help-fastapi.md"", ""docs/zh/docs/history-design-future.md"", ""docs/zh/docs/index.md"", ""docs/zh/docs/project-generation.md"", ""docs/zh/docs/python-types.md"", ""docs/zh/docs/virtual-environments.md""]",0
31866378269,Build Docs,success,12fc9f890614b0483facda9624964639550eb062,2026-08-15 05:12:31+00:00,pull_request,94968181815,build-docs (uk),success,40.0,10,72,1195,35395,"[""docs/zh/docs/alternatives.md"", ""docs/zh/docs/environment-variables.md"", ""docs/zh/docs/fastapi-cli.md"", ""docs/zh/docs/features.md"", ""docs/zh/docs/help-fastapi.md"", ""docs/zh/docs/history-design-future.md"", ""docs/zh/docs/index.md"", ""docs/zh/docs/project-generation.md"", ""docs/zh/docs/python-types.md"", ""docs/zh/docs/virtual-environments.md""]",0
31866378269,Build Docs,success,12fc9f890614b0483facda9624964639550eb062,2026-08-15 05:12:31+00:00,pull_request,94968181823,build-docs (zh),success,37.0,10,72,1195,35395,"[""docs/zh/docs/alternatives.md"", ""docs/zh/docs/environment-variables.md"", ""docs/zh/docs/fastapi-cli.md"", ""docs/zh/docs/features.md"", ""docs/zh/docs/help-fastapi.md"", ""docs/zh/docs/history-design-future.md"", ""docs/zh/docs/index.md"", ""docs/zh/docs/project-generation.md"", ""docs/zh/docs/python-types.md"", ""docs/zh/docs/virtual-environments.md""]",0
31866378269,Build Docs,success,12fc9f890614b0483facda9624964639550eb062,2026-08-15 05:12:31+00:00,pull_request,94968181826,build-docs (ru),success,41.0,10,72,1195,35395,"[""docs/zh/docs/alternatives.md"", ""docs/zh/docs/environment-variables.md"", ""docs/zh/docs/fastapi-cli.md"", ""docs/zh/docs/features.md"", ""docs/zh/docs/help-fastapi.md"", ""docs/zh/docs/history-design-future.md"", ""docs/zh/docs/index.md"", ""docs/zh/docs/project-generation.md"", ""docs/zh/docs/python-types.md"", ""docs/zh/docs/virtual-environments.md""]",0
31866378269,Build Docs,success,12fc9f890614b0483facda9624964639550eb062,2026-08-15 05:12:31+00:00,pull_request,94968181830,build-docs (de),success,38.0,10,72,1195,35395,"[""docs/zh/docs/alternatives.md"", ""docs/zh/docs/environment-variables.md"", ""docs/zh/docs/fastapi-cli.md"", ""docs/zh/docs/features.md"", ""docs/zh/docs/help-fastapi.md"", ""docs/zh/docs/history-design-future.md"", ""docs/zh/docs/index.md"", ""docs/zh/docs/project-generation.md"", ""docs/zh/docs/python-types.md"", ""docs/zh/docs/virtual-environments.md""]",0
31866378269,Build Docs,success,12fc9f890614b0483facda9624964639550eb062,2026-08-15 05:12:31+00:00,pull_request,94968181831,build-docs (zh-hant),success,33.0,10,72,1195,35395,"[""docs/zh/docs/alternatives.md"", ""docs/zh/docs/environment-variables.md"", ""docs/zh/docs/fastapi-cli.md"", ""docs/zh/docs/features.md"", ""docs/zh/docs/help-fastapi.md"", ""docs/zh/docs/history-design-future.md"", ""docs/zh/docs/index.md"", ""docs/zh/docs/project-generation.md"", ""docs/zh/docs/python-types.md"", ""docs/zh/docs/virtual-environments.md""]",0
31866378269,Build Docs,success,12fc9f890614b0483facda9624964639550eb062,2026-08-15 05:12:31+00:00,pull_request,94968919534,docs-all-green,success,2.0,10,72,1195,35395,"[""docs/zh/docs/alternatives.md"", ""docs/zh/docs/environment-variables.md"", ""docs/zh/docs/fastapi-cli.md"", ""docs/zh/docs/features.md"", ""docs/zh/docs/help-fastapi.md"", ""docs/zh/docs/history-design-future.md"", ""docs/zh/docs/index.md"", ""docs/zh/docs/project-generation.md"", ""docs/zh/docs/python-types.md"", ""docs/zh/docs/virtual-environments.md""]",0
31866376087,Conflict detector,success,12fc9f890614b0483facda9624964639550eb062,2026-08-15 05:12:28+00:00,push,94968022158,main,success,6.0,10,72,1195,35395,"[""docs/zh/docs/alternatives.md"", ""docs/zh/docs/environment-variables.md"", ""docs/zh/docs/fastapi-cli.md"", ""docs/zh/docs/features.md"", ""docs/zh/docs/help-fastapi.md"", ""docs/zh/docs/history-design-future.md"", ""docs/zh/docs/index.md"", ""docs/zh/docs/project-generation.md"", ""docs/zh/docs/python-types.md"", ""docs/zh/docs/virtual-environments.md""]",0
31866375625,Issue Manager,success,b1538e038e53c97092c314c9ea68aa6b3b8657c8,2026-08-15 05:12:28+00:00,pull_request_target,94968021314,issue-manager,success,29.0,10,67,1192,56433,"[""docs/es/docs/alternatives.md"", ""docs/es/docs/environment-variables.md"", ""docs/es/docs/fastapi-cli.md"", ""docs/es/docs/features.md"", ""docs/es/docs/help-fastapi.md"", ""docs/es/docs/history-design-future.md"", ""docs/es/docs/index.md"", ""docs/es/docs/project-generation.md"", ""docs/es/docs/python-types.md"", ""docs/es/docs/virtual-environments.md""]",0
31866376028,PR #16204,success,12fc9f890614b0483facda9624964639550eb062,2026-08-15 05:12:28+00:00,dynamic,94968023928,Analyze (python),success,54.0,10,72,1195,35395,"[""docs/zh/docs/alternatives.md"", ""docs/zh/docs/environment-variables.md"", ""docs/zh/docs/fastapi-cli.md"", ""docs/zh/docs/features.md"", ""docs/zh/docs/help-fastapi.md"", ""docs/zh/docs/history-design-future.md"", ""docs/zh/docs/index.md"", ""docs/zh/docs/project-generation.md"", ""docs/zh/docs/python-types.md"", ""docs/zh/docs/virtual-environments.md""]",0
31866376028,PR #16204,success,12fc9f890614b0483facda9624964639550eb062,2026-08-15 05:12:28+00:00,dynamic,94968023985,Analyze (actions),success,43.0,10,72,1195,35395,"[""docs/zh/docs/alternatives.md"", ""docs/zh/docs/environment-variables.md"", ""docs/zh/docs/fastapi-cli.md"", ""docs/zh/docs/features.md"", ""docs/zh/docs/help-fastapi.md"", ""docs/zh/docs/history-design-future.md"", ""docs/zh/docs/index.md"", ""docs/zh/docs/project-generation.md"", ""docs/zh/docs/python-types.md"", ""docs/zh/docs/virtual-environments.md""]",0
31866376028,PR #16204,success,12fc9f890614b0483facda9624964639550eb062,2026-08-15 05:12:28+00:00,dynamic,94968023993,Analyze (javascript-typescript),success,57.0,10,72,1195,35395,"[""docs/zh/docs/alternatives.md"", ""docs/zh/docs/environment-variables.md"", ""docs/zh/docs/fastapi-cli.md"", ""docs/zh/docs/features.md"", ""docs/zh/docs/help-fastapi.md"", ""docs/zh/docs/history-design-future.md"", ""docs/zh/docs/index.md"", ""docs/zh/docs/project-generation.md"", ""docs/zh/docs/python-types.md"", ""docs/zh/docs/virtual-environments.md""]",0
31866373995,Notify Translations,success,b1538e038e53c97092c314c9ea68aa6b3b8657c8,2026-08-15 05:12:25+00:00,pull_request_target,94968017782,job,success,31.0,10,67,1192,56433,"[""docs/es/docs/alternatives.md"", ""docs/es/docs/environment-variables.md"", ""docs/es/docs/fastapi-cli.md"", ""docs/es/docs/features.md"", ""docs/es/docs/help-fastapi.md"", ""docs/es/docs/history-design-future.md"", ""docs/es/docs/index.md"", ""docs/es/docs/project-generation.md"", ""docs/es/docs/python-types.md"", ""docs/es/docs/virtual-environments.md""]",0
31866372699,Issue Manager,success,43fa28a997eefe4120b8b6307cb206acad955a5b,2026-08-15 05:12:24+00:00,pull_request_target,94968014875,issue-manager,success,14.0,10,74,1198,61672,"[""docs/pt/docs/alternatives.md"", ""docs/pt/docs/environment-variables.md"", ""docs/pt/docs/fastapi-cli.md"", ""docs/pt/docs/features.md"", ""docs/pt/docs/help-fastapi.md"", ""docs/pt/docs/history-design-future.md"", ""docs/pt/docs/index.md"", ""docs/pt/docs/project-generation.md"", ""docs/pt/docs/python-types.md"", ""docs/pt/docs/virtual-environments.md""]",0
31866372767,Notify Translations,success,43fa28a997eefe4120b8b6307cb206acad955a5b,2026-08-15 05:12:24+00:00,pull_request_target,94968015084,job,success,24.0,10,74,1198,61672,"[""docs/pt/docs/alternatives.md"", ""docs/pt/docs/environment-variables.md"", ""docs/pt/docs/fastapi-cli.md"", ""docs/pt/docs/features.md"", ""docs/pt/docs/help-fastapi.md"", ""docs/pt/docs/history-design-future.md"", ""docs/pt/docs/index.md"", ""docs/pt/docs/project-generation.md"", ""docs/pt/docs/python-types.md"", ""docs/pt/docs/virtual-environments.md""]",0
31866372099,Zizmor,success,b1538e038e53c97092c314c9ea68aa6b3b8657c8,2026-08-15 05:12:23+00:00,pull_request,94968013521,Run zizmor,success,19.0,10,67,1192,56433,"[""docs/es/docs/alternatives.md"", ""docs/es/docs/environment-variables.md"", ""docs/es/docs/fastapi-cli.md"", ""docs/es/docs/features.md"", ""docs/es/docs/help-fastapi.md"", ""docs/es/docs/history-design-future.md"", ""docs/es/docs/index.md"", ""docs/es/docs/project-generation.md"", ""docs/es/docs/python-types.md"", ""docs/es/docs/virtual-environments.md""]",0
31866372130,Test,success,b1538e038e53c97092c314c9ea68aa6b3b8657c8,2026-08-15 05:12:23+00:00,pull_request,94968013580,changes,success,6.0,10,67,1192,56433,"[""docs/es/docs/alternatives.md"", ""docs/es/docs/environment-variables.md"", ""docs/es/docs/fastapi-cli.md"", ""docs/es/docs/features.md"", ""docs/es/docs/help-fastapi.md"", ""docs/es/docs/history-design-future.md"", ""docs/es/docs/index.md"", ""docs/es/docs/project-generation.md"", ""docs/es/docs/python-types.md"", ""docs/es/docs/virtual-environments.md""]",0
31866372130,Test,success,b1538e038e53c97092c314c9ea68aa6b3b8657c8,2026-08-15 05:12:23+00:00,pull_request,94968013870,regression-test,success,11.0,10,67,1192,56433,"[""docs/es/docs/alternatives.md"", ""docs/es/docs/environment-variables.md"", ""docs/es/docs/fastapi-cli.md"", ""docs/es/docs/features.md"", ""docs/es/docs/help-fastapi.md"", ""docs/es/docs/history-design-future.md"", ""docs/es/docs/index.md"", ""docs/es/docs/project-generation.md"", ""docs/es/docs/python-types.md"", ""docs/es/docs/virtual-environments.md""]",0
31866372130,Test,success,b1538e038e53c97092c314c9ea68aa6b3b8657c8,2026-08-15 05:12:23+00:00,pull_request,94968074892,test-alls-green,success,2.0,10,67,1192,56433,"[""docs/es/docs/alternatives.md"", ""docs/es/docs/environment-variables.md"", ""docs/es/docs/fastapi-cli.md"", ""docs/es/docs/features.md"", ""docs/es/docs/help-fastapi.md"", ""docs/es/docs/history-design-future.md"", ""docs/es/docs/index.md"", ""docs/es/docs/project-generation.md"", ""docs/es/docs/python-types.md"", ""docs/es/docs/virtual-environments.md""]",0
31866372171,Add to Project,success,b1538e038e53c97092c314c9ea68aa6b3b8657c8,2026-08-15 05:12:23+00:00,pull_request_target,94968013749,Add to project,success,6.0,10,67,1192,56433,"[""docs/es/docs/alternatives.md"", ""docs/es/docs/environment-variables.md"", ""docs/es/docs/fastapi-cli.md"", ""docs/es/docs/features.md"", ""docs/es/docs/help-fastapi.md"", ""docs/es/docs/history-design-future.md"", ""docs/es/docs/index.md"", ""docs/es/docs/project-generation.md"", ""docs/es/docs/python-types.md"", ""docs/es/docs/virtual-environments.md""]",0
31866372097,Test Redistribute,success,b1538e038e53c97092c314c9ea68aa6b3b8657c8,2026-08-15 05:12:23+00:00,pull_request,94968013309,test-redistribute,success,62.0,10,67,1192,56433,"[""docs/es/docs/alternatives.md"", ""docs/es/docs/environment-variables.md"", ""docs/es/docs/fastapi-cli.md"", ""docs/es/docs/features.md"", ""docs/es/docs/help-fastapi.md"", ""docs/es/docs/history-design-future.md"", ""docs/es/docs/index.md"", ""docs/es/docs/project-generation.md"", ""docs/es/docs/python-types.md"", ""docs/es/docs/virtual-environments.md""]",0
31866372097,Test Redistribute,success,b1538e038e53c97092c314c9ea68aa6b3b8657c8,2026-08-15 05:12:23+00:00,pull_request,94968167854,test-redistribute-alls-green,success,3.0,10,67,1192,56433,"[""docs/es/docs/alternatives.md"", ""docs/es/docs/environment-variables.md"", ""docs/es/docs/fastapi-cli.md"", ""docs/es/docs/features.md"", ""docs/es/docs/help-fastapi.md"", ""docs/es/docs/history-design-future.md"", ""docs/es/docs/index.md"", ""docs/es/docs/project-generation.md"", ""docs/es/docs/python-types.md"", ""docs/es/docs/virtual-environments.md""]",0
31866372102,pre-commit,success,b1538e038e53c97092c314c9ea68aa6b3b8657c8,2026-08-15 05:12:23+00:00,pull_request,94968013254,pre-commit,success,43.0,10,67,1192,56433,"[""docs/es/docs/alternatives.md"", ""docs/es/docs/environment-variables.md"", ""docs/es/docs/fastapi-cli.md"", ""docs/es/docs/features.md"", ""docs/es/docs/help-fastapi.md"", ""docs/es/docs/history-design-future.md"", ""docs/es/docs/index.md"", ""docs/es/docs/project-generation.md"", ""docs/es/docs/python-types.md"", ""docs/es/docs/virtual-environments.md""]",0
31866372102,pre-commit,success,b1538e038e53c97092c314c9ea68aa6b3b8657c8,2026-08-15 05:12:23+00:00,pull_request,94968274347,pre-commit-alls-green,success,6.0,10,67,1192,56433,"[""docs/es/docs/alternatives.md"", ""docs/es/docs/environment-variables.md"", ""docs/es/docs/fastapi-cli.md"", ""docs/es/docs/features.md"", ""docs/es/docs/help-fastapi.md"", ""docs/es/docs/history-design-future.md"", ""docs/es/docs/index.md"", ""docs/es/docs/project-generation.md"", ""docs/es/docs/python-types.md"", ""docs/es/docs/virtual-environments.md""]",0
31866372117,Build Docs,success,b1538e038e53c97092c314c9ea68aa6b3b8657c8,2026-08-15 05:12:23+00:00,pull_request,94968013407,changes,success,6.0,10,67,1192,56433,"[""docs/es/docs/alternatives.md"", ""docs/es/docs/environment-variables.md"", ""docs/es/docs/fastapi-cli.md"", ""docs/es/docs/features.md"", ""docs/es/docs/help-fastapi.md"", ""docs/es/docs/history-design-future.md"", ""docs/es/docs/index.md"", ""docs/es/docs/project-generation.md"", ""docs/es/docs/python-types.md"", ""docs/es/docs/virtual-environments.md""]",0
31866372117,Build Docs,success,b1538e038e53c97092c314c9ea68aa6b3b8657c8,2026-08-15 05:12:23+00:00,pull_request,94968067619,langs,success,13.0,10,67,1192,56433,"[""docs/es/docs/alternatives.md"", ""docs/es/docs/environment-variables.md"", ""docs/es/docs/fastapi-cli.md"", ""docs/es/docs/features.md"", ""docs/es/docs/help-fastapi.md"", ""docs/es/docs/history-design-future.md"", ""docs/es/docs/index.md"", ""docs/es/docs/project-generation.md"", ""docs/es/docs/python-types.md"", ""docs/es/docs/virtual-environments.md""]",0
31866372117,Build Docs,success,b1538e038e53c97092c314c9ea68aa6b3b8657c8,2026-08-15 05:12:23+00:00,pull_request,94968183426,build-docs (en),success,40.0,10,67,1192,56433,"[""docs/es/docs/alternatives.md"", ""docs/es/docs/environment-variables.md"", ""docs/es/docs/fastapi-cli.md"", ""docs/es/docs/features.md"", ""docs/es/docs/help-fastapi.md"", ""docs/es/docs/history-design-future.md"", ""docs/es/docs/index.md"", ""docs/es/docs/project-generation.md"", ""docs/es/docs/python-types.md"", ""docs/es/docs/virtual-environments.md""]",0
31866372117,Build Docs,success,b1538e038e53c97092c314c9ea68aa6b3b8657c8,2026-08-15 05:12:23+00:00,pull_request,94968183445,build-docs (fr),success,35.0,10,67,1192,56433,"[""docs/es/docs/alternatives.md"", ""docs/es/docs/environment-variables.md"", ""docs/es/docs/fastapi-cli.md"", ""docs/es/docs/features.md"", ""docs/es/docs/help-fastapi.md"", ""docs/es/docs/history-design-future.md"", ""docs/es/docs/index.md"", ""docs/es/docs/project-generation.md"", ""docs/es/docs/python-types.md"", ""docs/es/docs/virtual-environments.md""]",0
31866372117,Build Docs,success,b1538e038e53c97092c314c9ea68aa6b3b8657c8,2026-08-15 05:12:23+00:00,pull_request,94968183464,build-docs (es),success,37.0,10,67,1192,56433,"[""docs/es/docs/alternatives.md"", ""docs/es/docs/environment-variables.md"", ""docs/es/docs/fastapi-cli.md"", ""docs/es/docs/features.md"", ""docs/es/docs/help-fastapi.md"", ""docs/es/docs/history-design-future.md"", ""docs/es/docs/index.md"", ""docs/es/docs/project-generation.md"", ""docs/es/docs/python-types.md"", ""docs/es/docs/virtual-environments.md""]",0
31866372117,Build Docs,success,b1538e038e53c97092c314c9ea68aa6b3b8657c8,2026-08-15 05:12:23+00:00,pull_request,94968183465,build-docs (hi),success,43.0,10,67,1192,56433,"[""docs/es/docs/alternatives.md"", ""docs/es/docs/environment-variables.md"", ""docs/es/docs/fastapi-cli.md"", ""docs/es/docs/features.md"", ""docs/es/docs/help-fastapi.md"", ""docs/es/docs/history-design-future.md"", ""docs/es/docs/index.md"", ""docs/es/docs/project-generation.md"", ""docs/es/docs/python-types.md"", ""docs/es/docs/virtual-environments.md""]",0
31866372117,Build Docs,success,b1538e038e53c97092c314c9ea68aa6b3b8657c8,2026-08-15 05:12:23+00:00,pull_request,94968183467,build-docs (de),success,39.0,10,67,1192,56433,"[""docs/es/docs/alternatives.md"", ""docs/es/docs/environment-variables.md"", ""docs/es/docs/fastapi-cli.md"", ""docs/es/docs/features.md"", ""docs/es/docs/help-fastapi.md"", ""docs/es/docs/history-design-future.md"", ""docs/es/docs/index.md"", ""docs/es/docs/project-generation.md"", ""docs/es/docs/python-types.md"", ""docs/es/docs/virtual-environments.md""]",0
31866372117,Build Docs,success,b1538e038e53c97092c314c9ea68aa6b3b8657c8,2026-08-15 05:12:23+00:00,pull_request,94968183472,build-docs (tr),success,31.0,10,67,1192,56433,"[""docs/es/docs/alternatives.md"", ""docs/es/docs/environment-variables.md"", ""docs/es/docs/fastapi-cli.md"", ""docs/es/docs/features.md"", ""docs/es/docs/help-fastapi.md"", ""docs/es/docs/history-design-future.md"", ""docs/es/docs/index.md"", ""docs/es/docs/project-generation.md"", ""docs/es/docs/python-types.md"", ""docs/es/docs/virtual-environments.md""]",0
31866372117,Build Docs,success,b1538e038e53c97092c314c9ea68aa6b3b8657c8,2026-08-15 05:12:23+00:00,pull_request,94968183474,build-docs (ja),success,43.0,10,67,1192,56433,"[""docs/es/docs/alternatives.md"", ""docs/es/docs/environment-variables.md"", ""docs/es/docs/fastapi-cli.md"", ""docs/es/docs/features.md"", ""docs/es/docs/help-fastapi.md"", ""docs/es/docs/history-design-future.md"", ""docs/es/docs/index.md"", ""docs/es/docs/project-generation.md"", ""docs/es/docs/python-types.md"", ""docs/es/docs/virtual-environments.md""]",0
31866372117,Build Docs,success,b1538e038e53c97092c314c9ea68aa6b3b8657c8,2026-08-15 05:12:23+00:00,pull_request,94968183480,build-docs (pt),success,32.0,10,67,1192,56433,"[""docs/es/docs/alternatives.md"", ""docs/es/docs/environment-variables.md"", ""docs/es/docs/fastapi-cli.md"", ""docs/es/docs/features.md"", ""docs/es/docs/help-fastapi.md"", ""docs/es/docs/history-design-future.md"", ""docs/es/docs/index.md"", ""docs/es/docs/project-generation.md"", ""docs/es/docs/python-types.md"", ""docs/es/docs/virtual-environments.md""]",0
31866372117,Build Docs,success,b1538e038e53c97092c314c9ea68aa6b3b8657c8,2026-08-15 05:12:23+00:00,pull_request,94968183497,build-docs (ko),success,38.0,10,67,1192,56433,"[""docs/es/docs/alternatives.md"", ""docs/es/docs/environment-variables.md"", ""docs/es/docs/fastapi-cli.md"", ""docs/es/docs/features.md"", ""docs/es/docs/help-fastapi.md"", ""docs/es/docs/history-design-future.md"", ""docs/es/docs/index.md"", ""docs/es/docs/project-generation.md"", ""docs/es/docs/python-types.md"", ""docs/es/docs/virtual-environments.md""]",0
31866372117,Build Docs,success,b1538e038e53c97092c314c9ea68aa6b3b8657c8,2026-08-15 05:12:23+00:00,pull_request,94968183500,build-docs (zh-hant),success,45.0,10,67,1192,56433,"[""docs/es/docs/alternatives.md"", ""docs/es/docs/environment-variables.md"", ""docs/es/docs/fastapi-cli.md"", ""docs/es/docs/features.md"", ""docs/es/docs/help-fastapi.md"", ""docs/es/docs/history-design-future.md"", ""docs/es/docs/index.md"", ""docs/es/docs/project-generation.md"", ""docs/es/docs/python-types.md"", ""docs/es/docs/virtual-environments.md""]",0
31866372117,Build Docs,success,b1538e038e53c97092c314c9ea68aa6b3b8657c8,2026-08-15 05:12:23+00:00,pull_request,94968183504,build-docs (uk),success,41.0,10,67,1192,56433,"[""docs/es/docs/alternatives.md"", ""docs/es/docs/environment-variables.md"", ""docs/es/docs/fastapi-cli.md"", ""docs/es/docs/features.md"", ""docs/es/docs/help-fastapi.md"", ""docs/es/docs/history-design-future.md"", ""docs/es/docs/index.md"", ""docs/es/docs/project-generation.md"", ""docs/es/docs/python-types.md"", ""docs/es/docs/virtual-environments.md""]",0
31866372117,Build Docs,success,b1538e038e53c97092c314c9ea68aa6b3b8657c8,2026-08-15 05:12:23+00:00,pull_request,94968183506,build-docs (ru),success,46.0,10,67,1192,56433,"[""docs/es/docs/alternatives.md"", ""docs/es/docs/environment-variables.md"", ""docs/es/docs/fastapi-cli.md"", ""docs/es/docs/features.md"", ""docs/es/docs/help-fastapi.md"", ""docs/es/docs/history-design-future.md"", ""docs/es/docs/index.md"", ""docs/es/docs/project-generation.md"", ""docs/es/docs/python-types.md"", ""docs/es/docs/virtual-environments.md""]",0
31866372117,Build Docs,success,b1538e038e53c97092c314c9ea68aa6b3b8657c8,2026-08-15 05:12:23+00:00,pull_request,94968183517,build-docs (zh),success,39.0,10,67,1192,56433,"[""docs/es/docs/alternatives.md"", ""docs/es/docs/environment-variables.md"", ""docs/es/docs/fastapi-cli.md"", ""docs/es/docs/features.md"", ""docs/es/docs/help-fastapi.md"", ""docs/es/docs/history-design-future.md"", ""docs/es/docs/index.md"", ""docs/es/docs/project-generation.md"", ""docs/es/docs/python-types.md"", ""docs/es/docs/virtual-environments.md""]",0
31866372117,Build Docs,success,b1538e038e53c97092c314c9ea68aa6b3b8657c8,2026-08-15 05:12:23+00:00,pull_request,94969018396,docs-all-green,success,5.0,10,67,1192,56433,"[""docs/es/docs/alternatives.md"", ""docs/es/docs/environment-variables.md"", ""docs/es/docs/fastapi-cli.md"", ""docs/es/docs/features.md"", ""docs/es/docs/help-fastapi.md"", ""docs/es/docs/history-design-future.md"", ""docs/es/docs/index.md"", ""docs/es/docs/project-generation.md"", ""docs/es/docs/python-types.md"", ""docs/es/docs/virtual-environments.md""]",0
31866370336,PR #16203,success,b1538e038e53c97092c314c9ea68aa6b3b8657c8,2026-08-15 05:12:21+00:00,dynamic,94968011237,Analyze (javascript-typescript),success,60.0,10,67,1192,56433,"[""docs/es/docs/alternatives.md"", ""docs/es/docs/environment-variables.md"", ""docs/es/docs/fastapi-cli.md"", ""docs/es/docs/features.md"", ""docs/es/docs/help-fastapi.md"", ""docs/es/docs/history-design-future.md"", ""docs/es/docs/index.md"", ""docs/es/docs/project-generation.md"", ""docs/es/docs/python-types.md"", ""docs/es/docs/virtual-environments.md""]",0
31866370336,PR #16203,success,b1538e038e53c97092c314c9ea68aa6b3b8657c8,2026-08-15 05:12:21+00:00,dynamic,94968011270,Analyze (python),success,60.0,10,67,1192,56433,"[""docs/es/docs/alternatives.md"", ""docs/es/docs/environment-variables.md"", ""docs/es/docs/fastapi-cli.md"", ""docs/es/docs/features.md"", ""docs/es/docs/help-fastapi.md"", ""docs/es/docs/history-design-future.md"", ""docs/es/docs/index.md"", ""docs/es/docs/project-generation.md"", ""docs/es/docs/python-types.md"", ""docs/es/docs/virtual-environments.md""]",0
31866370336,PR #16203,success,b1538e038e53c97092c314c9ea68aa6b3b8657c8,2026-08-15 05:12:21+00:00,dynamic,94968011279,Analyze (actions),success,39.0,10,67,1192,56433,"[""docs/es/docs/alternatives.md"", ""docs/es/docs/environment-variables.md"", ""docs/es/docs/fastapi-cli.md"", ""docs/es/docs/features.md"", ""docs/es/docs/help-fastapi.md"", ""docs/es/docs/history-design-future.md"", ""docs/es/docs/index.md"", ""docs/es/docs/project-generation.md"", ""docs/es/docs/python-types.md"", ""docs/es/docs/virtual-environments.md""]",0
31866369681,Conflict detector,success,b1538e038e53c97092c314c9ea68aa6b3b8657c8,2026-08-15 05:12:20+00:00,push,94968007492,main,success,4.0,10,67,1192,56433,"[""docs/es/docs/alternatives.md"", ""docs/es/docs/environment-variables.md"", ""docs/es/docs/fastapi-cli.md"", ""docs/es/docs/features.md"", ""docs/es/docs/help-fastapi.md"", ""docs/es/docs/history-design-future.md"", ""docs/es/docs/index.md"", ""docs/es/docs/project-generation.md"", ""docs/es/docs/python-types.md"", ""docs/es/docs/virtual-environments.md""]",0
31866369885,Zizmor,success,43fa28a997eefe4120b8b6307cb206acad955a5b,2026-08-15 05:12:20+00:00,pull_request,94968008034,Run zizmor,success,24.0,10,74,1198,61672,"[""docs/pt/docs/alternatives.md"", ""docs/pt/docs/environment-variables.md"", ""docs/pt/docs/fastapi-cli.md"", ""docs/pt/docs/features.md"", ""docs/pt/docs/help-fastapi.md"", ""docs/pt/docs/history-design-future.md"", ""docs/pt/docs/index.md"", ""docs/pt/docs/project-generation.md"", ""docs/pt/docs/python-types.md"", ""docs/pt/docs/virtual-environments.md""]",0
31866369919,Add to Project,success,43fa28a997eefe4120b8b6307cb206acad955a5b,2026-08-15 05:12:20+00:00,pull_request_target,94968008058,Add to project,success,6.0,10,74,1198,61672,"[""docs/pt/docs/alternatives.md"", ""docs/pt/docs/environment-variables.md"", ""docs/pt/docs/fastapi-cli.md"", ""docs/pt/docs/features.md"", ""docs/pt/docs/help-fastapi.md"", ""docs/pt/docs/history-design-future.md"", ""docs/pt/docs/index.md"", ""docs/pt/docs/project-generation.md"", ""docs/pt/docs/python-types.md"", ""docs/pt/docs/virtual-environments.md""]",0
31866369909,pre-commit,success,43fa28a997eefe4120b8b6307cb206acad955a5b,2026-08-15 05:12:20+00:00,pull_request,94968008020,pre-commit,success,49.0,10,74,1198,61672,"[""docs/pt/docs/alternatives.md"", ""docs/pt/docs/environment-variables.md"", ""docs/pt/docs/fastapi-cli.md"", ""docs/pt/docs/features.md"", ""docs/pt/docs/help-fastapi.md"", ""docs/pt/docs/history-design-future.md"", ""docs/pt/docs/index.md"", ""docs/pt/docs/project-generation.md"", ""docs/pt/docs/python-types.md"", ""docs/pt/docs/virtual-environments.md""]",0
31866369909,pre-commit,success,43fa28a997eefe4120b8b6307cb206acad955a5b,2026-08-15 05:12:20+00:00,pull_request,94968121111,pre-commit-alls-green,success,5.0,10,74,1198,61672,"[""docs/pt/docs/alternatives.md"", ""docs/pt/docs/environment-variables.md"", ""docs/pt/docs/fastapi-cli.md"", ""docs/pt/docs/features.md"", ""docs/pt/docs/help-fastapi.md"", ""docs/pt/docs/history-design-future.md"", ""docs/pt/docs/index.md"", ""docs/pt/docs/project-generation.md"", ""docs/pt/docs/python-types.md"", ""docs/pt/docs/virtual-environments.md""]",0
31866369887,Test,success,43fa28a997eefe4120b8b6307cb206acad955a5b,2026-08-15 05:12:20+00:00,pull_request,94968008074,regression-test,success,12.0,10,74,1198,61672,"[""docs/pt/docs/alternatives.md"", ""docs/pt/docs/environment-variables.md"", ""docs/pt/docs/fastapi-cli.md"", ""docs/pt/docs/features.md"", ""docs/pt/docs/help-fastapi.md"", ""docs/pt/docs/history-design-future.md"", ""docs/pt/docs/index.md"", ""docs/pt/docs/project-generation.md"", ""docs/pt/docs/python-types.md"", ""docs/pt/docs/virtual-environments.md""]",0
31866369887,Test,success,43fa28a997eefe4120b8b6307cb206acad955a5b,2026-08-15 05:12:20+00:00,pull_request,94968008075,changes,success,6.0,10,74,1198,61672,"[""docs/pt/docs/alternatives.md"", ""docs/pt/docs/environment-variables.md"", ""docs/pt/docs/fastapi-cli.md"", ""docs/pt/docs/features.md"", ""docs/pt/docs/help-fastapi.md"", ""docs/pt/docs/history-design-future.md"", ""docs/pt/docs/index.md"", ""docs/pt/docs/project-generation.md"", ""docs/pt/docs/python-types.md"", ""docs/pt/docs/virtual-environments.md""]",0
31866369887,Test,success,43fa28a997eefe4120b8b6307cb206acad955a5b,2026-08-15 05:12:20+00:00,pull_request,94968078205,test-alls-green,success,3.0,10,74,1198,61672,"[""docs/pt/docs/alternatives.md"", ""docs/pt/docs/environment-variables.md"", ""docs/pt/docs/fastapi-cli.md"", ""docs/pt/docs/features.md"", ""docs/pt/docs/help-fastapi.md"", ""docs/pt/docs/history-design-future.md"", ""docs/pt/docs/index.md"", ""docs/pt/docs/project-generation.md"", ""docs/pt/docs/python-types.md"", ""docs/pt/docs/virtual-environments.md""]",0
31866369898,Test Redistribute,success,43fa28a997eefe4120b8b6307cb206acad955a5b,2026-08-15 05:12:20+00:00,pull_request,94968008001,test-redistribute,success,58.0,10,74,1198,61672,"[""docs/pt/docs/alternatives.md"", ""docs/pt/docs/environment-variables.md"", ""docs/pt/docs/fastapi-cli.md"", ""docs/pt/docs/features.md"", ""docs/pt/docs/help-fastapi.md"", ""docs/pt/docs/history-design-future.md"", ""docs/pt/docs/index.md"", ""docs/pt/docs/project-generation.md"", ""docs/pt/docs/python-types.md"", ""docs/pt/docs/virtual-environments.md""]",0
31866369898,Test Redistribute,success,43fa28a997eefe4120b8b6307cb206acad955a5b,2026-08-15 05:12:20+00:00,pull_request,94968154397,test-redistribute-alls-green,success,6.0,10,74,1198,61672,"[""docs/pt/docs/alternatives.md"", ""docs/pt/docs/environment-variables.md"", ""docs/pt/docs/fastapi-cli.md"", ""docs/pt/docs/features.md"", ""docs/pt/docs/help-fastapi.md"", ""docs/pt/docs/history-design-future.md"", ""docs/pt/docs/index.md"", ""docs/pt/docs/project-generation.md"", ""docs/pt/docs/python-types.md"", ""docs/pt/docs/virtual-environments.md""]",0
31866369905,Build Docs,success,43fa28a997eefe4120b8b6307cb206acad955a5b,2026-08-15 05:12:20+00:00,pull_request,94968008161,changes,success,8.0,10,74,1198,61672,"[""docs/pt/docs/alternatives.md"", ""docs/pt/docs/environment-variables.md"", ""docs/pt/docs/fastapi-cli.md"", ""docs/pt/docs/features.md"", ""docs/pt/docs/help-fastapi.md"", ""docs/pt/docs/history-design-future.md"", ""docs/pt/docs/index.md"", ""docs/pt/docs/project-generation.md"", ""docs/pt/docs/python-types.md"", ""docs/pt/docs/virtual-environments.md""]",0
31866369905,Build Docs,success,43fa28a997eefe4120b8b6307cb206acad955a5b,2026-08-15 05:12:20+00:00,pull_request,94968051920,langs,success,16.0,10,74,1198,61672,"[""docs/pt/docs/alternatives.md"", ""docs/pt/docs/environment-variables.md"", ""docs/pt/docs/fastapi-cli.md"", ""docs/pt/docs/features.md"", ""docs/pt/docs/help-fastapi.md"", ""docs/pt/docs/history-design-future.md"", ""docs/pt/docs/index.md"", ""docs/pt/docs/project-generation.md"", ""docs/pt/docs/python-types.md"", ""docs/pt/docs/virtual-environments.md""]",0
31866369905,Build Docs,success,43fa28a997eefe4120b8b6307cb206acad955a5b,2026-08-15 05:12:20+00:00,pull_request,94968156457,build-docs (es),success,37.0,10,74,1198,61672,"[""docs/pt/docs/alternatives.md"", ""docs/pt/docs/environment-variables.md"", ""docs/pt/docs/fastapi-cli.md"", ""docs/pt/docs/features.md"", ""docs/pt/docs/help-fastapi.md"", ""docs/pt/docs/history-design-future.md"", ""docs/pt/docs/index.md"", ""docs/pt/docs/project-generation.md"", ""docs/pt/docs/python-types.md"", ""docs/pt/docs/virtual-environments.md""]",0
31866369905,Build Docs,success,43fa28a997eefe4120b8b6307cb206acad955a5b,2026-08-15 05:12:20+00:00,pull_request,94968156458,build-docs (ja),success,38.0,10,74,1198,61672,"[""docs/pt/docs/alternatives.md"", ""docs/pt/docs/environment-variables.md"", ""docs/pt/docs/fastapi-cli.md"", ""docs/pt/docs/features.md"", ""docs/pt/docs/help-fastapi.md"", ""docs/pt/docs/history-design-future.md"", ""docs/pt/docs/index.md"", ""docs/pt/docs/project-generation.md"", ""docs/pt/docs/python-types.md"", ""docs/pt/docs/virtual-environments.md""]",0
31866369905,Build Docs,success,43fa28a997eefe4120b8b6307cb206acad955a5b,2026-08-15 05:12:20+00:00,pull_request,94968156466,build-docs (tr),success,43.0,10,74,1198,61672,"[""docs/pt/docs/alternatives.md"", ""docs/pt/docs/environment-variables.md"", ""docs/pt/docs/fastapi-cli.md"", ""docs/pt/docs/features.md"", ""docs/pt/docs/help-fastapi.md"", ""docs/pt/docs/history-design-future.md"", ""docs/pt/docs/index.md"", ""docs/pt/docs/project-generation.md"", ""docs/pt/docs/python-types.md"", ""docs/pt/docs/virtual-environments.md""]",0
31866369905,Build Docs,success,43fa28a997eefe4120b8b6307cb206acad955a5b,2026-08-15 05:12:20+00:00,pull_request,94968156467,build-docs (zh-hant),success,41.0,10,74,1198,61672,"[""docs/pt/docs/alternatives.md"", ""docs/pt/docs/environment-variables.md"", ""docs/pt/docs/fastapi-cli.md"", ""docs/pt/docs/features.md"", ""docs/pt/docs/help-fastapi.md"", ""docs/pt/docs/history-design-future.md"", ""docs/pt/docs/index.md"", ""docs/pt/docs/project-generation.md"", ""docs/pt/docs/python-types.md"", ""docs/pt/docs/virtual-environments.md""]",0
31866369905,Build Docs,success,43fa28a997eefe4120b8b6307cb206acad955a5b,2026-08-15 05:12:20+00:00,pull_request,94968156472,build-docs (fr),success,37.0,10,74,1198,61672,"[""docs/pt/docs/alternatives.md"", ""docs/pt/docs/environment-variables.md"", ""docs/pt/docs/fastapi-cli.md"", ""docs/pt/docs/features.md"", ""docs/pt/docs/help-fastapi.md"", ""docs/pt/docs/history-design-future.md"", ""docs/pt/docs/index.md"", ""docs/pt/docs/project-generation.md"", ""docs/pt/docs/python-types.md"", ""docs/pt/docs/virtual-environments.md""]",0
31866369905,Build Docs,success,43fa28a997eefe4120b8b6307cb206acad955a5b,2026-08-15 05:12:20+00:00,pull_request,94968156473,build-docs (zh),success,37.0,10,74,1198,61672,"[""docs/pt/docs/alternatives.md"", ""docs/pt/docs/environment-variables.md"", ""docs/pt/docs/fastapi-cli.md"", ""docs/pt/docs/features.md"", ""docs/pt/docs/help-fastapi.md"", ""docs/pt/docs/history-design-future.md"", ""docs/pt/docs/index.md"", ""docs/pt/docs/project-generation.md"", ""docs/pt/docs/python-types.md"", ""docs/pt/docs/virtual-environments.md""]",0
31866369905,Build Docs,success,43fa28a997eefe4120b8b6307cb206acad955a5b,2026-08-15 05:12:20+00:00,pull_request,94968156483,build-docs (uk),success,44.0,10,74,1198,61672,"[""docs/pt/docs/alternatives.md"", ""docs/pt/docs/environment-variables.md"", ""docs/pt/docs/fastapi-cli.md"", ""docs/pt/docs/features.md"", ""docs/pt/docs/help-fastapi.md"", ""docs/pt/docs/history-design-future.md"", ""docs/pt/docs/index.md"", ""docs/pt/docs/project-generation.md"", ""docs/pt/docs/python-types.md"", ""docs/pt/docs/virtual-environments.md""]",0
31866369905,Build Docs,success,43fa28a997eefe4120b8b6307cb206acad955a5b,2026-08-15 05:12:20+00:00,pull_request,94968156487,build-docs (en),success,41.0,10,74,1198,61672,"[""docs/pt/docs/alternatives.md"", ""docs/pt/docs/environment-variables.md"", ""docs/pt/docs/fastapi-cli.md"", ""docs/pt/docs/features.md"", ""docs/pt/docs/help-fastapi.md"", ""docs/pt/docs/history-design-future.md"", ""docs/pt/docs/index.md"", ""docs/pt/docs/project-generation.md"", ""docs/pt/docs/python-types.md"", ""docs/pt/docs/virtual-environments.md""]",0
31866369905,Build Docs,success,43fa28a997eefe4120b8b6307cb206acad955a5b,2026-08-15 05:12:20+00:00,pull_request,94968156494,build-docs (hi),success,39.0,10,74,1198,61672,"[""docs/pt/docs/alternatives.md"", ""docs/pt/docs/environment-variables.md"", ""docs/pt/docs/fastapi-cli.md"", ""docs/pt/docs/features.md"", ""docs/pt/docs/help-fastapi.md"", ""docs/pt/docs/history-design-future.md"", ""docs/pt/docs/index.md"", ""docs/pt/docs/project-generation.md"", ""docs/pt/docs/python-types.md"", ""docs/pt/docs/virtual-environments.md""]",0
31866369905,Build Docs,success,43fa28a997eefe4120b8b6307cb206acad955a5b,2026-08-15 05:12:20+00:00,pull_request,94968156495,build-docs (ru),success,45.0,10,74,1198,61672,"[""docs/pt/docs/alternatives.md"", ""docs/pt/docs/environment-variables.md"", ""docs/pt/docs/fastapi-cli.md"", ""docs/pt/docs/features.md"", ""docs/pt/docs/help-fastapi.md"", ""docs/pt/docs/history-design-future.md"", ""docs/pt/docs/index.md"", ""docs/pt/docs/project-generation.md"", ""docs/pt/docs/python-types.md"", ""docs/pt/docs/virtual-environments.md""]",0
31866369905,Build Docs,success,43fa28a997eefe4120b8b6307cb206acad955a5b,2026-08-15 05:12:20+00:00,pull_request,94968156497,build-docs (ko),success,43.0,10,74,1198,61672,"[""docs/pt/docs/alternatives.md"", ""docs/pt/docs/environment-variables.md"", ""docs/pt/docs/fastapi-cli.md"", ""docs/pt/docs/features.md"", ""docs/pt/docs/help-fastapi.md"", ""docs/pt/docs/history-design-future.md"", ""docs/pt/docs/index.md"", ""docs/pt/docs/project-generation.md"", ""docs/pt/docs/python-types.md"", ""docs/pt/docs/virtual-environments.md""]",0
31866369905,Build Docs,success,43fa28a997eefe4120b8b6307cb206acad955a5b,2026-08-15 05:12:20+00:00,pull_request,94968156500,build-docs (de),success,48.0,10,74,1198,61672,"[""docs/pt/docs/alternatives.md"", ""docs/pt/docs/environment-variables.md"", ""docs/pt/docs/fastapi-cli.md"", ""docs/pt/docs/features.md"", ""docs/pt/docs/help-fastapi.md"", ""docs/pt/docs/history-design-future.md"", ""docs/pt/docs/index.md"", ""docs/pt/docs/project-generation.md"", ""docs/pt/docs/python-types.md"", ""docs/pt/docs/virtual-environments.md""]",0
31866369905,Build Docs,success,43fa28a997eefe4120b8b6307cb206acad955a5b,2026-08-15 05:12:20+00:00,pull_request,94968156556,build-docs (pt),success,44.0,10,74,1198,61672,"[""docs/pt/docs/alternatives.md"", ""docs/pt/docs/environment-variables.md"", ""docs/pt/docs/fastapi-cli.md"", ""docs/pt/docs/features.md"", ""docs/pt/docs/help-fastapi.md"", ""docs/pt/docs/history-design-future.md"", ""docs/pt/docs/index.md"", ""docs/pt/docs/project-generation.md"", ""docs/pt/docs/python-types.md"", ""docs/pt/docs/virtual-environments.md""]",0
31866369905,Build Docs,success,43fa28a997eefe4120b8b6307cb206acad955a5b,2026-08-15 05:12:20+00:00,pull_request,94968913012,docs-all-green,success,4.0,10,74,1198,61672,"[""docs/pt/docs/alternatives.md"", ""docs/pt/docs/environment-variables.md"", ""docs/pt/docs/fastapi-cli.md"", ""docs/pt/docs/features.md"", ""docs/pt/docs/help-fastapi.md"", ""docs/pt/docs/history-design-future.md"", ""docs/pt/docs/index.md"", ""docs/pt/docs/project-generation.md"", ""docs/pt/docs/python-types.md"", ""docs/pt/docs/virtual-environments.md""]",0
31866368607,PR #16202,success,43fa28a997eefe4120b8b6307cb206acad955a5b,2026-08-15 05:12:19+00:00,dynamic,94968006544,Analyze (actions),success,42.0,10,74,1198,61672,"[""docs/pt/docs/alternatives.md"", ""docs/pt/docs/environment-variables.md"", ""docs/pt/docs/fastapi-cli.md"", ""docs/pt/docs/features.md"", ""docs/pt/docs/help-fastapi.md"", ""docs/pt/docs/history-design-future.md"", ""docs/pt/docs/index.md"", ""docs/pt/docs/project-generation.md"", ""docs/pt/docs/python-types.md"", ""docs/pt/docs/virtual-environments.md""]",0
31866368607,PR #16202,success,43fa28a997eefe4120b8b6307cb206acad955a5b,2026-08-15 05:12:19+00:00,dynamic,94968006548,Analyze (python),success,51.0,10,74,1198,61672,"[""docs/pt/docs/alternatives.md"", ""docs/pt/docs/environment-variables.md"", ""docs/pt/docs/fastapi-cli.md"", ""docs/pt/docs/features.md"", ""docs/pt/docs/help-fastapi.md"", ""docs/pt/docs/history-design-future.md"", ""docs/pt/docs/index.md"", ""docs/pt/docs/project-generation.md"", ""docs/pt/docs/python-types.md"", ""docs/pt/docs/virtual-environments.md""]",0
31866368607,PR #16202,success,43fa28a997eefe4120b8b6307cb206acad955a5b,2026-08-15 05:12:19+00:00,dynamic,94968006591,Analyze (javascript-typescript),success,51.0,10,74,1198,61672,"[""docs/pt/docs/alternatives.md"", ""docs/pt/docs/environment-variables.md"", ""docs/pt/docs/fastapi-cli.md"", ""docs/pt/docs/features.md"", ""docs/pt/docs/help-fastapi.md"", ""docs/pt/docs/history-design-future.md"", ""docs/pt/docs/index.md"", ""docs/pt/docs/project-generation.md"", ""docs/pt/docs/python-types.md"", ""docs/pt/docs/virtual-environments.md""]",0
31866367943,Conflict detector,success,43fa28a997eefe4120b8b6307cb206acad955a5b,2026-08-15 05:12:18+00:00,push,94968003723,main,success,4.0,10,74,1198,61672,"[""docs/pt/docs/alternatives.md"", ""docs/pt/docs/environment-variables.md"", ""docs/pt/docs/fastapi-cli.md"", ""docs/pt/docs/features.md"", ""docs/pt/docs/help-fastapi.md"", ""docs/pt/docs/history-design-future.md"", ""docs/pt/docs/index.md"", ""docs/pt/docs/project-generation.md"", ""docs/pt/docs/python-types.md"", ""docs/pt/docs/virtual-environments.md""]",0
31866354142,Notify Translations,success,424ea2bea7a7772c40c488e775225a429b4b987e,2026-08-15 05:12:01+00:00,pull_request_target,94967972829,job,success,31.0,10,69,1197,39613,"[""docs/ko/docs/alternatives.md"", ""docs/ko/docs/environment-variables.md"", ""docs/ko/docs/fastapi-cli.md"", ""docs/ko/docs/help-fastapi.md"", ""docs/ko/docs/index.md"", ""docs/ko/docs/project-generation.md"", ""docs/ko/docs/python-types.md"", ""docs/ko/docs/tutorial/body-nested-models.md"", ""docs/ko/docs/tutorial/extra-data-types.md"", ""docs/ko/docs/virtual-environments.md""]",0
31866354167,Issue Manager,success,424ea2bea7a7772c40c488e775225a429b4b987e,2026-08-15 05:12:01+00:00,pull_request_target,94967972854,issue-manager,success,15.0,10,69,1197,39613,"[""docs/ko/docs/alternatives.md"", ""docs/ko/docs/environment-variables.md"", ""docs/ko/docs/fastapi-cli.md"", ""docs/ko/docs/help-fastapi.md"", ""docs/ko/docs/index.md"", ""docs/ko/docs/project-generation.md"", ""docs/ko/docs/python-types.md"", ""docs/ko/docs/tutorial/body-nested-models.md"", ""docs/ko/docs/tutorial/extra-data-types.md"", ""docs/ko/docs/virtual-environments.md""]",0
31866347140,Zizmor,success,424ea2bea7a7772c40c488e775225a429b4b987e,2026-08-15 05:11:53+00:00,pull_request,94967956633,Run zizmor,success,22.0,10,69,1197,39613,"[""docs/ko/docs/alternatives.md"", ""docs/ko/docs/environment-variables.md"", ""docs/ko/docs/fastapi-cli.md"", ""docs/ko/docs/help-fastapi.md"", ""docs/ko/docs/index.md"", ""docs/ko/docs/project-generation.md"", ""docs/ko/docs/python-types.md"", ""docs/ko/docs/tutorial/body-nested-models.md"", ""docs/ko/docs/tutorial/extra-data-types.md"", ""docs/ko/docs/virtual-environments.md""]",0
31866346816,Add to Project,success,424ea2bea7a7772c40c488e775225a429b4b987e,2026-08-15 05:11:52+00:00,pull_request_target,94967955614,Add to project,success,4.0,10,69,1197,39613,"[""docs/ko/docs/alternatives.md"", ""docs/ko/docs/environment-variables.md"", ""docs/ko/docs/fastapi-cli.md"", ""docs/ko/docs/help-fastapi.md"", ""docs/ko/docs/index.md"", ""docs/ko/docs/project-generation.md"", ""docs/ko/docs/python-types.md"", ""docs/ko/docs/tutorial/body-nested-models.md"", ""docs/ko/docs/tutorial/extra-data-types.md"", ""docs/ko/docs/virtual-environments.md""]",0
31866346782,Test,success,424ea2bea7a7772c40c488e775225a429b4b987e,2026-08-15 05:11:52+00:00,pull_request,94967955493,changes,success,8.0,10,69,1197,39613,"[""docs/ko/docs/alternatives.md"", ""docs/ko/docs/environment-variables.md"", ""docs/ko/docs/fastapi-cli.md"", ""docs/ko/docs/help-fastapi.md"", ""docs/ko/docs/index.md"", ""docs/ko/docs/project-generation.md"", ""docs/ko/docs/python-types.md"", ""docs/ko/docs/tutorial/body-nested-models.md"", ""docs/ko/docs/tutorial/extra-data-types.md"", ""docs/ko/docs/virtual-environments.md""]",0
31866346782,Test,success,424ea2bea7a7772c40c488e775225a429b4b987e,2026-08-15 05:11:52+00:00,pull_request,94967955594,regression-test,success,10.0,10,69,1197,39613,"[""docs/ko/docs/alternatives.md"", ""docs/ko/docs/environment-variables.md"", ""docs/ko/docs/fastapi-cli.md"", ""docs/ko/docs/help-fastapi.md"", ""docs/ko/docs/index.md"", ""docs/ko/docs/project-generation.md"", ""docs/ko/docs/python-types.md"", ""docs/ko/docs/tutorial/body-nested-models.md"", ""docs/ko/docs/tutorial/extra-data-types.md"", ""docs/ko/docs/virtual-environments.md""]",0
31866346782,Test,success,424ea2bea7a7772c40c488e775225a429b4b987e,2026-08-15 05:11:52+00:00,pull_request,94967991557,test-alls-green,success,4.0,10,69,1197,39613,"[""docs/ko/docs/alternatives.md"", ""docs/ko/docs/environment-variables.md"", ""docs/ko/docs/fastapi-cli.md"", ""docs/ko/docs/help-fastapi.md"", ""docs/ko/docs/index.md"", ""docs/ko/docs/project-generation.md"", ""docs/ko/docs/python-types.md"", ""docs/ko/docs/tutorial/body-nested-models.md"", ""docs/ko/docs/tutorial/extra-data-types.md"", ""docs/ko/docs/virtual-environments.md""]",0
31866346790,Test Redistribute,success,424ea2bea7a7772c40c488e775225a429b4b987e,2026-08-15 05:11:52+00:00,pull_request,94967955519,test-redistribute,success,59.0,10,69,1197,39613,"[""docs/ko/docs/alternatives.md"", ""docs/ko/docs/environment-variables.md"", ""docs/ko/docs/fastapi-cli.md"", ""docs/ko/docs/help-fastapi.md"", ""docs/ko/docs/index.md"", ""docs/ko/docs/project-generation.md"", ""docs/ko/docs/python-types.md"", ""docs/ko/docs/tutorial/body-nested-models.md"", ""docs/ko/docs/tutorial/extra-data-types.md"", ""docs/ko/docs/virtual-environments.md""]",0
31866346790,Test Redistribute,success,424ea2bea7a7772c40c488e775225a429b4b987e,2026-08-15 05:11:52+00:00,pull_request,94968067611,test-redistribute-alls-green,success,5.0,10,69,1197,39613,"[""docs/ko/docs/alternatives.md"", ""docs/ko/docs/environment-variables.md"", ""docs/ko/docs/fastapi-cli.md"", ""docs/ko/docs/help-fastapi.md"", ""docs/ko/docs/index.md"", ""docs/ko/docs/project-generation.md"", ""docs/ko/docs/python-types.md"", ""docs/ko/docs/tutorial/body-nested-models.md"", ""docs/ko/docs/tutorial/extra-data-types.md"", ""docs/ko/docs/virtual-environments.md""]",0
31866346781,pre-commit,success,424ea2bea7a7772c40c488e775225a429b4b987e,2026-08-15 05:11:52+00:00,pull_request,94967955470,pre-commit,success,37.0,10,69,1197,39613,"[""docs/ko/docs/alternatives.md"", ""docs/ko/docs/environment-variables.md"", ""docs/ko/docs/fastapi-cli.md"", ""docs/ko/docs/help-fastapi.md"", ""docs/ko/docs/index.md"", ""docs/ko/docs/project-generation.md"", ""docs/ko/docs/python-types.md"", ""docs/ko/docs/tutorial/body-nested-models.md"", ""docs/ko/docs/tutorial/extra-data-types.md"", ""docs/ko/docs/virtual-environments.md""]",0
31866346781,pre-commit,success,424ea2bea7a7772c40c488e775225a429b4b987e,2026-08-15 05:11:52+00:00,pull_request,94968031243,pre-commit-alls-green,success,3.0,10,69,1197,39613,"[""docs/ko/docs/alternatives.md"", ""docs/ko/docs/environment-variables.md"", ""docs/ko/docs/fastapi-cli.md"", ""docs/ko/docs/help-fastapi.md"", ""docs/ko/docs/index.md"", ""docs/ko/docs/project-generation.md"", ""docs/ko/docs/python-types.md"", ""docs/ko/docs/tutorial/body-nested-models.md"", ""docs/ko/docs/tutorial/extra-data-types.md"", ""docs/ko/docs/virtual-environments.md""]",0
31866346779,Build Docs,success,424ea2bea7a7772c40c488e775225a429b4b987e,2026-08-15 05:11:52+00:00,pull_request,94967955555,changes,success,7.0,10,69,1197,39613,"[""docs/ko/docs/alternatives.md"", ""docs/ko/docs/environment-variables.md"", ""docs/ko/docs/fastapi-cli.md"", ""docs/ko/docs/help-fastapi.md"", ""docs/ko/docs/index.md"", ""docs/ko/docs/project-generation.md"", ""docs/ko/docs/python-types.md"", ""docs/ko/docs/tutorial/body-nested-models.md"", ""docs/ko/docs/tutorial/extra-data-types.md"", ""docs/ko/docs/virtual-environments.md""]",0
31866346779,Build Docs,success,424ea2bea7a7772c40c488e775225a429b4b987e,2026-08-15 05:11:52+00:00,pull_request,94967975663,langs,success,17.0,10,69,1197,39613,"[""docs/ko/docs/alternatives.md"", ""docs/ko/docs/environment-variables.md"", ""docs/ko/docs/fastapi-cli.md"", ""docs/ko/docs/help-fastapi.md"", ""docs/ko/docs/index.md"", ""docs/ko/docs/project-generation.md"", ""docs/ko/docs/python-types.md"", ""docs/ko/docs/tutorial/body-nested-models.md"", ""docs/ko/docs/tutorial/extra-data-types.md"", ""docs/ko/docs/virtual-environments.md""]",0
31866346779,Build Docs,success,424ea2bea7a7772c40c488e775225a429b4b987e,2026-08-15 05:11:52+00:00,pull_request,94968029671,build-docs (hi),success,41.0,10,69,1197,39613,"[""docs/ko/docs/alternatives.md"", ""docs/ko/docs/environment-variables.md"", ""docs/ko/docs/fastapi-cli.md"", ""docs/ko/docs/help-fastapi.md"", ""docs/ko/docs/index.md"", ""docs/ko/docs/project-generation.md"", ""docs/ko/docs/python-types.md"", ""docs/ko/docs/tutorial/body-nested-models.md"", ""docs/ko/docs/tutorial/extra-data-types.md"", ""docs/ko/docs/virtual-environments.md""]",0
31866346779,Build Docs,success,424ea2bea7a7772c40c488e775225a429b4b987e,2026-08-15 05:11:52+00:00,pull_request,94968029673,build-docs (en),success,30.0,10,69,1197,39613,"[""docs/ko/docs/alternatives.md"", ""docs/ko/docs/environment-variables.md"", ""docs/ko/docs/fastapi-cli.md"", ""docs/ko/docs/help-fastapi.md"", ""docs/ko/docs/index.md"", ""docs/ko/docs/project-generation.md"", ""docs/ko/docs/python-types.md"", ""docs/ko/docs/tutorial/body-nested-models.md"", ""docs/ko/docs/tutorial/extra-data-types.md"", ""docs/ko/docs/virtual-environments.md""]",0
31866346779,Build Docs,success,424ea2bea7a7772c40c488e775225a429b4b987e,2026-08-15 05:11:52+00:00,pull_request,94968029679,build-docs (uk),success,45.0,10,69,1197,39613,"[""docs/ko/docs/alternatives.md"", ""docs/ko/docs/environment-variables.md"", ""docs/ko/docs/fastapi-cli.md"", ""docs/ko/docs/help-fastapi.md"", ""docs/ko/docs/index.md"", ""docs/ko/docs/project-generation.md"", ""docs/ko/docs/python-types.md"", ""docs/ko/docs/tutorial/body-nested-models.md"", ""docs/ko/docs/tutorial/extra-data-types.md"", ""docs/ko/docs/virtual-environments.md""]",0
31866346779,Build Docs,success,424ea2bea7a7772c40c488e775225a429b4b987e,2026-08-15 05:11:52+00:00,pull_request,94968029680,build-docs (tr),success,43.0,10,69,1197,39613,"[""docs/ko/docs/alternatives.md"", ""docs/ko/docs/environment-variables.md"", ""docs/ko/docs/fastapi-cli.md"", ""docs/ko/docs/help-fastapi.md"", ""docs/ko/docs/index.md"", ""docs/ko/docs/project-generation.md"", ""docs/ko/docs/python-types.md"", ""docs/ko/docs/tutorial/body-nested-models.md"", ""docs/ko/docs/tutorial/extra-data-types.md"", ""docs/ko/docs/virtual-environments.md""]",0
31866346779,Build Docs,success,424ea2bea7a7772c40c488e775225a429b4b987e,2026-08-15 05:11:52+00:00,pull_request,94968029686,build-docs (ko),success,50.0,10,69,1197,39613,"[""docs/ko/docs/alternatives.md"", ""docs/ko/docs/environment-variables.md"", ""docs/ko/docs/fastapi-cli.md"", ""docs/ko/docs/help-fastapi.md"", ""docs/ko/docs/index.md"", ""docs/ko/docs/project-generation.md"", ""docs/ko/docs/python-types.md"", ""docs/ko/docs/tutorial/body-nested-models.md"", ""docs/ko/docs/tutorial/extra-data-types.md"", ""docs/ko/docs/virtual-environments.md""]",0
31866346779,Build Docs,success,424ea2bea7a7772c40c488e775225a429b4b987e,2026-08-15 05:11:52+00:00,pull_request,94968029691,build-docs (fr),success,44.0,10,69,1197,39613,"[""docs/ko/docs/alternatives.md"", ""docs/ko/docs/environment-variables.md"", ""docs/ko/docs/fastapi-cli.md"", ""docs/ko/docs/help-fastapi.md"", ""docs/ko/docs/index.md"", ""docs/ko/docs/project-generation.md"", ""docs/ko/docs/python-types.md"", ""docs/ko/docs/tutorial/body-nested-models.md"", ""docs/ko/docs/tutorial/extra-data-types.md"", ""docs/ko/docs/virtual-environments.md""]",0
31866346779,Build Docs,success,424ea2bea7a7772c40c488e775225a429b4b987e,2026-08-15 05:11:52+00:00,pull_request,94968029710,build-docs (ru),success,45.0,10,69,1197,39613,"[""docs/ko/docs/alternatives.md"", ""docs/ko/docs/environment-variables.md"", ""docs/ko/docs/fastapi-cli.md"", ""docs/ko/docs/help-fastapi.md"", ""docs/ko/docs/index.md"", ""docs/ko/docs/project-generation.md"", ""docs/ko/docs/python-types.md"", ""docs/ko/docs/tutorial/body-nested-models.md"", ""docs/ko/docs/tutorial/extra-data-types.md"", ""docs/ko/docs/virtual-environments.md""]",0
31866346779,Build Docs,success,424ea2bea7a7772c40c488e775225a429b4b987e,2026-08-15 05:11:52+00:00,pull_request,94968029754,build-docs (zh-hant),success,43.0,10,69,1197,39613,"[""docs/ko/docs/alternatives.md"", ""docs/ko/docs/environment-variables.md"", ""docs/ko/docs/fastapi-cli.md"", ""docs/ko/docs/help-fastapi.md"", ""docs/ko/docs/index.md"", ""docs/ko/docs/project-generation.md"", ""docs/ko/docs/python-types.md"", ""docs/ko/docs/tutorial/body-nested-models.md"", ""docs/ko/docs/tutorial/extra-data-types.md"", ""docs/ko/docs/virtual-environments.md""]",0
31866346779,Build Docs,success,424ea2bea7a7772c40c488e775225a429b4b987e,2026-08-15 05:11:52+00:00,pull_request,94968029757,build-docs (de),success,45.0,10,69,1197,39613,"[""docs/ko/docs/alternatives.md"", ""docs/ko/docs/environment-variables.md"", ""docs/ko/docs/fastapi-cli.md"", ""docs/ko/docs/help-fastapi.md"", ""docs/ko/docs/index.md"", ""docs/ko/docs/project-generation.md"", ""docs/ko/docs/python-types.md"", ""docs/ko/docs/tutorial/body-nested-models.md"", ""docs/ko/docs/tutorial/extra-data-types.md"", ""docs/ko/docs/virtual-environments.md""]",0
31866346779,Build Docs,success,424ea2bea7a7772c40c488e775225a429b4b987e,2026-08-15 05:11:52+00:00,pull_request,94968029760,build-docs (es),success,42.0,10,69,1197,39613,"[""docs/ko/docs/alternatives.md"", ""docs/ko/docs/environment-variables.md"", ""docs/ko/docs/fastapi-cli.md"", ""docs/ko/docs/help-fastapi.md"", ""docs/ko/docs/index.md"", ""docs/ko/docs/project-generation.md"", ""docs/ko/docs/python-types.md"", ""docs/ko/docs/tutorial/body-nested-models.md"", ""docs/ko/docs/tutorial/extra-data-types.md"", ""docs/ko/docs/virtual-environments.md""]",0
31866346779,Build Docs,success,424ea2bea7a7772c40c488e775225a429b4b987e,2026-08-15 05:11:52+00:00,pull_request,94968029762,build-docs (ja),success,45.0,10,69,1197,39613,"[""docs/ko/docs/alternatives.md"", ""docs/ko/docs/environment-variables.md"", ""docs/ko/docs/fastapi-cli.md"", ""docs/ko/docs/help-fastapi.md"", ""docs/ko/docs/index.md"", ""docs/ko/docs/project-generation.md"", ""docs/ko/docs/python-types.md"", ""docs/ko/docs/tutorial/body-nested-models.md"", ""docs/ko/docs/tutorial/extra-data-types.md"", ""docs/ko/docs/virtual-environments.md""]",0
31866346779,Build Docs,success,424ea2bea7a7772c40c488e775225a429b4b987e,2026-08-15 05:11:52+00:00,pull_request,94968029776,build-docs (pt),success,35.0,10,69,1197,39613,"[""docs/ko/docs/alternatives.md"", ""docs/ko/docs/environment-variables.md"", ""docs/ko/docs/fastapi-cli.md"", ""docs/ko/docs/help-fastapi.md"", ""docs/ko/docs/index.md"", ""docs/ko/docs/project-generation.md"", ""docs/ko/docs/python-types.md"", ""docs/ko/docs/tutorial/body-nested-models.md"", ""docs/ko/docs/tutorial/extra-data-types.md"", ""docs/ko/docs/virtual-environments.md""]",0
31866346779,Build Docs,success,424ea2bea7a7772c40c488e775225a429b4b987e,2026-08-15 05:11:52+00:00,pull_request,94968029777,build-docs (zh),success,46.0,10,69,1197,39613,"[""docs/ko/docs/alternatives.md"", ""docs/ko/docs/environment-variables.md"", ""docs/ko/docs/fastapi-cli.md"", ""docs/ko/docs/help-fastapi.md"", ""docs/ko/docs/index.md"", ""docs/ko/docs/project-generation.md"", ""docs/ko/docs/python-types.md"", ""docs/ko/docs/tutorial/body-nested-models.md"", ""docs/ko/docs/tutorial/extra-data-types.md"", ""docs/ko/docs/virtual-environments.md""]",0
31866346779,Build Docs,success,424ea2bea7a7772c40c488e775225a429b4b987e,2026-08-15 05:11:52+00:00,pull_request,94968609452,docs-all-green,success,2.0,10,69,1197,39613,"[""docs/ko/docs/alternatives.md"", ""docs/ko/docs/environment-variables.md"", ""docs/ko/docs/fastapi-cli.md"", ""docs/ko/docs/help-fastapi.md"", ""docs/ko/docs/index.md"", ""docs/ko/docs/project-generation.md"", ""docs/ko/docs/python-types.md"", ""docs/ko/docs/tutorial/body-nested-models.md"", ""docs/ko/docs/tutorial/extra-data-types.md"", ""docs/ko/docs/virtual-environments.md""]",0
31866345456,Conflict detector,success,424ea2bea7a7772c40c488e775225a429b4b987e,2026-08-15 05:11:50+00:00,push,94967952604,main,success,5.0,10,69,1197,39613,"[""docs/ko/docs/alternatives.md"", ""docs/ko/docs/environment-variables.md"", ""docs/ko/docs/fastapi-cli.md"", ""docs/ko/docs/help-fastapi.md"", ""docs/ko/docs/index.md"", ""docs/ko/docs/project-generation.md"", ""docs/ko/docs/python-types.md"", ""docs/ko/docs/tutorial/body-nested-models.md"", ""docs/ko/docs/tutorial/extra-data-types.md"", ""docs/ko/docs/virtual-environments.md""]",0
31866345416,PR #16201,success,424ea2bea7a7772c40c488e775225a429b4b987e,2026-08-15 05:11:50+00:00,dynamic,94967953555,Analyze (python),success,55.0,10,69,1197,39613,"[""docs/ko/docs/alternatives.md"", ""docs/ko/docs/environment-variables.md"", ""docs/ko/docs/fastapi-cli.md"", ""docs/ko/docs/help-fastapi.md"", ""docs/ko/docs/index.md"", ""docs/ko/docs/project-generation.md"", ""docs/ko/docs/python-types.md"", ""docs/ko/docs/tutorial/body-nested-models.md"", ""docs/ko/docs/tutorial/extra-data-types.md"", ""docs/ko/docs/virtual-environments.md""]",0
31866345416,PR #16201,success,424ea2bea7a7772c40c488e775225a429b4b987e,2026-08-15 05:11:50+00:00,dynamic,94967953573,Analyze (javascript-typescript),success,53.0,10,69,1197,39613,"[""docs/ko/docs/alternatives.md"", ""docs/ko/docs/environment-variables.md"", ""docs/ko/docs/fastapi-cli.md"", ""docs/ko/docs/help-fastapi.md"", ""docs/ko/docs/index.md"", ""docs/ko/docs/project-generation.md"", ""docs/ko/docs/python-types.md"", ""docs/ko/docs/tutorial/body-nested-models.md"", ""docs/ko/docs/tutorial/extra-data-types.md"", ""docs/ko/docs/virtual-environments.md""]",0
31866345416,PR #16201,success,424ea2bea7a7772c40c488e775225a429b4b987e,2026-08-15 05:11:50+00:00,dynamic,94967953685,Analyze (actions),success,40.0,10,69,1197,39613,"[""docs/ko/docs/alternatives.md"", ""docs/ko/docs/environment-variables.md"", ""docs/ko/docs/fastapi-cli.md"", ""docs/ko/docs/help-fastapi.md"", ""docs/ko/docs/index.md"", ""docs/ko/docs/project-generation.md"", ""docs/ko/docs/python-types.md"", ""docs/ko/docs/tutorial/body-nested-models.md"", ""docs/ko/docs/tutorial/extra-data-types.md"", ""docs/ko/docs/virtual-environments.md""]",0
31866158093,Translate,success,a1fa70d4237d50aae6586a0d9b229df583463d21,2026-08-15 05:07:25+00:00,schedule,94967466926,langs,success,21.0,1,1,0,363,"[""docs/en/docs/release-notes.md""]",0
31866158093,Translate,success,a1fa70d4237d50aae6586a0d9b229df583463d21,2026-08-15 05:07:25+00:00,schedule,94967513579,"translate (de, remove-removable)",success,44.0,1,1,0,363,"[""docs/en/docs/release-notes.md""]",0
31866158093,Translate,success,a1fa70d4237d50aae6586a0d9b229df583463d21,2026-08-15 05:07:25+00:00,schedule,94967513581,"translate (es, update-outdated)",success,271.0,1,1,0,363,"[""docs/en/docs/release-notes.md""]",0
31866158093,Translate,success,a1fa70d4237d50aae6586a0d9b229df583463d21,2026-08-15 05:07:25+00:00,schedule,94967513582,"translate (ja, remove-removable)",success,38.0,1,1,0,363,"[""docs/en/docs/release-notes.md""]",0
31866158093,Translate,success,a1fa70d4237d50aae6586a0d9b229df583463d21,2026-08-15 05:07:25+00:00,schedule,94967513583,"translate (fr, remove-removable)",success,43.0,1,1,0,363,"[""docs/en/docs/release-notes.md""]",0
31866158093,Translate,success,a1fa70d4237d50aae6586a0d9b229df583463d21,2026-08-15 05:07:25+00:00,schedule,94967513584,"translate (pt, remove-removable)",success,46.0,1,1,0,363,"[""docs/en/docs/release-notes.md""]",0
31866158093,Translate,success,a1fa70d4237d50aae6586a0d9b229df583463d21,2026-08-15 05:07:25+00:00,schedule,94967513586,"translate (hi, add-missing)",success,40.0,1,1,0,363,"[""docs/en/docs/release-notes.md""]",0
31866158093,Translate,success,a1fa70d4237d50aae6586a0d9b229df583463d21,2026-08-15 05:07:25+00:00,schedule,94967513587,"translate (es, add-missing)",success,41.0,1,1,0,363,"[""docs/en/docs/release-notes.md""]",0
31866158093,Translate,success,a1fa70d4237d50aae6586a0d9b229df583463d21,2026-08-15 05:07:25+00:00,schedule,94967513588,"translate (fr, update-outdated)",success,285.0,1,1,0,363,"[""docs/en/docs/release-notes.md""]",0
31866158093,Translate,success,a1fa70d4237d50aae6586a0d9b229df583463d21,2026-08-15 05:07:25+00:00,schedule,94967513592,"translate (fr, add-missing)",success,40.0,1,1,0,363,"[""docs/en/docs/release-notes.md""]",0
31866158093,Translate,success,a1fa70d4237d50aae6586a0d9b229df583463d21,2026-08-15 05:07:25+00:00,schedule,94967513596,"translate (de, update-outdated)",success,333.0,1,1,0,363,"[""docs/en/docs/release-notes.md""]",0
31866158093,Translate,success,a1fa70d4237d50aae6586a0d9b229df583463d21,2026-08-15 05:07:25+00:00,schedule,94967513597,"translate (hi, update-outdated)",success,566.0,1,1,0,363,"[""docs/en/docs/release-notes.md""]",0
31866158093,Translate,success,a1fa70d4237d50aae6586a0d9b229df583463d21,2026-08-15 05:07:25+00:00,schedule,94967513599,"translate (de, add-missing)",success,44.0,1,1,0,363,"[""docs/en/docs/release-notes.md""]",0
31866158093,Translate,success,a1fa70d4237d50aae6586a0d9b229df583463d21,2026-08-15 05:07:25+00:00,schedule,94967513600,"translate (pt, add-missing)",success,38.0,1,1,0,363,"[""docs/en/docs/release-notes.md""]",0
31866158093,Translate,success,a1fa70d4237d50aae6586a0d9b229df583463d21,2026-08-15 05:07:25+00:00,schedule,94967513603,"translate (tr, add-missing)",success,37.0,1,1,0,363,"[""docs/en/docs/release-notes.md""]",0
31866158093,Translate,success,a1fa70d4237d50aae6586a0d9b229df583463d21,2026-08-15 05:07:25+00:00,schedule,94967513605,"translate (pt, update-outdated)",success,268.0,1,1,0,363,"[""docs/en/docs/release-notes.md""]",0
31866158093,Translate,success,a1fa70d4237d50aae6586a0d9b229df583463d21,2026-08-15 05:07:25+00:00,schedule,94967513607,"translate (ko, update-outdated)",success,239.0,1,1,0,363,"[""docs/en/docs/release-notes.md""]",0
31866158093,Translate,success,a1fa70d4237d50aae6586a0d9b229df583463d21,2026-08-15 05:07:25+00:00,schedule,94967513610,"translate (ru, add-missing)",success,37.0,1,1,0,363,"[""docs/en/docs/release-notes.md""]",0
31866158093,Translate,success,a1fa70d4237d50aae6586a0d9b229df583463d21,2026-08-15 05:07:25+00:00,schedule,94967513611,"translate (ko, add-missing)",success,32.0,1,1,0,363,"[""docs/en/docs/release-notes.md""]",0
31866158093,Translate,success,a1fa70d4237d50aae6586a0d9b229df583463d21,2026-08-15 05:07:25+00:00,schedule,94967513612,"translate (zh, remove-removable)",success,37.0,1,1,0,363,"[""docs/en/docs/release-notes.md""]",0
31866158093,Translate,success,a1fa70d4237d50aae6586a0d9b229df583463d21,2026-08-15 05:07:25+00:00,schedule,94967513616,"translate (uk, remove-removable)",success,43.0,1,1,0,363,"[""docs/en/docs/release-notes.md""]",0
31866158093,Translate,success,a1fa70d4237d50aae6586a0d9b229df583463d21,2026-08-15 05:07:25+00:00,schedule,94967513617,"translate (es, remove-removable)",success,40.0,1,1,0,363,"[""docs/en/docs/release-notes.md""]",0
31866158093,Translate,success,a1fa70d4237d50aae6586a0d9b229df583463d21,2026-08-15 05:07:25+00:00,schedule,94967513618,"translate (zh, update-outdated)",success,237.0,1,1,0,363,"[""docs/en/docs/release-notes.md""]",0
31866158093,Translate,success,a1fa70d4237d50aae6586a0d9b229df583463d21,2026-08-15 05:07:25+00:00,schedule,94967513619,"translate (tr, remove-removable)",success,39.0,1,1,0,363,"[""docs/en/docs/release-notes.md""]",0
31866158093,Translate,success,a1fa70d4237d50aae6586a0d9b229df583463d21,2026-08-15 05:07:25+00:00,schedule,94967513620,"translate (hi, remove-removable)",success,42.0,1,1,0,363,"[""docs/en/docs/release-notes.md""]",0
31866158093,Translate,success,a1fa70d4237d50aae6586a0d9b229df583463d21,2026-08-15 05:07:25+00:00,schedule,94967513621,"translate (zh, add-missing)",success,39.0,1,1,0,363,"[""docs/en/docs/release-notes.md""]",0
31866158093,Translate,success,a1fa70d4237d50aae6586a0d9b229df583463d21,2026-08-15 05:07:25+00:00,schedule,94967513623,"translate (zh-hant, remove-removable)",success,40.0,1,1,0,363,"[""docs/en/docs/release-notes.md""]",0
31866158093,Translate,success,a1fa70d4237d50aae6586a0d9b229df583463d21,2026-08-15 05:07:25+00:00,schedule,94967513627,"translate (ko, remove-removable)",success,42.0,1,1,0,363,"[""docs/en/docs/release-notes.md""]",0
31866158093,Translate,success,a1fa70d4237d50aae6586a0d9b229df583463d21,2026-08-15 05:07:25+00:00,schedule,94967513628,"translate (ja, update-outdated)",success,264.0,1,1,0,363,"[""docs/en/docs/release-notes.md""]",0
31866158093,Translate,success,a1fa70d4237d50aae6586a0d9b229df583463d21,2026-08-15 05:07:25+00:00,schedule,94967513629,"translate (ja, add-missing)",success,48.0,1,1,0,363,"[""docs/en/docs/release-notes.md""]",0
31861947547,Smokeshow,failure,a1fa70d4237d50aae6586a0d9b229df583463d21,2026-08-15 03:29:23+00:00,workflow_run,94956770682,smokeshow,failure,17.0,1,1,0,363,"[""docs/en/docs/release-notes.md""]",1
31861905569,Smokeshow,failure,a1fa70d4237d50aae6586a0d9b229df583463d21,2026-08-15 03:28:24+00:00,workflow_run,94956660872,smokeshow,failure,13.0,1,1,0,363,"[""docs/en/docs/release-notes.md""]",1
31861823710,Deploy Docs,success,a1fa70d4237d50aae6586a0d9b229df583463d21,2026-08-15 03:26:33+00:00,workflow_run,94956446689,deploy-docs,success,23.0,1,1,0,363,"[""docs/en/docs/release-notes.md""]",0
31861811953,Deploy Docs,success,a1fa70d4237d50aae6586a0d9b229df583463d21,2026-08-15 03:26:21+00:00,workflow_run,94956418392,deploy-docs,success,25.0,1,1,0,363,"[""docs/en/docs/release-notes.md""]",0
31861781017,Zizmor,success,718f979907d10f5aa8b08020ebd73eeb6b42aa67,2026-08-15 03:25:32+00:00,pull_request,94956329508,Run zizmor,success,28.0,1,5,67,2716,"[""tests/test_custom_route_class.py""]",0
31861781042,Build Docs,success,718f979907d10f5aa8b08020ebd73eeb6b42aa67,2026-08-15 03:25:32+00:00,pull_request,94956329505,changes,success,6.0,1,5,67,2716,"[""tests/test_custom_route_class.py""]",0
31861781042,Build Docs,success,718f979907d10f5aa8b08020ebd73eeb6b42aa67,2026-08-15 03:25:32+00:00,pull_request,94956427793,docs-all-green,success,2.0,1,5,67,2716,"[""tests/test_custom_route_class.py""]",0
31861781144,Test Redistribute,failure,718f979907d10f5aa8b08020ebd73eeb6b42aa67,2026-08-15 03:25:32+00:00,pull_request,94956330045,test-redistribute,failure,51.0,1,5,67,2716,"[""tests/test_custom_route_class.py""]",1
31861781144,Test Redistribute,failure,718f979907d10f5aa8b08020ebd73eeb6b42aa67,2026-08-15 03:25:32+00:00,pull_request,94956445642,test-redistribute-alls-green,failure,2.0,1,5,67,2716,"[""tests/test_custom_route_class.py""]",1
31861781009,pre-commit,failure,718f979907d10f5aa8b08020ebd73eeb6b42aa67,2026-08-15 03:25:32+00:00,pull_request,94956329526,pre-commit,failure,39.0,1,5,67,2716,"[""tests/test_custom_route_class.py""]",1
31861781009,pre-commit,failure,718f979907d10f5aa8b08020ebd73eeb6b42aa67,2026-08-15 03:25:32+00:00,pull_request,94956487488,pre-commit-alls-green,failure,3.0,1,5,67,2716,"[""tests/test_custom_route_class.py""]",1
31861781036,Test,failure,718f979907d10f5aa8b08020ebd73eeb6b42aa67,2026-08-15 03:25:32+00:00,pull_request,94956329738,changes,success,8.0,1,5,67,2716,"[""tests/test_custom_route_class.py""]",0
31861781036,Test,failure,718f979907d10f5aa8b08020ebd73eeb6b42aa67,2026-08-15 03:25:32+00:00,pull_request,94956329798,regression-test,success,26.0,1,5,67,2716,"[""tests/test_custom_route_class.py""]",0
31861781036,Test,failure,718f979907d10f5aa8b08020ebd73eeb6b42aa67,2026-08-15 03:25:32+00:00,pull_request,94956431671,benchmark,failure,51.0,1,5,67,2716,"[""tests/test_custom_route_class.py""]",1
31861781036,Test,failure,718f979907d10f5aa8b08020ebd73eeb6b42aa67,2026-08-15 03:25:32+00:00,pull_request,94956431817,"test (windows-latest, 3.14t, no-deprecation, highest, starlette-git)",failure,157.0,1,5,67,2716,"[""tests/test_custom_route_class.py""]",1
31861781036,Test,failure,718f979907d10f5aa8b08020ebd73eeb6b42aa67,2026-08-15 03:25:32+00:00,pull_request,94956431820,"test (windows-latest, 3.14, no-deprecation, highest, starlette-pypi)",failure,64.0,1,5,67,2716,"[""tests/test_custom_route_class.py""]",1
31861781036,Test,failure,718f979907d10f5aa8b08020ebd73eeb6b42aa67,2026-08-15 03:25:32+00:00,pull_request,94956431836,"test (windows-latest, 3.14, no-deprecation, highest, starlette-git)",failure,60.0,1,5,67,2716,"[""tests/test_custom_route_class.py""]",1
31861781036,Test,failure,718f979907d10f5aa8b08020ebd73eeb6b42aa67,2026-08-15 03:25:32+00:00,pull_request,94956431838,"test (ubuntu-latest, 3.13, highest, no-deprecation, coverage)",failure,67.0,1,5,67,2716,"[""tests/test_custom_route_class.py""]",1
31861781036,Test,failure,718f979907d10f5aa8b08020ebd73eeb6b42aa67,2026-08-15 03:25:32+00:00,pull_request,94956431840,"test (windows-latest, 3.14t, no-deprecation, highest, starlette-pypi)",failure,128.0,1,5,67,2716,"[""tests/test_custom_route_class.py""]",1
31861781036,Test,failure,718f979907d10f5aa8b08020ebd73eeb6b42aa67,2026-08-15 03:25:32+00:00,pull_request,94956431849,"test (macos-latest, 3.14t, no-deprecation, highest, starlette-pypi)",failure,72.0,1,5,67,2716,"[""tests/test_custom_route_class.py""]",1
31861781036,Test,failure,718f979907d10f5aa8b08020ebd73eeb6b42aa67,2026-08-15 03:25:32+00:00,pull_request,94956431859,"test (ubuntu-latest, 3.14, highest, starlette-git, test-deprecation, coverage)",failure,41.0,1,5,67,2716,"[""tests/test_custom_route_class.py""]",1
31861781036,Test,failure,718f979907d10f5aa8b08020ebd73eeb6b42aa67,2026-08-15 03:25:32+00:00,pull_request,94956431874,"test (macos-latest, 3.14, no-deprecation, highest, starlette-pypi)",failure,29.0,1,5,67,2716,"[""tests/test_custom_route_class.py""]",1
31861781036,Test,failure,718f979907d10f5aa8b08020ebd73eeb6b42aa67,2026-08-15 03:25:32+00:00,pull_request,94956431877,"test (ubuntu-latest, 3.13, highest, no-deprecation, codspeed)",failure,64.0,1,5,67,2716,"[""tests/test_custom_route_class.py""]",1
31861781036,Test,failure,718f979907d10f5aa8b08020ebd73eeb6b42aa67,2026-08-15 03:25:32+00:00,pull_request,94956431880,"test (macos-latest, 3.10, lowest-direct, no-deprecation, coverage)",failure,99.0,1,5,67,2716,"[""tests/test_custom_route_class.py""]",1
31861781036,Test,failure,718f979907d10f5aa8b08020ebd73eeb6b42aa67,2026-08-15 03:25:32+00:00,pull_request,94956431886,"test (ubuntu-latest, 3.14t, highest, no-deprecation, coverage)",failure,54.0,1,5,67,2716,"[""tests/test_custom_route_class.py""]",1
31861781036,Test,failure,718f979907d10f5aa8b08020ebd73eeb6b42aa67,2026-08-15 03:25:32+00:00,pull_request,94956431889,"test (macos-latest, 3.14, no-deprecation, highest, starlette-git)",failure,35.0,1,5,67,2716,"[""tests/test_custom_route_class.py""]",1
31861781036,Test,failure,718f979907d10f5aa8b08020ebd73eeb6b42aa67,2026-08-15 03:25:32+00:00,pull_request,94956431891,"test (windows-latest, 3.12, lowest-direct, no-deprecation, coverage)",failure,102.0,1,5,67,2716,"[""tests/test_custom_route_class.py""]",1
31861781036,Test,failure,718f979907d10f5aa8b08020ebd73eeb6b42aa67,2026-08-15 03:25:32+00:00,pull_request,94956431894,"test (macos-latest, 3.14t, no-deprecation, highest, starlette-git)",failure,88.0,1,5,67,2716,"[""tests/test_custom_route_class.py""]",1
31861781036,Test,failure,718f979907d10f5aa8b08020ebd73eeb6b42aa67,2026-08-15 03:25:32+00:00,pull_request,94956431916,"test (ubuntu-latest, 3.13, highest, no-deprecation, true)",failure,57.0,1,5,67,2716,"[""tests/test_custom_route_class.py""]",1
31861781036,Test,failure,718f979907d10f5aa8b08020ebd73eeb6b42aa67,2026-08-15 03:25:32+00:00,pull_request,94956750279,test-alls-green,failure,5.0,1,5,67,2716,"[""tests/test_custom_route_class.py""]",1
31861779363,Conflict detector,success,718f979907d10f5aa8b08020ebd73eeb6b42aa67,2026-08-15 03:25:30+00:00,pull_request_target,94956325201,main,success,4.0,1,5,67,2716,"[""tests/test_custom_route_class.py""]",0
31861779291,Add to Project,success,718f979907d10f5aa8b08020ebd73eeb6b42aa67,2026-08-15 03:25:30+00:00,pull_request_target,94956325001,Add to project,success,5.0,1,5,67,2716,"[""tests/test_custom_route_class.py""]",0
31861773189,Zizmor,success,844c48fad274955d19c920955a7b951719f8c026,2026-08-15 03:25:22+00:00,pull_request,94956309572,Run zizmor,success,25.0,1,4,1262,59326,"[""tests/test_application.py""]",0
31861773180,Build Docs,success,844c48fad274955d19c920955a7b951719f8c026,2026-08-15 03:25:22+00:00,pull_request,94956309587,changes,success,8.0,1,4,1262,59326,"[""tests/test_application.py""]",0
31861773180,Build Docs,success,844c48fad274955d19c920955a7b951719f8c026,2026-08-15 03:25:22+00:00,pull_request,94956333582,docs-all-green,success,2.0,1,4,1262,59326,"[""tests/test_application.py""]",0
31861773183,pre-commit,failure,844c48fad274955d19c920955a7b951719f8c026,2026-08-15 03:25:22+00:00,pull_request,94956309628,pre-commit,failure,46.0,1,4,1262,59326,"[""tests/test_application.py""]",1
31861773183,pre-commit,failure,844c48fad274955d19c920955a7b951719f8c026,2026-08-15 03:25:22+00:00,pull_request,94956406027,pre-commit-alls-green,failure,3.0,1,4,1262,59326,"[""tests/test_application.py""]",1
31861773199,Test Redistribute,failure,844c48fad274955d19c920955a7b951719f8c026,2026-08-15 03:25:22+00:00,pull_request,94956309535,test-redistribute,failure,64.0,1,4,1262,59326,"[""tests/test_application.py""]",1
31861773199,Test Redistribute,failure,844c48fad274955d19c920955a7b951719f8c026,2026-08-15 03:25:22+00:00,pull_request,94956437399,test-redistribute-alls-green,failure,4.0,1,4,1262,59326,"[""tests/test_application.py""]",1
31861773225,Test,failure,844c48fad274955d19c920955a7b951719f8c026,2026-08-15 03:25:22+00:00,pull_request,94956309659,changes,success,6.0,1,4,1262,59326,"[""tests/test_application.py""]",0
31861773225,Test,failure,844c48fad274955d19c920955a7b951719f8c026,2026-08-15 03:25:22+00:00,pull_request,94956309748,regression-test,success,20.0,1,4,1262,59326,"[""tests/test_application.py""]",0
31861773225,Test,failure,844c48fad274955d19c920955a7b951719f8c026,2026-08-15 03:25:22+00:00,pull_request,94956328058,"test (windows-latest, 3.14t, no-deprecation, highest, starlette-pypi)",failure,156.0,1,4,1262,59326,"[""tests/test_application.py""]",1
31861773225,Test,failure,844c48fad274955d19c920955a7b951719f8c026,2026-08-15 03:25:22+00:00,pull_request,94956328063,"test (windows-latest, 3.14, no-deprecation, highest, starlette-git)",failure,55.0,1,4,1262,59326,"[""tests/test_application.py""]",1
31861773225,Test,failure,844c48fad274955d19c920955a7b951719f8c026,2026-08-15 03:25:22+00:00,pull_request,94956328066,"test (ubuntu-latest, 3.13, highest, no-deprecation, codspeed)",failure,70.0,1,4,1262,59326,"[""tests/test_application.py""]",1
31861773225,Test,failure,844c48fad274955d19c920955a7b951719f8c026,2026-08-15 03:25:22+00:00,pull_request,94956328069,"test (macos-latest, 3.14t, no-deprecation, highest, starlette-pypi)",failure,71.0,1,4,1262,59326,"[""tests/test_application.py""]",1
31861773225,Test,failure,844c48fad274955d19c920955a7b951719f8c026,2026-08-15 03:25:22+00:00,pull_request,94956328093,"test (ubuntu-latest, 3.14t, highest, no-deprecation, coverage)",failure,61.0,1,4,1262,59326,"[""tests/test_application.py""]",1
31861773225,Test,failure,844c48fad274955d19c920955a7b951719f8c026,2026-08-15 03:25:22+00:00,pull_request,94956328095,"test (macos-latest, 3.10, lowest-direct, no-deprecation, coverage)",failure,72.0,1,4,1262,59326,"[""tests/test_application.py""]",1
31861773225,Test,failure,844c48fad274955d19c920955a7b951719f8c026,2026-08-15 03:25:22+00:00,pull_request,94956328100,"test (windows-latest, 3.14t, no-deprecation, highest, starlette-git)",failure,145.0,1,4,1262,59326,"[""tests/test_application.py""]",1
31861773225,Test,failure,844c48fad274955d19c920955a7b951719f8c026,2026-08-15 03:25:22+00:00,pull_request,94956328105,"test (macos-latest, 3.14, no-deprecation, highest, starlette-git)",failure,50.0,1,4,1262,59326,"[""tests/test_application.py""]",1
31861773225,Test,failure,844c48fad274955d19c920955a7b951719f8c026,2026-08-15 03:25:22+00:00,pull_request,94956328122,"test (windows-latest, 3.14, no-deprecation, highest, starlette-pypi)",failure,49.0,1,4,1262,59326,"[""tests/test_application.py""]",1
31861773225,Test,failure,844c48fad274955d19c920955a7b951719f8c026,2026-08-15 03:25:22+00:00,pull_request,94956328131,"test (ubuntu-latest, 3.13, highest, no-deprecation, coverage)",failure,68.0,1,4,1262,59326,"[""tests/test_application.py""]",1
31861773225,Test,failure,844c48fad274955d19c920955a7b951719f8c026,2026-08-15 03:25:22+00:00,pull_request,94956328137,"test (ubuntu-latest, 3.13, highest, no-deprecation, true)",failure,68.0,1,4,1262,59326,"[""tests/test_application.py""]",1
31861773225,Test,failure,844c48fad274955d19c920955a7b951719f8c026,2026-08-15 03:25:22+00:00,pull_request,94956328142,"test (macos-latest, 3.14, no-deprecation, highest, starlette-pypi)",failure,37.0,1,4,1262,59326,"[""tests/test_application.py""]",1
31861773225,Test,failure,844c48fad274955d19c920955a7b951719f8c026,2026-08-15 03:25:22+00:00,pull_request,94956328143,"test (ubuntu-latest, 3.14, highest, starlette-git, test-deprecation, coverage)",failure,41.0,1,4,1262,59326,"[""tests/test_application.py""]",1
31861773225,Test,failure,844c48fad274955d19c920955a7b951719f8c026,2026-08-15 03:25:22+00:00,pull_request,94956328147,"test (windows-latest, 3.12, lowest-direct, no-deprecation, coverage)",failure,99.0,1,4,1262,59326,"[""tests/test_application.py""]",1
31861773225,Test,failure,844c48fad274955d19c920955a7b951719f8c026,2026-08-15 03:25:22+00:00,pull_request,94956328185,"test (macos-latest, 3.14t, no-deprecation, highest, starlette-git)",failure,114.0,1,4,1262,59326,"[""tests/test_application.py""]",1
31861773225,Test,failure,844c48fad274955d19c920955a7b951719f8c026,2026-08-15 03:25:22+00:00,pull_request,94956328450,benchmark,failure,43.0,1,4,1262,59326,"[""tests/test_application.py""]",1
31861773225,Test,failure,844c48fad274955d19c920955a7b951719f8c026,2026-08-15 03:25:22+00:00,pull_request,94956635046,test-alls-green,failure,5.0,1,4,1262,59326,"[""tests/test_application.py""]",1
31861772107,Add to Project,success,844c48fad274955d19c920955a7b951719f8c026,2026-08-15 03:25:20+00:00,pull_request_target,94956306892,Add to project,success,3.0,1,4,1262,59326,"[""tests/test_application.py""]",0
31861772095,Conflict detector,success,844c48fad274955d19c920955a7b951719f8c026,2026-08-15 03:25:20+00:00,pull_request_target,94956306796,main,success,4.0,1,4,1262,59326,"[""tests/test_application.py""]",0
31861310349,Smokeshow,failure,a1fa70d4237d50aae6586a0d9b229df583463d21,2026-08-15 03:14:58+00:00,workflow_run,94955084375,smokeshow,failure,17.0,1,1,0,363,"[""docs/en/docs/release-notes.md""]",1
31861294254,Smokeshow,failure,a1fa70d4237d50aae6586a0d9b229df583463d21,2026-08-15 03:14:35+00:00,workflow_run,94955038680,smokeshow,failure,15.0,1,1,0,363,"[""docs/en/docs/release-notes.md""]",1
31861186730,Deploy Docs,success,a1fa70d4237d50aae6586a0d9b229df583463d21,2026-08-15 03:12:01+00:00,workflow_run,94954746598,deploy-docs,success,25.0,1,1,0,363,"[""docs/en/docs/release-notes.md""]",0
31861172644,Deploy Docs,success,a1fa70d4237d50aae6586a0d9b229df583463d21,2026-08-15 03:11:40+00:00,workflow_run,94954711862,deploy-docs,success,27.0,1,1,0,363,"[""docs/en/docs/release-notes.md""]",0
31861157822,Add to Project,success,99269b46e8024c3c007266e0369e7726953532d6,2026-08-15 03:11:19+00:00,pull_request_target,94954674738,Add to project,success,4.0,1,1,6417,0,"[""fastapi/routing.py""]",0
31861157804,Build Docs,success,99269b46e8024c3c007266e0369e7726953532d6,2026-08-15 03:11:19+00:00,pull_request,94954674844,changes,success,5.0,1,1,6417,0,"[""fastapi/routing.py""]",0
31861157804,Build Docs,success,99269b46e8024c3c007266e0369e7726953532d6,2026-08-15 03:11:19+00:00,pull_request,94954692415,docs-all-green,success,4.0,1,1,6417,0,"[""fastapi/routing.py""]",0
31861157797,Zizmor,success,99269b46e8024c3c007266e0369e7726953532d6,2026-08-15 03:11:19+00:00,pull_request,94954674601,Run zizmor,success,25.0,1,1,6417,0,"[""fastapi/routing.py""]",0
31861157799,pre-commit,failure,99269b46e8024c3c007266e0369e7726953532d6,2026-08-15 03:11:19+00:00,pull_request,94954674576,pre-commit,failure,40.0,1,1,6417,0,"[""fastapi/routing.py""]",1
31861157799,pre-commit,failure,99269b46e8024c3c007266e0369e7726953532d6,2026-08-15 03:11:19+00:00,pull_request,94954750907,pre-commit-alls-green,failure,3.0,1,1,6417,0,"[""fastapi/routing.py""]",1
31861157810,Test Redistribute,failure,99269b46e8024c3c007266e0369e7726953532d6,2026-08-15 03:11:19+00:00,pull_request,94954674679,test-redistribute,failure,62.0,1,1,6417,0,"[""fastapi/routing.py""]",1
31861157810,Test Redistribute,failure,99269b46e8024c3c007266e0369e7726953532d6,2026-08-15 03:11:19+00:00,pull_request,94954788040,test-redistribute-alls-green,failure,3.0,1,1,6417,0,"[""fastapi/routing.py""]",1
31861157809,Test,failure,99269b46e8024c3c007266e0369e7726953532d6,2026-08-15 03:11:19+00:00,pull_request,94954674629,changes,success,9.0,1,1,6417,0,"[""fastapi/routing.py""]",0
31861157809,Test,failure,99269b46e8024c3c007266e0369e7726953532d6,2026-08-15 03:11:19+00:00,pull_request,94954674671,regression-test,success,12.0,1,1,6417,0,"[""fastapi/routing.py""]",0
31861157809,Test,failure,99269b46e8024c3c007266e0369e7726953532d6,2026-08-15 03:11:19+00:00,pull_request,94954698725,benchmark,failure,52.0,1,1,6417,0,"[""fastapi/routing.py""]",1
31861157809,Test,failure,99269b46e8024c3c007266e0369e7726953532d6,2026-08-15 03:11:19+00:00,pull_request,94954698753,"test (windows-latest, 3.14t, no-deprecation, highest, starlette-git)",failure,151.0,1,1,6417,0,"[""fastapi/routing.py""]",1
31861157809,Test,failure,99269b46e8024c3c007266e0369e7726953532d6,2026-08-15 03:11:19+00:00,pull_request,94954698754,"test (windows-latest, 3.14t, no-deprecation, highest, starlette-pypi)",failure,165.0,1,1,6417,0,"[""fastapi/routing.py""]",1
31861157809,Test,failure,99269b46e8024c3c007266e0369e7726953532d6,2026-08-15 03:11:19+00:00,pull_request,94954698761,"test (ubuntu-latest, 3.14t, highest, no-deprecation, coverage)",failure,65.0,1,1,6417,0,"[""fastapi/routing.py""]",1
31861157809,Test,failure,99269b46e8024c3c007266e0369e7726953532d6,2026-08-15 03:11:19+00:00,pull_request,94954698762,"test (windows-latest, 3.14, no-deprecation, highest, starlette-git)",failure,56.0,1,1,6417,0,"[""fastapi/routing.py""]",1
31861157809,Test,failure,99269b46e8024c3c007266e0369e7726953532d6,2026-08-15 03:11:19+00:00,pull_request,94954698764,"test (macos-latest, 3.14t, no-deprecation, highest, starlette-pypi)",failure,97.0,1,1,6417,0,"[""fastapi/routing.py""]",1
31861157809,Test,failure,99269b46e8024c3c007266e0369e7726953532d6,2026-08-15 03:11:19+00:00,pull_request,94954698767,"test (ubuntu-latest, 3.13, highest, no-deprecation, coverage)",failure,70.0,1,1,6417,0,"[""fastapi/routing.py""]",1
31861157809,Test,failure,99269b46e8024c3c007266e0369e7726953532d6,2026-08-15 03:11:19+00:00,pull_request,94954698791,"test (ubuntu-latest, 3.13, highest, no-deprecation, true)",failure,71.0,1,1,6417,0,"[""fastapi/routing.py""]",1
31861157809,Test,failure,99269b46e8024c3c007266e0369e7726953532d6,2026-08-15 03:11:19+00:00,pull_request,94954698794,"test (macos-latest, 3.14, no-deprecation, highest, starlette-pypi)",failure,43.0,1,1,6417,0,"[""fastapi/routing.py""]",1
31861157809,Test,failure,99269b46e8024c3c007266e0369e7726953532d6,2026-08-15 03:11:19+00:00,pull_request,94954698801,"test (macos-latest, 3.10, lowest-direct, no-deprecation, coverage)",failure,92.0,1,1,6417,0,"[""fastapi/routing.py""]",1
31861157809,Test,failure,99269b46e8024c3c007266e0369e7726953532d6,2026-08-15 03:11:19+00:00,pull_request,94954698802,"test (windows-latest, 3.14, no-deprecation, highest, starlette-pypi)",failure,54.0,1,1,6417,0,"[""fastapi/routing.py""]",1
31861157809,Test,failure,99269b46e8024c3c007266e0369e7726953532d6,2026-08-15 03:11:19+00:00,pull_request,94954698804,"test (windows-latest, 3.12, lowest-direct, no-deprecation, coverage)",failure,102.0,1,1,6417,0,"[""fastapi/routing.py""]",1
31861157809,Test,failure,99269b46e8024c3c007266e0369e7726953532d6,2026-08-15 03:11:19+00:00,pull_request,94954698808,"test (macos-latest, 3.14t, no-deprecation, highest, starlette-git)",failure,72.0,1,1,6417,0,"[""fastapi/routing.py""]",1
31861157809,Test,failure,99269b46e8024c3c007266e0369e7726953532d6,2026-08-15 03:11:19+00:00,pull_request,94954698860,"test (macos-latest, 3.14, no-deprecation, highest, starlette-git)",failure,38.0,1,1,6417,0,"[""fastapi/routing.py""]",1
31861157809,Test,failure,99269b46e8024c3c007266e0369e7726953532d6,2026-08-15 03:11:19+00:00,pull_request,94954698865,"test (ubuntu-latest, 3.13, highest, no-deprecation, codspeed)",failure,66.0,1,1,6417,0,"[""fastapi/routing.py""]",1
31861157809,Test,failure,99269b46e8024c3c007266e0369e7726953532d6,2026-08-15 03:11:19+00:00,pull_request,94954698891,"test (ubuntu-latest, 3.14, highest, starlette-git, test-deprecation, coverage)",failure,35.0,1,1,6417,0,"[""fastapi/routing.py""]",1
31861157809,Test,failure,99269b46e8024c3c007266e0369e7726953532d6,2026-08-15 03:11:19+00:00,pull_request,94955066378,test-alls-green,failure,3.0,1,1,6417,0,"[""fastapi/routing.py""]",1
31861155376,Zizmor,success,61f64f4e118c313e74cc8831f41563acb8264519,2026-08-15 03:11:16+00:00,pull_request,94954668885,Run zizmor,success,25.0,1,1,6417,0,"[""fastapi/routing.py""]",0
31861155440,Test Redistribute,failure,61f64f4e118c313e74cc8831f41563acb8264519,2026-08-15 03:11:16+00:00,pull_request,94954669189,test-redistribute,failure,58.0,1,1,6417,0,"[""fastapi/routing.py""]",1
31861155440,Test Redistribute,failure,61f64f4e118c313e74cc8831f41563acb8264519,2026-08-15 03:11:16+00:00,pull_request,94954774181,test-redistribute-alls-green,failure,2.0,1,1,6417,0,"[""fastapi/routing.py""]",1
31861155289,Build Docs,success,61f64f4e118c313e74cc8831f41563acb8264519,2026-08-15 03:11:15+00:00,pull_request,94954668565,changes,success,8.0,1,1,6417,0,"[""fastapi/routing.py""]",0
31861155289,Build Docs,success,61f64f4e118c313e74cc8831f41563acb8264519,2026-08-15 03:11:15+00:00,pull_request,94954689630,docs-all-green,success,5.0,1,1,6417,0,"[""fastapi/routing.py""]",0
31861155265,Add to Project,success,61f64f4e118c313e74cc8831f41563acb8264519,2026-08-15 03:11:15+00:00,pull_request_target,94954668750,Add to project,success,4.0,1,1,6417,0,"[""fastapi/routing.py""]",0
31861155348,pre-commit,failure,61f64f4e118c313e74cc8831f41563acb8264519,2026-08-15 03:11:15+00:00,pull_request,94954668864,pre-commit,failure,51.0,1,1,6417,0,"[""fastapi/routing.py""]",1
31861155348,pre-commit,failure,61f64f4e118c313e74cc8831f41563acb8264519,2026-08-15 03:11:15+00:00,pull_request,94954762620,pre-commit-alls-green,failure,2.0,1,1,6417,0,"[""fastapi/routing.py""]",1
31861155300,Test,failure,61f64f4e118c313e74cc8831f41563acb8264519,2026-08-15 03:11:15+00:00,pull_request,94954668683,regression-test,success,14.0,1,1,6417,0,"[""fastapi/routing.py""]",0
31861155300,Test,failure,61f64f4e118c313e74cc8831f41563acb8264519,2026-08-15 03:11:15+00:00,pull_request,94954668724,changes,success,7.0,1,1,6417,0,"[""fastapi/routing.py""]",0
31861155300,Test,failure,61f64f4e118c313e74cc8831f41563acb8264519,2026-08-15 03:11:15+00:00,pull_request,94954690386,benchmark,failure,78.0,1,1,6417,0,"[""fastapi/routing.py""]",1
31861155300,Test,failure,61f64f4e118c313e74cc8831f41563acb8264519,2026-08-15 03:11:15+00:00,pull_request,94954690504,"test (windows-latest, 3.14t, no-deprecation, highest, starlette-pypi)",failure,172.0,1,1,6417,0,"[""fastapi/routing.py""]",1
31861155300,Test,failure,61f64f4e118c313e74cc8831f41563acb8264519,2026-08-15 03:11:15+00:00,pull_request,94954690508,"test (windows-latest, 3.14t, no-deprecation, highest, starlette-git)",failure,168.0,1,1,6417,0,"[""fastapi/routing.py""]",1
31861155300,Test,failure,61f64f4e118c313e74cc8831f41563acb8264519,2026-08-15 03:11:15+00:00,pull_request,94954690524,"test (macos-latest, 3.14, no-deprecation, highest, starlette-git)",failure,29.0,1,1,6417,0,"[""fastapi/routing.py""]",1
31861155300,Test,failure,61f64f4e118c313e74cc8831f41563acb8264519,2026-08-15 03:11:15+00:00,pull_request,94954690532,"test (windows-latest, 3.14, no-deprecation, highest, starlette-pypi)",failure,70.0,1,1,6417,0,"[""fastapi/routing.py""]",1
31861155300,Test,failure,61f64f4e118c313e74cc8831f41563acb8264519,2026-08-15 03:11:15+00:00,pull_request,94954690544,"test (macos-latest, 3.14t, no-deprecation, highest, starlette-pypi)",failure,126.0,1,1,6417,0,"[""fastapi/routing.py""]",1
31861155300,Test,failure,61f64f4e118c313e74cc8831f41563acb8264519,2026-08-15 03:11:15+00:00,pull_request,94954690552,"test (macos-latest, 3.14, no-deprecation, highest, starlette-pypi)",failure,35.0,1,1,6417,0,"[""fastapi/routing.py""]",1
31861155300,Test,failure,61f64f4e118c313e74cc8831f41563acb8264519,2026-08-15 03:11:15+00:00,pull_request,94954690561,"test (ubuntu-latest, 3.13, highest, no-deprecation, true)",failure,67.0,1,1,6417,0,"[""fastapi/routing.py""]",1
31861155300,Test,failure,61f64f4e118c313e74cc8831f41563acb8264519,2026-08-15 03:11:15+00:00,pull_request,94954690567,"test (ubuntu-latest, 3.14, highest, starlette-git, test-deprecation, coverage)",failure,43.0,1,1,6417,0,"[""fastapi/routing.py""]",1
31861155300,Test,failure,61f64f4e118c313e74cc8831f41563acb8264519,2026-08-15 03:11:15+00:00,pull_request,94954690583,"test (macos-latest, 3.10, lowest-direct, no-deprecation, coverage)",failure,83.0,1,1,6417,0,"[""fastapi/routing.py""]",1
31861155300,Test,failure,61f64f4e118c313e74cc8831f41563acb8264519,2026-08-15 03:11:15+00:00,pull_request,94954690598,"test (windows-latest, 3.14, no-deprecation, highest, starlette-git)",failure,69.0,1,1,6417,0,"[""fastapi/routing.py""]",1
31861155300,Test,failure,61f64f4e118c313e74cc8831f41563acb8264519,2026-08-15 03:11:15+00:00,pull_request,94954690643,"test (macos-latest, 3.14t, no-deprecation, highest, starlette-git)",failure,83.0,1,1,6417,0,"[""fastapi/routing.py""]",1
31861155300,Test,failure,61f64f4e118c313e74cc8831f41563acb8264519,2026-08-15 03:11:15+00:00,pull_request,94954690645,"test (windows-latest, 3.12, lowest-direct, no-deprecation, coverage)",failure,99.0,1,1,6417,0,"[""fastapi/routing.py""]",1
31861155300,Test,failure,61f64f4e118c313e74cc8831f41563acb8264519,2026-08-15 03:11:15+00:00,pull_request,94954690649,"test (ubuntu-latest, 3.13, highest, no-deprecation, coverage)",failure,47.0,1,1,6417,0,"[""fastapi/routing.py""]",1
31861155300,Test,failure,61f64f4e118c313e74cc8831f41563acb8264519,2026-08-15 03:11:15+00:00,pull_request,94954690650,"test (ubuntu-latest, 3.13, highest, no-deprecation, codspeed)",failure,53.0,1,1,6417,0,"[""fastapi/routing.py""]",1
31861155300,Test,failure,61f64f4e118c313e74cc8831f41563acb8264519,2026-08-15 03:11:15+00:00,pull_request,94954690701,"test (ubuntu-latest, 3.14t, highest, no-deprecation, coverage)",failure,58.0,1,1,6417,0,"[""fastapi/routing.py""]",1
31861155300,Test,failure,61f64f4e118c313e74cc8831f41563acb8264519,2026-08-15 03:11:15+00:00,pull_request,94955013545,test-alls-green,failure,6.0,1,1,6417,0,"[""fastapi/routing.py""]",1
31860614635,Issue Manager,success,a1fa70d4237d50aae6586a0d9b229df583463d21,2026-08-15 02:59:13+00:00,issue_comment,94953243740,issue-manager,success,15.0,1,1,0,363,"[""docs/en/docs/release-notes.md""]",0
31860587843,Issue Manager,success,a1fa70d4237d50aae6586a0d9b229df583463d21,2026-08-15 02:58:35+00:00,issue_comment,94953174876,issue-manager,success,35.0,1,1,0,363,"[""docs/en/docs/release-notes.md""]",0
31846120383,Issue Manager,success,a1fa70d4237d50aae6586a0d9b229df583463d21,2026-08-14 22:18:48+00:00,schedule,94912788605,issue-manager,success,21.0,1,1,0,363,"[""docs/en/docs/release-notes.md""]",0
31825894432,Issue Manager,success,a1fa70d4237d50aae6586a0d9b229df583463d21,2026-08-14 17:50:57+00:00,issue_comment,94849830488,issue-manager,success,30.0,1,1,0,363,"[""docs/en/docs/release-notes.md""]",0
31803662913,Smokeshow,success,a1fa70d4237d50aae6586a0d9b229df583463d21,2026-08-14 13:12:26+00:00,workflow_run,94777300129,smokeshow,success,50.0,1,1,0,363,"[""docs/en/docs/release-notes.md""]",0
31803388023,Deploy Docs,success,a1fa70d4237d50aae6586a0d9b229df583463d21,2026-08-14 13:08:41+00:00,workflow_run,94776404451,deploy-docs,success,53.0,1,1,0,363,"[""docs/en/docs/release-notes.md""]",0
31803177866,Push on master,success,a1fa70d4237d50aae6586a0d9b229df583463d21,2026-08-14 13:05:51+00:00,dynamic,94775724853,Analyze (actions),success,42.0,1,1,0,363,"[""docs/en/docs/release-notes.md""]",0
31803177866,Push on master,success,a1fa70d4237d50aae6586a0d9b229df583463d21,2026-08-14 13:05:51+00:00,dynamic,94775724919,Analyze (python),success,90.0,1,1,0,363,"[""docs/en/docs/release-notes.md""]",0
31803177866,Push on master,success,a1fa70d4237d50aae6586a0d9b229df583463d21,2026-08-14 13:05:51+00:00,dynamic,94775724983,Analyze (javascript-typescript),success,79.0,1,1,0,363,"[""docs/en/docs/release-notes.md""]",0
31803174953,Notify Translations,success,8218130a4c8155877d83e29daf0eed821c8aed81,2026-08-14 13:05:49+00:00,pull_request_target,94775709835,job,success,29.0,3,37,2,1685,"[""docs/en/docs/css/custom.css"", ""docs/en/overrides/main.html"", ""docs/en/overrides/partials/conf-rail.html""]",0
31803174548,Zizmor,success,6988aa68743f05341a24fcf6ba6b9224930a5e6d,2026-08-14 13:05:49+00:00,push,94775708548,Run zizmor,success,24.0,3,37,2,1685,"[""docs/en/docs/css/custom.css"", ""docs/en/overrides/main.html"", ""docs/en/overrides/partials/conf-rail.html""]",0
31803174561,Test Redistribute,success,6988aa68743f05341a24fcf6ba6b9224930a5e6d,2026-08-14 13:05:49+00:00,push,94775708518,test-redistribute,success,57.0,3,37,2,1685,"[""docs/en/docs/css/custom.css"", ""docs/en/overrides/main.html"", ""docs/en/overrides/partials/conf-rail.html""]",0
31803174561,Test Redistribute,success,6988aa68743f05341a24fcf6ba6b9224930a5e6d,2026-08-14 13:05:49+00:00,push,94775946394,test-redistribute-alls-green,success,2.0,3,37,2,1685,"[""docs/en/docs/css/custom.css"", ""docs/en/overrides/main.html"", ""docs/en/overrides/partials/conf-rail.html""]",0
31803174600,Conflict detector,success,6988aa68743f05341a24fcf6ba6b9224930a5e6d,2026-08-14 13:05:49+00:00,push,94775709165,main,success,127.0,3,37,2,1685,"[""docs/en/docs/css/custom.css"", ""docs/en/overrides/main.html"", ""docs/en/overrides/partials/conf-rail.html""]",0
31803174556,Build Docs,success,6988aa68743f05341a24fcf6ba6b9224930a5e6d,2026-08-14 13:05:49+00:00,push,94775708714,changes,success,7.0,3,37,2,1685,"[""docs/en/docs/css/custom.css"", ""docs/en/overrides/main.html"", ""docs/en/overrides/partials/conf-rail.html""]",0
31803174556,Build Docs,success,6988aa68743f05341a24fcf6ba6b9224930a5e6d,2026-08-14 13:05:49+00:00,push,94775751552,langs,success,13.0,3,37,2,1685,"[""docs/en/docs/css/custom.css"", ""docs/en/overrides/main.html"", ""docs/en/overrides/partials/conf-rail.html""]",0
31803174556,Build Docs,success,6988aa68743f05341a24fcf6ba6b9224930a5e6d,2026-08-14 13:05:49+00:00,push,94775815458,build-docs (fr),success,37.0,3,37,2,1685,"[""docs/en/docs/css/custom.css"", ""docs/en/overrides/main.html"", ""docs/en/overrides/partials/conf-rail.html""]",0
31803174556,Build Docs,success,6988aa68743f05341a24fcf6ba6b9224930a5e6d,2026-08-14 13:05:49+00:00,push,94775815460,build-docs (en),success,36.0,3,37,2,1685,"[""docs/en/docs/css/custom.css"", ""docs/en/overrides/main.html"", ""docs/en/overrides/partials/conf-rail.html""]",0
31803174556,Build Docs,success,6988aa68743f05341a24fcf6ba6b9224930a5e6d,2026-08-14 13:05:49+00:00,push,94775815471,build-docs (de),success,31.0,3,37,2,1685,"[""docs/en/docs/css/custom.css"", ""docs/en/overrides/main.html"", ""docs/en/overrides/partials/conf-rail.html""]",0
31803174556,Build Docs,success,6988aa68743f05341a24fcf6ba6b9224930a5e6d,2026-08-14 13:05:49+00:00,push,94775815527,build-docs (zh),success,37.0,3,37,2,1685,"[""docs/en/docs/css/custom.css"", ""docs/en/overrides/main.html"", ""docs/en/overrides/partials/conf-rail.html""]",0
31803174556,Build Docs,success,6988aa68743f05341a24fcf6ba6b9224930a5e6d,2026-08-14 13:05:49+00:00,push,94775815570,build-docs (zh-hant),success,34.0,3,37,2,1685,"[""docs/en/docs/css/custom.css"", ""docs/en/overrides/main.html"", ""docs/en/overrides/partials/conf-rail.html""]",0
31803174556,Build Docs,success,6988aa68743f05341a24fcf6ba6b9224930a5e6d,2026-08-14 13:05:49+00:00,push,94775815600,build-docs (hi),success,41.0,3,37,2,1685,"[""docs/en/docs/css/custom.css"", ""docs/en/overrides/main.html"", ""docs/en/overrides/partials/conf-rail.html""]",0
31803174556,Build Docs,success,6988aa68743f05341a24fcf6ba6b9224930a5e6d,2026-08-14 13:05:49+00:00,push,94775815616,build-docs (ja),success,41.0,3,37,2,1685,"[""docs/en/docs/css/custom.css"", ""docs/en/overrides/main.html"", ""docs/en/overrides/partials/conf-rail.html""]",0
31803174556,Build Docs,success,6988aa68743f05341a24fcf6ba6b9224930a5e6d,2026-08-14 13:05:49+00:00,push,94775815625,build-docs (pt),success,38.0,3,37,2,1685,"[""docs/en/docs/css/custom.css"", ""docs/en/overrides/main.html"", ""docs/en/overrides/partials/conf-rail.html""]",0
31803174556,Build Docs,success,6988aa68743f05341a24fcf6ba6b9224930a5e6d,2026-08-14 13:05:49+00:00,push,94775815642,build-docs (ru),success,44.0,3,37,2,1685,"[""docs/en/docs/css/custom.css"", ""docs/en/overrides/main.html"", ""docs/en/overrides/partials/conf-rail.html""]",0
31803174556,Build Docs,success,6988aa68743f05341a24fcf6ba6b9224930a5e6d,2026-08-14 13:05:49+00:00,push,94775815652,build-docs (es),success,36.0,3,37,2,1685,"[""docs/en/docs/css/custom.css"", ""docs/en/overrides/main.html"", ""docs/en/overrides/partials/conf-rail.html""]",0
31803174556,Build Docs,success,6988aa68743f05341a24fcf6ba6b9224930a5e6d,2026-08-14 13:05:49+00:00,push,94775815661,build-docs (ko),success,46.0,3,37,2,1685,"[""docs/en/docs/css/custom.css"", ""docs/en/overrides/main.html"", ""docs/en/overrides/partials/conf-rail.html""]",0
31803174556,Build Docs,success,6988aa68743f05341a24fcf6ba6b9224930a5e6d,2026-08-14 13:05:49+00:00,push,94775815673,build-docs (uk),success,40.0,3,37,2,1685,"[""docs/en/docs/css/custom.css"", ""docs/en/overrides/main.html"", ""docs/en/overrides/partials/conf-rail.html""]",0
31803174556,Build Docs,success,6988aa68743f05341a24fcf6ba6b9224930a5e6d,2026-08-14 13:05:49+00:00,push,94775815729,build-docs (tr),success,45.0,3,37,2,1685,"[""docs/en/docs/css/custom.css"", ""docs/en/overrides/main.html"", ""docs/en/overrides/partials/conf-rail.html""]",0
31803174556,Build Docs,success,6988aa68743f05341a24fcf6ba6b9224930a5e6d,2026-08-14 13:05:49+00:00,push,94776370647,docs-all-green,success,3.0,3,37,2,1685,"[""docs/en/docs/css/custom.css"", ""docs/en/overrides/main.html"", ""docs/en/overrides/partials/conf-rail.html""]",0
31803174656,Test,success,6988aa68743f05341a24fcf6ba6b9224930a5e6d,2026-08-14 13:05:49+00:00,push,94775709013,regression-test,success,3.0,3,37,2,1685,"[""docs/en/docs/css/custom.css"", ""docs/en/overrides/main.html"", ""docs/en/overrides/partials/conf-rail.html""]",0
31803174656,Test,success,6988aa68743f05341a24fcf6ba6b9224930a5e6d,2026-08-14 13:05:49+00:00,push,94775709051,changes,success,7.0,3,37,2,1685,"[""docs/en/docs/css/custom.css"", ""docs/en/overrides/main.html"", ""docs/en/overrides/partials/conf-rail.html""]",0
31803174656,Test,success,6988aa68743f05341a24fcf6ba6b9224930a5e6d,2026-08-14 13:05:49+00:00,push,94775750568,benchmark,success,114.0,3,37,2,1685,"[""docs/en/docs/css/custom.css"", ""docs/en/overrides/main.html"", ""docs/en/overrides/partials/conf-rail.html""]",0
31803174656,Test,success,6988aa68743f05341a24fcf6ba6b9224930a5e6d,2026-08-14 13:05:49+00:00,push,94775750853,"test (ubuntu-latest, 3.13, highest, no-deprecation, coverage)",success,83.0,3,37,2,1685,"[""docs/en/docs/css/custom.css"", ""docs/en/overrides/main.html"", ""docs/en/overrides/partials/conf-rail.html""]",0
31803174656,Test,success,6988aa68743f05341a24fcf6ba6b9224930a5e6d,2026-08-14 13:05:49+00:00,push,94775750855,"test (windows-latest, 3.14, no-deprecation, highest, starlette-git)",success,102.0,3,37,2,1685,"[""docs/en/docs/css/custom.css"", ""docs/en/overrides/main.html"", ""docs/en/overrides/partials/conf-rail.html""]",0
31803174656,Test,success,6988aa68743f05341a24fcf6ba6b9224930a5e6d,2026-08-14 13:05:49+00:00,push,94775750870,"test (macos-latest, 3.14t, no-deprecation, highest, starlette-pypi)",success,88.0,3,37,2,1685,"[""docs/en/docs/css/custom.css"", ""docs/en/overrides/main.html"", ""docs/en/overrides/partials/conf-rail.html""]",0
31803174656,Test,success,6988aa68743f05341a24fcf6ba6b9224930a5e6d,2026-08-14 13:05:49+00:00,push,94775750897,"test (ubuntu-latest, 3.14t, highest, no-deprecation, coverage)",success,73.0,3,37,2,1685,"[""docs/en/docs/css/custom.css"", ""docs/en/overrides/main.html"", ""docs/en/overrides/partials/conf-rail.html""]",0
31803174656,Test,success,6988aa68743f05341a24fcf6ba6b9224930a5e6d,2026-08-14 13:05:49+00:00,push,94775750911,"test (ubuntu-latest, 3.13, highest, no-deprecation, true)",success,73.0,3,37,2,1685,"[""docs/en/docs/css/custom.css"", ""docs/en/overrides/main.html"", ""docs/en/overrides/partials/conf-rail.html""]",0
31803174656,Test,success,6988aa68743f05341a24fcf6ba6b9224930a5e6d,2026-08-14 13:05:49+00:00,push,94775750925,"test (windows-latest, 3.14, no-deprecation, highest, starlette-pypi)",success,94.0,3,37,2,1685,"[""docs/en/docs/css/custom.css"", ""docs/en/overrides/main.html"", ""docs/en/overrides/partials/conf-rail.html""]",0
31803174656,Test,success,6988aa68743f05341a24fcf6ba6b9224930a5e6d,2026-08-14 13:05:49+00:00,push,94775750939,"test (windows-latest, 3.12, lowest-direct, no-deprecation, coverage)",success,131.0,3,37,2,1685,"[""docs/en/docs/css/custom.css"", ""docs/en/overrides/main.html"", ""docs/en/overrides/partials/conf-rail.html""]",0
31803174656,Test,success,6988aa68743f05341a24fcf6ba6b9224930a5e6d,2026-08-14 13:05:49+00:00,push,94775750947,"test (windows-latest, 3.14t, no-deprecation, highest, starlette-git)",success,263.0,3,37,2,1685,"[""docs/en/docs/css/custom.css"", ""docs/en/overrides/main.html"", ""docs/en/overrides/partials/conf-rail.html""]",0
31803174656,Test,success,6988aa68743f05341a24fcf6ba6b9224930a5e6d,2026-08-14 13:05:49+00:00,push,94775750960,"test (windows-latest, 3.14t, no-deprecation, highest, starlette-pypi)",success,210.0,3,37,2,1685,"[""docs/en/docs/css/custom.css"", ""docs/en/overrides/main.html"", ""docs/en/overrides/partials/conf-rail.html""]",0
31803174656,Test,success,6988aa68743f05341a24fcf6ba6b9224930a5e6d,2026-08-14 13:05:49+00:00,push,94775750968,"test (macos-latest, 3.14, no-deprecation, highest, starlette-git)",success,71.0,3,37,2,1685,"[""docs/en/docs/css/custom.css"", ""docs/en/overrides/main.html"", ""docs/en/overrides/partials/conf-rail.html""]",0
31803174656,Test,success,6988aa68743f05341a24fcf6ba6b9224930a5e6d,2026-08-14 13:05:49+00:00,push,94775750970,"test (macos-latest, 3.10, lowest-direct, no-deprecation, coverage)",success,77.0,3,37,2,1685,"[""docs/en/docs/css/custom.css"", ""docs/en/overrides/main.html"", ""docs/en/overrides/partials/conf-rail.html""]",0
31803174656,Test,success,6988aa68743f05341a24fcf6ba6b9224930a5e6d,2026-08-14 13:05:49+00:00,push,94775750973,"test (ubuntu-latest, 3.14, highest, starlette-git, test-deprecation, coverage)",success,58.0,3,37,2,1685,"[""docs/en/docs/css/custom.css"", ""docs/en/overrides/main.html"", ""docs/en/overrides/partials/conf-rail.html""]",0
31803174656,Test,success,6988aa68743f05341a24fcf6ba6b9224930a5e6d,2026-08-14 13:05:49+00:00,push,94775750983,"test (macos-latest, 3.14, no-deprecation, highest, starlette-pypi)",success,68.0,3,37,2,1685,"[""docs/en/docs/css/custom.css"", ""docs/en/overrides/main.html"", ""docs/en/overrides/partials/conf-rail.html""]",0
31803174656,Test,success,6988aa68743f05341a24fcf6ba6b9224930a5e6d,2026-08-14 13:05:49+00:00,push,94775750987,"test (ubuntu-latest, 3.13, highest, no-deprecation, codspeed)",success,67.0,3,37,2,1685,"[""docs/en/docs/css/custom.css"", ""docs/en/overrides/main.html"", ""docs/en/overrides/partials/conf-rail.html""]",0
31803174656,Test,success,6988aa68743f05341a24fcf6ba6b9224930a5e6d,2026-08-14 13:05:49+00:00,push,94775751009,"test (macos-latest, 3.14t, no-deprecation, highest, starlette-git)",success,166.0,3,37,2,1685,"[""docs/en/docs/css/custom.css"", ""docs/en/overrides/main.html"", ""docs/en/overrides/partials/conf-rail.html""]",0
31803174656,Test,success,6988aa68743f05341a24fcf6ba6b9224930a5e6d,2026-08-14 13:05:49+00:00,push,94776967901,coverage-combine,success,65.0,3,37,2,1685,"[""docs/en/docs/css/custom.css"", ""docs/en/overrides/main.html"", ""docs/en/overrides/partials/conf-rail.html""]",0
31803174656,Test,success,6988aa68743f05341a24fcf6ba6b9224930a5e6d,2026-08-14 13:05:49+00:00,push,94777246734,test-alls-green,success,5.0,3,37,2,1685,"[""docs/en/docs/css/custom.css"", ""docs/en/overrides/main.html"", ""docs/en/overrides/partials/conf-rail.html""]",0
31803173658,Push on master,success,6988aa68743f05341a24fcf6ba6b9224930a5e6d,2026-08-14 13:05:48+00:00,dynamic,94775711498,Analyze (javascript-typescript),success,76.0,3,37,2,1685,"[""docs/en/docs/css/custom.css"", ""docs/en/overrides/main.html"", ""docs/en/overrides/partials/conf-rail.html""]",0
31803173658,Push on master,success,6988aa68743f05341a24fcf6ba6b9224930a5e6d,2026-08-14 13:05:48+00:00,dynamic,94775711568,Analyze (python),success,79.0,3,37,2,1685,"[""docs/en/docs/css/custom.css"", ""docs/en/overrides/main.html"", ""docs/en/overrides/partials/conf-rail.html""]",0
31803173658,Push on master,success,6988aa68743f05341a24fcf6ba6b9224930a5e6d,2026-08-14 13:05:48+00:00,dynamic,94775711662,Analyze (actions),success,43.0,3,37,2,1685,"[""docs/en/docs/css/custom.css"", ""docs/en/overrides/main.html"", ""docs/en/overrides/partials/conf-rail.html""]",0
31803146211,Deploy Docs,success,13a5f34dce029671645f72695383265c5b3a8d48,2026-08-14 13:05:27+00:00,workflow_run,94775620677,deploy-docs,success,77.0,1,1,0,331,"[""docs/en/docs/release-notes.md""]",0
31803087374,Issue Manager,success,8218130a4c8155877d83e29daf0eed821c8aed81,2026-08-14 13:04:43+00:00,pull_request_target,94775443245,issue-manager,success,16.0,3,37,2,1685,"[""docs/en/docs/css/custom.css"", ""docs/en/overrides/main.html"", ""docs/en/overrides/partials/conf-rail.html""]",0
31803087351,Notify Translations,success,8218130a4c8155877d83e29daf0eed821c8aed81,2026-08-14 13:04:43+00:00,pull_request_target,94775443258,job,success,27.0,3,37,2,1685,"[""docs/en/docs/css/custom.css"", ""docs/en/overrides/main.html"", ""docs/en/overrides/partials/conf-rail.html""]",0
31803060649,Smokeshow,failure,13a5f34dce029671645f72695383265c5b3a8d48,2026-08-14 13:04:20+00:00,workflow_run,94775355949,smokeshow,failure,18.0,1,1,0,331,"[""docs/en/docs/release-notes.md""]",1
31803034882,Test,success,8218130a4c8155877d83e29daf0eed821c8aed81,2026-08-14 13:03:59+00:00,pull_request,94775270960,changes,success,6.0,3,37,2,1685,"[""docs/en/docs/css/custom.css"", ""docs/en/overrides/main.html"", ""docs/en/overrides/partials/conf-rail.html""]",0
31803034882,Test,success,8218130a4c8155877d83e29daf0eed821c8aed81,2026-08-14 13:03:59+00:00,pull_request,94775271023,regression-test,success,10.0,3,37,2,1685,"[""docs/en/docs/css/custom.css"", ""docs/en/overrides/main.html"", ""docs/en/overrides/partials/conf-rail.html""]",0
31803034882,Test,success,8218130a4c8155877d83e29daf0eed821c8aed81,2026-08-14 13:03:59+00:00,pull_request,94775323567,test-alls-green,success,2.0,3,37,2,1685,"[""docs/en/docs/css/custom.css"", ""docs/en/overrides/main.html"", ""docs/en/overrides/partials/conf-rail.html""]",0
31803034858,Zizmor,success,8218130a4c8155877d83e29daf0eed821c8aed81,2026-08-14 13:03:59+00:00,pull_request,94775276808,Run zizmor,success,25.0,3,37,2,1685,"[""docs/en/docs/css/custom.css"", ""docs/en/overrides/main.html"", ""docs/en/overrides/partials/conf-rail.html""]",0
31803034881,Test Redistribute,success,8218130a4c8155877d83e29daf0eed821c8aed81,2026-08-14 13:03:59+00:00,pull_request,94775271241,test-redistribute,success,52.0,3,37,2,1685,"[""docs/en/docs/css/custom.css"", ""docs/en/overrides/main.html"", ""docs/en/overrides/partials/conf-rail.html""]",0
31803034881,Test Redistribute,success,8218130a4c8155877d83e29daf0eed821c8aed81,2026-08-14 13:03:59+00:00,pull_request,94775488360,test-redistribute-alls-green,success,5.0,3,37,2,1685,"[""docs/en/docs/css/custom.css"", ""docs/en/overrides/main.html"", ""docs/en/overrides/partials/conf-rail.html""]",0
31803034856,pre-commit,success,8218130a4c8155877d83e29daf0eed821c8aed81,2026-08-14 13:03:59+00:00,pull_request,94775270807,pre-commit,success,36.0,3,37,2,1685,"[""docs/en/docs/css/custom.css"", ""docs/en/overrides/main.html"", ""docs/en/overrides/partials/conf-rail.html""]",0
31803034856,pre-commit,success,8218130a4c8155877d83e29daf0eed821c8aed81,2026-08-14 13:03:59+00:00,pull_request,94775428324,pre-commit-alls-green,success,2.0,3,37,2,1685,"[""docs/en/docs/css/custom.css"", ""docs/en/overrides/main.html"", ""docs/en/overrides/partials/conf-rail.html""]",0
31803034832,Build Docs,success,8218130a4c8155877d83e29daf0eed821c8aed81,2026-08-14 13:03:59+00:00,pull_request,94775270652,changes,success,6.0,3,37,2,1685,"[""docs/en/docs/css/custom.css"", ""docs/en/overrides/main.html"", ""docs/en/overrides/partials/conf-rail.html""]",0
31803034832,Build Docs,success,8218130a4c8155877d83e29daf0eed821c8aed81,2026-08-14 13:03:59+00:00,pull_request,94775305752,langs,success,16.0,3,37,2,1685,"[""docs/en/docs/css/custom.css"", ""docs/en/overrides/main.html"", ""docs/en/overrides/partials/conf-rail.html""]",0
31803034832,Build Docs,success,8218130a4c8155877d83e29daf0eed821c8aed81,2026-08-14 13:03:59+00:00,pull_request,94775378456,build-docs (pt),success,37.0,3,37,2,1685,"[""docs/en/docs/css/custom.css"", ""docs/en/overrides/main.html"", ""docs/en/overrides/partials/conf-rail.html""]",0
31803034832,Build Docs,success,8218130a4c8155877d83e29daf0eed821c8aed81,2026-08-14 13:03:59+00:00,pull_request,94775378467,build-docs (en),success,38.0,3,37,2,1685,"[""docs/en/docs/css/custom.css"", ""docs/en/overrides/main.html"", ""docs/en/overrides/partials/conf-rail.html""]",0
31803034832,Build Docs,success,8218130a4c8155877d83e29daf0eed821c8aed81,2026-08-14 13:03:59+00:00,pull_request,94775378483,build-docs (fr),success,39.0,3,37,2,1685,"[""docs/en/docs/css/custom.css"", ""docs/en/overrides/main.html"", ""docs/en/overrides/partials/conf-rail.html""]",0
31803034832,Build Docs,success,8218130a4c8155877d83e29daf0eed821c8aed81,2026-08-14 13:03:59+00:00,pull_request,94775378486,build-docs (es),success,44.0,3,37,2,1685,"[""docs/en/docs/css/custom.css"", ""docs/en/overrides/main.html"", ""docs/en/overrides/partials/conf-rail.html""]",0
31803034832,Build Docs,success,8218130a4c8155877d83e29daf0eed821c8aed81,2026-08-14 13:03:59+00:00,pull_request,94775378493,build-docs (ja),success,46.0,3,37,2,1685,"[""docs/en/docs/css/custom.css"", ""docs/en/overrides/main.html"", ""docs/en/overrides/partials/conf-rail.html""]",0
31803034832,Build Docs,success,8218130a4c8155877d83e29daf0eed821c8aed81,2026-08-14 13:03:59+00:00,pull_request,94775378507,build-docs (zh),success,42.0,3,37,2,1685,"[""docs/en/docs/css/custom.css"", ""docs/en/overrides/main.html"", ""docs/en/overrides/partials/conf-rail.html""]",0
31803034832,Build Docs,success,8218130a4c8155877d83e29daf0eed821c8aed81,2026-08-14 13:03:59+00:00,pull_request,94775378535,build-docs (zh-hant),success,36.0,3,37,2,1685,"[""docs/en/docs/css/custom.css"", ""docs/en/overrides/main.html"", ""docs/en/overrides/partials/conf-rail.html""]",0
31803034832,Build Docs,success,8218130a4c8155877d83e29daf0eed821c8aed81,2026-08-14 13:03:59+00:00,pull_request,94775378540,build-docs (ko),success,35.0,3,37,2,1685,"[""docs/en/docs/css/custom.css"", ""docs/en/overrides/main.html"", ""docs/en/overrides/partials/conf-rail.html""]",0
31803034832,Build Docs,success,8218130a4c8155877d83e29daf0eed821c8aed81,2026-08-14 13:03:59+00:00,pull_request,94775378549,build-docs (tr),success,36.0,3,37,2,1685,"[""docs/en/docs/css/custom.css"", ""docs/en/overrides/main.html"", ""docs/en/overrides/partials/conf-rail.html""]",0
31803034832,Build Docs,success,8218130a4c8155877d83e29daf0eed821c8aed81,2026-08-14 13:03:59+00:00,pull_request,94775378556,build-docs (ru),success,45.0,3,37,2,1685,"[""docs/en/docs/css/custom.css"", ""docs/en/overrides/main.html"", ""docs/en/overrides/partials/conf-rail.html""]",0
31803034832,Build Docs,success,8218130a4c8155877d83e29daf0eed821c8aed81,2026-08-14 13:03:59+00:00,pull_request,94775378606,build-docs (uk),success,46.0,3,37,2,1685,"[""docs/en/docs/css/custom.css"", ""docs/en/overrides/main.html"", ""docs/en/overrides/partials/conf-rail.html""]",0
31803034832,Build Docs,success,8218130a4c8155877d83e29daf0eed821c8aed81,2026-08-14 13:03:59+00:00,pull_request,94775378611,build-docs (hi),success,46.0,3,37,2,1685,"[""docs/en/docs/css/custom.css"", ""docs/en/overrides/main.html"", ""docs/en/overrides/partials/conf-rail.html""]",0
31803034832,Build Docs,success,8218130a4c8155877d83e29daf0eed821c8aed81,2026-08-14 13:03:59+00:00,pull_request,94775378675,build-docs (de),success,37.0,3,37,2,1685,"[""docs/en/docs/css/custom.css"", ""docs/en/overrides/main.html"", ""docs/en/overrides/partials/conf-rail.html""]",0
31803034832,Build Docs,success,8218130a4c8155877d83e29daf0eed821c8aed81,2026-08-14 13:03:59+00:00,pull_request,94775574577,docs-all-green,success,5.0,3,37,2,1685,"[""docs/en/docs/css/custom.css"", ""docs/en/overrides/main.html"", ""docs/en/overrides/partials/conf-rail.html""]",0
31803033456,Add to Project,success,8218130a4c8155877d83e29daf0eed821c8aed81,2026-08-14 13:03:58+00:00,pull_request_target,94775265975,Add to project,success,4.0,3,37,2,1685,"[""docs/en/docs/css/custom.css"", ""docs/en/overrides/main.html"", ""docs/en/overrides/partials/conf-rail.html""]",0
31803031517,PR #16196,success,8218130a4c8155877d83e29daf0eed821c8aed81,2026-08-14 13:03:57+00:00,dynamic,94775263897,Analyze (actions),success,43.0,3,37,2,1685,"[""docs/en/docs/css/custom.css"", ""docs/en/overrides/main.html"", ""docs/en/overrides/partials/conf-rail.html""]",0
31803031517,PR #16196,success,8218130a4c8155877d83e29daf0eed821c8aed81,2026-08-14 13:03:57+00:00,dynamic,94775263971,Analyze (python),success,54.0,3,37,2,1685,"[""docs/en/docs/css/custom.css"", ""docs/en/overrides/main.html"", ""docs/en/overrides/partials/conf-rail.html""]",0
31803031517,PR #16196,success,8218130a4c8155877d83e29daf0eed821c8aed81,2026-08-14 13:03:57+00:00,dynamic,94775264012,Analyze (javascript-typescript),success,59.0,3,37,2,1685,"[""docs/en/docs/css/custom.css"", ""docs/en/overrides/main.html"", ""docs/en/overrides/partials/conf-rail.html""]",0
31802992826,Conflict detector,success,8218130a4c8155877d83e29daf0eed821c8aed81,2026-08-14 13:03:27+00:00,push,94775136784,main,success,4.0,3,37,2,1685,"[""docs/en/docs/css/custom.css"", ""docs/en/overrides/main.html"", ""docs/en/overrides/partials/conf-rail.html""]",0
31801163388,Smokeshow,success,13a5f34dce029671645f72695383265c5b3a8d48,2026-08-14 12:38:02+00:00,workflow_run,94769226535,smokeshow,success,68.0,1,1,0,331,"[""docs/en/docs/release-notes.md""]",0
31800948901,Deploy Docs,success,13a5f34dce029671645f72695383265c5b3a8d48,2026-08-14 12:35:00+00:00,workflow_run,94768533907,deploy-docs,success,47.0,1,1,0,331,"[""docs/en/docs/release-notes.md""]",0
31800751641,Smokeshow,success,13a5f34dce029671645f72695383265c5b3a8d48,2026-08-14 12:32:14+00:00,workflow_run,94767895507,smokeshow,success,51.0,1,1,0,331,"[""docs/en/docs/release-notes.md""]",0
31800740499,Push on master,success,13a5f34dce029671645f72695383265c5b3a8d48,2026-08-14 12:32:05+00:00,dynamic,94767863648,Analyze (javascript-typescript),success,64.0,1,1,0,331,"[""docs/en/docs/release-notes.md""]",0
31800740499,Push on master,success,13a5f34dce029671645f72695383265c5b3a8d48,2026-08-14 12:32:05+00:00,dynamic,94767863700,Analyze (actions),success,42.0,1,1,0,331,"[""docs/en/docs/release-notes.md""]",0
31800740499,Push on master,success,13a5f34dce029671645f72695383265c5b3a8d48,2026-08-14 12:32:05+00:00,dynamic,94767863809,Analyze (python),success,100.0,1,1,0,331,"[""docs/en/docs/release-notes.md""]",0
31800734219,Zizmor,success,541e6aa14b7d1d9c524a79625590a3ef8b58a841,2026-08-14 12:32:00+00:00,push,94767839180,Run zizmor,success,26.0,1,0,0,0,"[""docs/en/docs/img/fastapi-conf.jpeg""]",0
31800733960,Push on master,success,541e6aa14b7d1d9c524a79625590a3ef8b58a841,2026-08-14 12:32:00+00:00,dynamic,94767841884,Analyze (actions),success,45.0,1,0,0,0,"[""docs/en/docs/img/fastapi-conf.jpeg""]",0
31800733960,Push on master,success,541e6aa14b7d1d9c524a79625590a3ef8b58a841,2026-08-14 12:32:00+00:00,dynamic,94767841929,Analyze (python),success,78.0,1,0,0,0,"[""docs/en/docs/img/fastapi-conf.jpeg""]",0
31800733960,Push on master,success,541e6aa14b7d1d9c524a79625590a3ef8b58a841,2026-08-14 12:32:00+00:00,dynamic,94767841948,Analyze (javascript-typescript),success,82.0,1,0,0,0,"[""docs/en/docs/img/fastapi-conf.jpeg""]",0
31800734204,Test,success,541e6aa14b7d1d9c524a79625590a3ef8b58a841,2026-08-14 12:32:00+00:00,push,94767839370,regression-test,success,2.0,1,0,0,0,"[""docs/en/docs/img/fastapi-conf.jpeg""]",0
31800734204,Test,success,541e6aa14b7d1d9c524a79625590a3ef8b58a841,2026-08-14 12:32:00+00:00,push,94767839379,changes,success,8.0,1,0,0,0,"[""docs/en/docs/img/fastapi-conf.jpeg""]",0
31800734204,Test,success,541e6aa14b7d1d9c524a79625590a3ef8b58a841,2026-08-14 12:32:00+00:00,push,94767880774,benchmark,success,167.0,1,0,0,0,"[""docs/en/docs/img/fastapi-conf.jpeg""]",0
31800734204,Test,success,541e6aa14b7d1d9c524a79625590a3ef8b58a841,2026-08-14 12:32:00+00:00,push,94767880957,"test (windows-latest, 3.14t, no-deprecation, highest, starlette-pypi)",success,264.0,1,0,0,0,"[""docs/en/docs/img/fastapi-conf.jpeg""]",0
31800734204,Test,success,541e6aa14b7d1d9c524a79625590a3ef8b58a841,2026-08-14 12:32:00+00:00,push,94767880959,"test (windows-latest, 3.14, no-deprecation, highest, starlette-pypi)",success,92.0,1,0,0,0,"[""docs/en/docs/img/fastapi-conf.jpeg""]",0
31800734204,Test,success,541e6aa14b7d1d9c524a79625590a3ef8b58a841,2026-08-14 12:32:00+00:00,push,94767881001,"test (windows-latest, 3.14, no-deprecation, highest, starlette-git)",success,88.0,1,0,0,0,"[""docs/en/docs/img/fastapi-conf.jpeg""]",0
31800734204,Test,success,541e6aa14b7d1d9c524a79625590a3ef8b58a841,2026-08-14 12:32:00+00:00,push,94767881004,"test (macos-latest, 3.10, lowest-direct, no-deprecation, coverage)",success,92.0,1,0,0,0,"[""docs/en/docs/img/fastapi-conf.jpeg""]",0
31800734204,Test,success,541e6aa14b7d1d9c524a79625590a3ef8b58a841,2026-08-14 12:32:00+00:00,push,94767881007,"test (windows-latest, 3.12, lowest-direct, no-deprecation, coverage)",success,126.0,1,0,0,0,"[""docs/en/docs/img/fastapi-conf.jpeg""]",0
31800734204,Test,success,541e6aa14b7d1d9c524a79625590a3ef8b58a841,2026-08-14 12:32:00+00:00,push,94767881009,"test (ubuntu-latest, 3.13, highest, no-deprecation, coverage)",success,76.0,1,0,0,0,"[""docs/en/docs/img/fastapi-conf.jpeg""]",0
31800734204,Test,success,541e6aa14b7d1d9c524a79625590a3ef8b58a841,2026-08-14 12:32:00+00:00,push,94767881017,"test (macos-latest, 3.14, no-deprecation, highest, starlette-git)",success,51.0,1,0,0,0,"[""docs/en/docs/img/fastapi-conf.jpeg""]",0
31800734204,Test,success,541e6aa14b7d1d9c524a79625590a3ef8b58a841,2026-08-14 12:32:00+00:00,push,94767881021,"test (windows-latest, 3.14t, no-deprecation, highest, starlette-git)",success,182.0,1,0,0,0,"[""docs/en/docs/img/fastapi-conf.jpeg""]",0
31800734204,Test,success,541e6aa14b7d1d9c524a79625590a3ef8b58a841,2026-08-14 12:32:00+00:00,push,94767881024,"test (ubuntu-latest, 3.13, highest, no-deprecation, codspeed)",success,77.0,1,0,0,0,"[""docs/en/docs/img/fastapi-conf.jpeg""]",0
31800734204,Test,success,541e6aa14b7d1d9c524a79625590a3ef8b58a841,2026-08-14 12:32:00+00:00,push,94767881030,"test (ubuntu-latest, 3.14, highest, starlette-git, test-deprecation, coverage)",success,65.0,1,0,0,0,"[""docs/en/docs/img/fastapi-conf.jpeg""]",0
31800734204,Test,success,541e6aa14b7d1d9c524a79625590a3ef8b58a841,2026-08-14 12:32:00+00:00,push,94767881066,"test (ubuntu-latest, 3.13, highest, no-deprecation, true)",success,74.0,1,0,0,0,"[""docs/en/docs/img/fastapi-conf.jpeg""]",0
31800734204,Test,success,541e6aa14b7d1d9c524a79625590a3ef8b58a841,2026-08-14 12:32:00+00:00,push,94767881071,"test (macos-latest, 3.14, no-deprecation, highest, starlette-pypi)",success,57.0,1,0,0,0,"[""docs/en/docs/img/fastapi-conf.jpeg""]",0
31800734204,Test,success,541e6aa14b7d1d9c524a79625590a3ef8b58a841,2026-08-14 12:32:00+00:00,push,94767881081,"test (macos-latest, 3.14t, no-deprecation, highest, starlette-pypi)",success,119.0,1,0,0,0,"[""docs/en/docs/img/fastapi-conf.jpeg""]",0
31800734204,Test,success,541e6aa14b7d1d9c524a79625590a3ef8b58a841,2026-08-14 12:32:00+00:00,push,94767881101,"test (macos-latest, 3.14t, no-deprecation, highest, starlette-git)",success,134.0,1,0,0,0,"[""docs/en/docs/img/fastapi-conf.jpeg""]",0
31800734204,Test,success,541e6aa14b7d1d9c524a79625590a3ef8b58a841,2026-08-14 12:32:00+00:00,push,94767881167,"test (ubuntu-latest, 3.14t, highest, no-deprecation, coverage)",success,77.0,1,0,0,0,"[""docs/en/docs/img/fastapi-conf.jpeg""]",0
31800734204,Test,success,541e6aa14b7d1d9c524a79625590a3ef8b58a841,2026-08-14 12:32:00+00:00,push,94768904396,coverage-combine,success,69.0,1,0,0,0,"[""docs/en/docs/img/fastapi-conf.jpeg""]",0
31800734204,Test,success,541e6aa14b7d1d9c524a79625590a3ef8b58a841,2026-08-14 12:32:00+00:00,push,94769184896,test-alls-green,success,4.0,1,0,0,0,"[""docs/en/docs/img/fastapi-conf.jpeg""]",0
31800734136,Build Docs,success,541e6aa14b7d1d9c524a79625590a3ef8b58a841,2026-08-14 12:32:00+00:00,push,94767839050,changes,success,8.0,1,0,0,0,"[""docs/en/docs/img/fastapi-conf.jpeg""]",0
31800734136,Build Docs,success,541e6aa14b7d1d9c524a79625590a3ef8b58a841,2026-08-14 12:32:00+00:00,push,94767886375,langs,success,17.0,1,0,0,0,"[""docs/en/docs/img/fastapi-conf.jpeg""]",0
31800734136,Build Docs,success,541e6aa14b7d1d9c524a79625590a3ef8b58a841,2026-08-14 12:32:00+00:00,push,94768032084,build-docs (de),success,48.0,1,0,0,0,"[""docs/en/docs/img/fastapi-conf.jpeg""]",0
31800734136,Build Docs,success,541e6aa14b7d1d9c524a79625590a3ef8b58a841,2026-08-14 12:32:00+00:00,push,94768032087,build-docs (ja),success,37.0,1,0,0,0,"[""docs/en/docs/img/fastapi-conf.jpeg""]",0
31800734136,Build Docs,success,541e6aa14b7d1d9c524a79625590a3ef8b58a841,2026-08-14 12:32:00+00:00,push,94768032103,build-docs (es),success,42.0,1,0,0,0,"[""docs/en/docs/img/fastapi-conf.jpeg""]",0
31800734136,Build Docs,success,541e6aa14b7d1d9c524a79625590a3ef8b58a841,2026-08-14 12:32:00+00:00,push,94768032133,build-docs (zh),success,35.0,1,0,0,0,"[""docs/en/docs/img/fastapi-conf.jpeg""]",0
31800734136,Build Docs,success,541e6aa14b7d1d9c524a79625590a3ef8b58a841,2026-08-14 12:32:00+00:00,push,94768032134,build-docs (hi),success,36.0,1,0,0,0,"[""docs/en/docs/img/fastapi-conf.jpeg""]",0
31800734136,Build Docs,success,541e6aa14b7d1d9c524a79625590a3ef8b58a841,2026-08-14 12:32:00+00:00,push,94768032153,build-docs (ru),success,47.0,1,0,0,0,"[""docs/en/docs/img/fastapi-conf.jpeg""]",0
31800734136,Build Docs,success,541e6aa14b7d1d9c524a79625590a3ef8b58a841,2026-08-14 12:32:00+00:00,push,94768032161,build-docs (zh-hant),success,41.0,1,0,0,0,"[""docs/en/docs/img/fastapi-conf.jpeg""]",0
31800734136,Build Docs,success,541e6aa14b7d1d9c524a79625590a3ef8b58a841,2026-08-14 12:32:00+00:00,push,94768032172,build-docs (en),success,40.0,1,0,0,0,"[""docs/en/docs/img/fastapi-conf.jpeg""]",0
31800734136,Build Docs,success,541e6aa14b7d1d9c524a79625590a3ef8b58a841,2026-08-14 12:32:00+00:00,push,94768032181,build-docs (fr),success,34.0,1,0,0,0,"[""docs/en/docs/img/fastapi-conf.jpeg""]",0
31800734136,Build Docs,success,541e6aa14b7d1d9c524a79625590a3ef8b58a841,2026-08-14 12:32:00+00:00,push,94768032187,build-docs (pt),success,41.0,1,0,0,0,"[""docs/en/docs/img/fastapi-conf.jpeg""]",0
31800734136,Build Docs,success,541e6aa14b7d1d9c524a79625590a3ef8b58a841,2026-08-14 12:32:00+00:00,push,94768032206,build-docs (uk),success,36.0,1,0,0,0,"[""docs/en/docs/img/fastapi-conf.jpeg""]",0
31800734136,Build Docs,success,541e6aa14b7d1d9c524a79625590a3ef8b58a841,2026-08-14 12:32:00+00:00,push,94768032239,build-docs (ko),success,43.0,1,0,0,0,"[""docs/en/docs/img/fastapi-conf.jpeg""]",0
31800734136,Build Docs,success,541e6aa14b7d1d9c524a79625590a3ef8b58a841,2026-08-14 12:32:00+00:00,push,94768032267,build-docs (tr),success,37.0,1,0,0,0,"[""docs/en/docs/img/fastapi-conf.jpeg""]",0
31800734136,Build Docs,success,541e6aa14b7d1d9c524a79625590a3ef8b58a841,2026-08-14 12:32:00+00:00,push,94768494849,docs-all-green,success,4.0,1,0,0,0,"[""docs/en/docs/img/fastapi-conf.jpeg""]",0
31800734211,Test Redistribute,success,541e6aa14b7d1d9c524a79625590a3ef8b58a841,2026-08-14 12:32:00+00:00,push,94767838977,test-redistribute,success,57.0,1,0,0,0,"[""docs/en/docs/img/fastapi-conf.jpeg""]",0
31800734211,Test Redistribute,success,541e6aa14b7d1d9c524a79625590a3ef8b58a841,2026-08-14 12:32:00+00:00,push,94768072657,test-redistribute-alls-green,success,2.0,1,0,0,0,"[""docs/en/docs/img/fastapi-conf.jpeg""]",0
31800734126,Conflict detector,success,541e6aa14b7d1d9c524a79625590a3ef8b58a841,2026-08-14 12:32:00+00:00,push,94767838576,main,success,126.0,1,0,0,0,"[""docs/en/docs/img/fastapi-conf.jpeg""]",0
31800729717,Notify Translations,success,bba23dfc11ba8b1cdc9725ea2948efe2655473bd,2026-08-14 12:31:56+00:00,pull_request_target,94767823564,job,success,25.0,1,0,0,0,"[""docs/en/docs/img/fastapi-conf.jpeg""]",0
31800689546,Deploy Docs,success,fb1f34897663937236ef0599715a38d8650753d2,2026-08-14 12:31:21+00:00,workflow_run,94767688074,deploy-docs,success,56.0,1,4,0,372,"[""docs/en/docs/release-notes.md""]",0
31800596809,Smokeshow,failure,fb1f34897663937236ef0599715a38d8650753d2,2026-08-14 12:30:09+00:00,workflow_run,94767399879,smokeshow,failure,12.0,1,4,0,372,"[""docs/en/docs/release-notes.md""]",1
31800571565,Notify Translations,success,bba23dfc11ba8b1cdc9725ea2948efe2655473bd,2026-08-14 12:29:48+00:00,pull_request_target,94767322466,job,success,27.0,1,0,0,0,"[""docs/en/docs/img/fastapi-conf.jpeg""]",0
31800571587,Issue Manager,success,bba23dfc11ba8b1cdc9725ea2948efe2655473bd,2026-08-14 12:29:48+00:00,pull_request_target,94767322492,issue-manager,success,19.0,1,0,0,0,"[""docs/en/docs/img/fastapi-conf.jpeg""]",0
31800569571,Test,success,bba23dfc11ba8b1cdc9725ea2948efe2655473bd,2026-08-14 12:29:47+00:00,pull_request,94767316184,regression-test,success,9.0,1,0,0,0,"[""docs/en/docs/img/fastapi-conf.jpeg""]",0
31800569571,Test,success,bba23dfc11ba8b1cdc9725ea2948efe2655473bd,2026-08-14 12:29:47+00:00,pull_request,94767316237,changes,success,8.0,1,0,0,0,"[""docs/en/docs/img/fastapi-conf.jpeg""]",0
31800569571,Test,success,bba23dfc11ba8b1cdc9725ea2948efe2655473bd,2026-08-14 12:29:47+00:00,pull_request,94767360654,test-alls-green,success,4.0,1,0,0,0,"[""docs/en/docs/img/fastapi-conf.jpeg""]",0
31800569579,Zizmor,success,bba23dfc11ba8b1cdc9725ea2948efe2655473bd,2026-08-14 12:29:47+00:00,pull_request,94767316420,Run zizmor,success,25.0,1,0,0,0,"[""docs/en/docs/img/fastapi-conf.jpeg""]",0
31800569598,pre-commit,success,bba23dfc11ba8b1cdc9725ea2948efe2655473bd,2026-08-14 12:29:47+00:00,pull_request,94767316416,pre-commit,success,30.0,1,0,0,0,"[""docs/en/docs/img/fastapi-conf.jpeg""]",0
31800569598,pre-commit,success,bba23dfc11ba8b1cdc9725ea2948efe2655473bd,2026-08-14 12:29:47+00:00,pull_request,94767448623,pre-commit-alls-green,success,4.0,1,0,0,0,"[""docs/en/docs/img/fastapi-conf.jpeg""]",0
31800569572,Test Redistribute,success,bba23dfc11ba8b1cdc9725ea2948efe2655473bd,2026-08-14 12:29:47+00:00,pull_request,94767316228,test-redistribute,success,54.0,1,0,0,0,"[""docs/en/docs/img/fastapi-conf.jpeg""]",0
31800569572,Test Redistribute,success,bba23dfc11ba8b1cdc9725ea2948efe2655473bd,2026-08-14 12:29:47+00:00,pull_request,94767546025,test-redistribute-alls-green,success,4.0,1,0,0,0,"[""docs/en/docs/img/fastapi-conf.jpeg""]",0
31800569580,Build Docs,success,bba23dfc11ba8b1cdc9725ea2948efe2655473bd,2026-08-14 12:29:47+00:00,pull_request,94767316282,changes,success,8.0,1,0,0,0,"[""docs/en/docs/img/fastapi-conf.jpeg""]",0
31800569580,Build Docs,success,bba23dfc11ba8b1cdc9725ea2948efe2655473bd,2026-08-14 12:29:47+00:00,pull_request,94767356752,langs,success,14.0,1,0,0,0,"[""docs/en/docs/img/fastapi-conf.jpeg""]",0
31800569580,Build Docs,success,bba23dfc11ba8b1cdc9725ea2948efe2655473bd,2026-08-14 12:29:47+00:00,pull_request,94767424261,build-docs (ko),success,41.0,1,0,0,0,"[""docs/en/docs/img/fastapi-conf.jpeg""]",0
31800569580,Build Docs,success,bba23dfc11ba8b1cdc9725ea2948efe2655473bd,2026-08-14 12:29:47+00:00,pull_request,94767424263,build-docs (fr),success,34.0,1,0,0,0,"[""docs/en/docs/img/fastapi-conf.jpeg""]",0
31800569580,Build Docs,success,bba23dfc11ba8b1cdc9725ea2948efe2655473bd,2026-08-14 12:29:47+00:00,pull_request,94767424267,build-docs (en),success,37.0,1,0,0,0,"[""docs/en/docs/img/fastapi-conf.jpeg""]",0
31800569580,Build Docs,success,bba23dfc11ba8b1cdc9725ea2948efe2655473bd,2026-08-14 12:29:47+00:00,pull_request,94767424279,build-docs (ja),success,39.0,1,0,0,0,"[""docs/en/docs/img/fastapi-conf.jpeg""]",0
31800569580,Build Docs,success,bba23dfc11ba8b1cdc9725ea2948efe2655473bd,2026-08-14 12:29:47+00:00,pull_request,94767424293,build-docs (zh),success,53.0,1,0,0,0,"[""docs/en/docs/img/fastapi-conf.jpeg""]",0
31800569580,Build Docs,success,bba23dfc11ba8b1cdc9725ea2948efe2655473bd,2026-08-14 12:29:47+00:00,pull_request,94767424305,build-docs (uk),success,43.0,1,0,0,0,"[""docs/en/docs/img/fastapi-conf.jpeg""]",0
31800569580,Build Docs,success,bba23dfc11ba8b1cdc9725ea2948efe2655473bd,2026-08-14 12:29:47+00:00,pull_request,94767424321,build-docs (zh-hant),success,45.0,1,0,0,0,"[""docs/en/docs/img/fastapi-conf.jpeg""]",0
31800569580,Build Docs,success,bba23dfc11ba8b1cdc9725ea2948efe2655473bd,2026-08-14 12:29:47+00:00,pull_request,94767424332,build-docs (hi),success,37.0,1,0,0,0,"[""docs/en/docs/img/fastapi-conf.jpeg""]",0
31800569580,Build Docs,success,bba23dfc11ba8b1cdc9725ea2948efe2655473bd,2026-08-14 12:29:47+00:00,pull_request,94767424371,build-docs (ru),success,43.0,1,0,0,0,"[""docs/en/docs/img/fastapi-conf.jpeg""]",0
31800569580,Build Docs,success,bba23dfc11ba8b1cdc9725ea2948efe2655473bd,2026-08-14 12:29:47+00:00,pull_request,94767424429,build-docs (es),success,42.0,1,0,0,0,"[""docs/en/docs/img/fastapi-conf.jpeg""]",0
31800569580,Build Docs,success,bba23dfc11ba8b1cdc9725ea2948efe2655473bd,2026-08-14 12:29:47+00:00,pull_request,94767424453,build-docs (pt),success,36.0,1,0,0,0,"[""docs/en/docs/img/fastapi-conf.jpeg""]",0
31800569580,Build Docs,success,bba23dfc11ba8b1cdc9725ea2948efe2655473bd,2026-08-14 12:29:47+00:00,pull_request,94767424486,build-docs (tr),success,43.0,1,0,0,0,"[""docs/en/docs/img/fastapi-conf.jpeg""]",0
31800569580,Build Docs,success,bba23dfc11ba8b1cdc9725ea2948efe2655473bd,2026-08-14 12:29:47+00:00,pull_request,94767425349,build-docs (de),success,30.0,1,0,0,0,"[""docs/en/docs/img/fastapi-conf.jpeg""]",0
31800569580,Build Docs,success,bba23dfc11ba8b1cdc9725ea2948efe2655473bd,2026-08-14 12:29:47+00:00,pull_request,94767649876,docs-all-green,success,3.0,1,0,0,0,"[""docs/en/docs/img/fastapi-conf.jpeg""]",0
31800567790,Add to Project,success,bba23dfc11ba8b1cdc9725ea2948efe2655473bd,2026-08-14 12:29:45+00:00,pull_request_target,94767310412,Add to project,success,6.0,1,0,0,0,"[""docs/en/docs/img/fastapi-conf.jpeg""]",0
31800565783,PR #16195,success,bba23dfc11ba8b1cdc9725ea2948efe2655473bd,2026-08-14 12:29:43+00:00,dynamic,94767307925,Analyze (python),success,55.0,1,0,0,0,"[""docs/en/docs/img/fastapi-conf.jpeg""]",0
31800565783,PR #16195,success,bba23dfc11ba8b1cdc9725ea2948efe2655473bd,2026-08-14 12:29:43+00:00,dynamic,94767307986,Analyze (actions),success,41.0,1,0,0,0,"[""docs/en/docs/img/fastapi-conf.jpeg""]",0
31800565783,PR #16195,success,bba23dfc11ba8b1cdc9725ea2948efe2655473bd,2026-08-14 12:29:43+00:00,dynamic,94767307998,Analyze (javascript-typescript),success,59.0,1,0,0,0,"[""docs/en/docs/img/fastapi-conf.jpeg""]",0
31800553717,Deploy Docs,success,fb1f34897663937236ef0599715a38d8650753d2,2026-08-14 12:29:32+00:00,workflow_run,94767263938,deploy-docs,success,53.0,1,4,0,372,"[""docs/en/docs/release-notes.md""]",0
31800483819,Conflict detector,success,bba23dfc11ba8b1cdc9725ea2948efe2655473bd,2026-08-14 12:28:36+00:00,push,94767047363,main,success,4.0,1,0,0,0,"[""docs/en/docs/img/fastapi-conf.jpeg""]",0
31800350553,Push on master,success,fb1f34897663937236ef0599715a38d8650753d2,2026-08-14 12:26:45+00:00,dynamic,94766622829,Analyze (actions),success,48.0,1,4,0,372,"[""docs/en/docs/release-notes.md""]",0
31800350553,Push on master,success,fb1f34897663937236ef0599715a38d8650753d2,2026-08-14 12:26:45+00:00,dynamic,94766622878,Analyze (python),success,79.0,1,4,0,372,"[""docs/en/docs/release-notes.md""]",0
31800350553,Push on master,success,fb1f34897663937236ef0599715a38d8650753d2,2026-08-14 12:26:45+00:00,dynamic,94766622963,Analyze (javascript-typescript),success,80.0,1,4,0,372,"[""docs/en/docs/release-notes.md""]",0
31800348107,Notify Translations,success,781bea720832a8d826e0b690d32aed8f02e62b9f,2026-08-14 12:26:43+00:00,pull_request_target,94766612267,job,success,18.0,1,4,20,2180,"[""docs/en/overrides/partials/conf-rail.html""]",0
31800347602,Test Redistribute,success,ad24bc870f9c39b0041808b6731f5f79154ddd32,2026-08-14 12:26:42+00:00,push,94766610444,test-redistribute,success,67.0,5,123,12,5607,"[""README.md"", ""docs/en/docs/css/custom.css"", ""docs/en/docs/index.md"", ""docs/en/overrides/main.html"", ""docs/en/overrides/partials/conf-rail.html""]",0
31800347602,Test Redistribute,success,ad24bc870f9c39b0041808b6731f5f79154ddd32,2026-08-14 12:26:42+00:00,push,94766877770,test-redistribute-alls-green,success,4.0,5,123,12,5607,"[""README.md"", ""docs/en/docs/css/custom.css"", ""docs/en/docs/index.md"", ""docs/en/overrides/main.html"", ""docs/en/overrides/partials/conf-rail.html""]",0
31800347653,Conflict detector,success,ad24bc870f9c39b0041808b6731f5f79154ddd32,2026-08-14 12:26:42+00:00,push,94766610624,main,success,127.0,5,123,12,5607,"[""README.md"", ""docs/en/docs/css/custom.css"", ""docs/en/docs/index.md"", ""docs/en/overrides/main.html"", ""docs/en/overrides/partials/conf-rail.html""]",0
31800347564,Build Docs,success,ad24bc870f9c39b0041808b6731f5f79154ddd32,2026-08-14 12:26:42+00:00,push,94766610285,changes,success,7.0,5,123,12,5607,"[""README.md"", ""docs/en/docs/css/custom.css"", ""docs/en/docs/index.md"", ""docs/en/overrides/main.html"", ""docs/en/overrides/partials/conf-rail.html""]",0
31800347564,Build Docs,success,ad24bc870f9c39b0041808b6731f5f79154ddd32,2026-08-14 12:26:42+00:00,push,94766644274,langs,success,14.0,5,123,12,5607,"[""README.md"", ""docs/en/docs/css/custom.css"", ""docs/en/docs/index.md"", ""docs/en/overrides/main.html"", ""docs/en/overrides/partials/conf-rail.html""]",0
31800347564,Build Docs,success,ad24bc870f9c39b0041808b6731f5f79154ddd32,2026-08-14 12:26:42+00:00,push,94766707742,build-docs (fr),success,44.0,5,123,12,5607,"[""README.md"", ""docs/en/docs/css/custom.css"", ""docs/en/docs/index.md"", ""docs/en/overrides/main.html"", ""docs/en/overrides/partials/conf-rail.html""]",0
31800347564,Build Docs,success,ad24bc870f9c39b0041808b6731f5f79154ddd32,2026-08-14 12:26:42+00:00,push,94766707763,build-docs (pt),success,39.0,5,123,12,5607,"[""README.md"", ""docs/en/docs/css/custom.css"", ""docs/en/docs/index.md"", ""docs/en/overrides/main.html"", ""docs/en/overrides/partials/conf-rail.html""]",0
31800347564,Build Docs,success,ad24bc870f9c39b0041808b6731f5f79154ddd32,2026-08-14 12:26:42+00:00,push,94766707772,build-docs (en),success,40.0,5,123,12,5607,"[""README.md"", ""docs/en/docs/css/custom.css"", ""docs/en/docs/index.md"", ""docs/en/overrides/main.html"", ""docs/en/overrides/partials/conf-rail.html""]",0
31800347564,Build Docs,success,ad24bc870f9c39b0041808b6731f5f79154ddd32,2026-08-14 12:26:42+00:00,push,94766707797,build-docs (ru),success,36.0,5,123,12,5607,"[""README.md"", ""docs/en/docs/css/custom.css"", ""docs/en/docs/index.md"", ""docs/en/overrides/main.html"", ""docs/en/overrides/partials/conf-rail.html""]",0
31800347564,Build Docs,success,ad24bc870f9c39b0041808b6731f5f79154ddd32,2026-08-14 12:26:42+00:00,push,94766707807,build-docs (es),success,42.0,5,123,12,5607,"[""README.md"", ""docs/en/docs/css/custom.css"", ""docs/en/docs/index.md"", ""docs/en/overrides/main.html"", ""docs/en/overrides/partials/conf-rail.html""]",0
31800347564,Build Docs,success,ad24bc870f9c39b0041808b6731f5f79154ddd32,2026-08-14 12:26:42+00:00,push,94766707808,build-docs (zh),success,35.0,5,123,12,5607,"[""README.md"", ""docs/en/docs/css/custom.css"", ""docs/en/docs/index.md"", ""docs/en/overrides/main.html"", ""docs/en/overrides/partials/conf-rail.html""]",0
31800347564,Build Docs,success,ad24bc870f9c39b0041808b6731f5f79154ddd32,2026-08-14 12:26:42+00:00,push,94766707814,build-docs (de),success,38.0,5,123,12,5607,"[""README.md"", ""docs/en/docs/css/custom.css"", ""docs/en/docs/index.md"", ""docs/en/overrides/main.html"", ""docs/en/overrides/partials/conf-rail.html""]",0
31800347564,Build Docs,success,ad24bc870f9c39b0041808b6731f5f79154ddd32,2026-08-14 12:26:42+00:00,push,94766707817,build-docs (ko),success,36.0,5,123,12,5607,"[""README.md"", ""docs/en/docs/css/custom.css"", ""docs/en/docs/index.md"", ""docs/en/overrides/main.html"", ""docs/en/overrides/partials/conf-rail.html""]",0
31800347564,Build Docs,success,ad24bc870f9c39b0041808b6731f5f79154ddd32,2026-08-14 12:26:42+00:00,push,94766707829,build-docs (ja),success,42.0,5,123,12,5607,"[""README.md"", ""docs/en/docs/css/custom.css"", ""docs/en/docs/index.md"", ""docs/en/overrides/main.html"", ""docs/en/overrides/partials/conf-rail.html""]",0
31800347564,Build Docs,success,ad24bc870f9c39b0041808b6731f5f79154ddd32,2026-08-14 12:26:42+00:00,push,94766707845,build-docs (zh-hant),success,39.0,5,123,12,5607,"[""README.md"", ""docs/en/docs/css/custom.css"", ""docs/en/docs/index.md"", ""docs/en/overrides/main.html"", ""docs/en/overrides/partials/conf-rail.html""]",0
31800347564,Build Docs,success,ad24bc870f9c39b0041808b6731f5f79154ddd32,2026-08-14 12:26:42+00:00,push,94766707847,build-docs (hi),success,41.0,5,123,12,5607,"[""README.md"", ""docs/en/docs/css/custom.css"", ""docs/en/docs/index.md"", ""docs/en/overrides/main.html"", ""docs/en/overrides/partials/conf-rail.html""]",0
31800347564,Build Docs,success,ad24bc870f9c39b0041808b6731f5f79154ddd32,2026-08-14 12:26:42+00:00,push,94766707896,build-docs (tr),success,31.0,5,123,12,5607,"[""README.md"", ""docs/en/docs/css/custom.css"", ""docs/en/docs/index.md"", ""docs/en/overrides/main.html"", ""docs/en/overrides/partials/conf-rail.html""]",0
31800347564,Build Docs,success,ad24bc870f9c39b0041808b6731f5f79154ddd32,2026-08-14 12:26:42+00:00,push,94766707945,build-docs (uk),success,37.0,5,123,12,5607,"[""README.md"", ""docs/en/docs/css/custom.css"", ""docs/en/docs/index.md"", ""docs/en/overrides/main.html"", ""docs/en/overrides/partials/conf-rail.html""]",0
31800347564,Build Docs,success,ad24bc870f9c39b0041808b6731f5f79154ddd32,2026-08-14 12:26:42+00:00,push,94767231215,docs-all-green,success,2.0,5,123,12,5607,"[""README.md"", ""docs/en/docs/css/custom.css"", ""docs/en/docs/index.md"", ""docs/en/overrides/main.html"", ""docs/en/overrides/partials/conf-rail.html""]",0
31800347307,Push on master,success,ad24bc870f9c39b0041808b6731f5f79154ddd32,2026-08-14 12:26:42+00:00,dynamic,94766613240,Analyze (python),success,96.0,5,123,12,5607,"[""README.md"", ""docs/en/docs/css/custom.css"", ""docs/en/docs/index.md"", ""docs/en/overrides/main.html"", ""docs/en/overrides/partials/conf-rail.html""]",0
31800347307,Push on master,success,ad24bc870f9c39b0041808b6731f5f79154ddd32,2026-08-14 12:26:42+00:00,dynamic,94766613313,Analyze (javascript-typescript),success,76.0,5,123,12,5607,"[""README.md"", ""docs/en/docs/css/custom.css"", ""docs/en/docs/index.md"", ""docs/en/overrides/main.html"", ""docs/en/overrides/partials/conf-rail.html""]",0
31800347307,Push on master,success,ad24bc870f9c39b0041808b6731f5f79154ddd32,2026-08-14 12:26:42+00:00,dynamic,94766613586,Analyze (actions),success,41.0,5,123,12,5607,"[""README.md"", ""docs/en/docs/css/custom.css"", ""docs/en/docs/index.md"", ""docs/en/overrides/main.html"", ""docs/en/overrides/partials/conf-rail.html""]",0
31800347513,Test,success,ad24bc870f9c39b0041808b6731f5f79154ddd32,2026-08-14 12:26:42+00:00,push,94766610032,regression-test,success,5.0,5,123,12,5607,"[""README.md"", ""docs/en/docs/css/custom.css"", ""docs/en/docs/index.md"", ""docs/en/overrides/main.html"", ""docs/en/overrides/partials/conf-rail.html""]",0
31800347513,Test,success,ad24bc870f9c39b0041808b6731f5f79154ddd32,2026-08-14 12:26:42+00:00,push,94766610138,changes,success,6.0,5,123,12,5607,"[""README.md"", ""docs/en/docs/css/custom.css"", ""docs/en/docs/index.md"", ""docs/en/overrides/main.html"", ""docs/en/overrides/partials/conf-rail.html""]",0
31800347513,Test,success,ad24bc870f9c39b0041808b6731f5f79154ddd32,2026-08-14 12:26:42+00:00,push,94766648063,benchmark,success,176.0,5,123,12,5607,"[""README.md"", ""docs/en/docs/css/custom.css"", ""docs/en/docs/index.md"", ""docs/en/overrides/main.html"", ""docs/en/overrides/partials/conf-rail.html""]",0
31800347513,Test,success,ad24bc870f9c39b0041808b6731f5f79154ddd32,2026-08-14 12:26:42+00:00,push,94766648413,"test (windows-latest, 3.14, no-deprecation, highest, starlette-git)",success,97.0,5,123,12,5607,"[""README.md"", ""docs/en/docs/css/custom.css"", ""docs/en/docs/index.md"", ""docs/en/overrides/main.html"", ""docs/en/overrides/partials/conf-rail.html""]",0
31800347513,Test,success,ad24bc870f9c39b0041808b6731f5f79154ddd32,2026-08-14 12:26:42+00:00,push,94766648437,"test (windows-latest, 3.14t, no-deprecation, highest, starlette-git)",success,236.0,5,123,12,5607,"[""README.md"", ""docs/en/docs/css/custom.css"", ""docs/en/docs/index.md"", ""docs/en/overrides/main.html"", ""docs/en/overrides/partials/conf-rail.html""]",0
31800347513,Test,success,ad24bc870f9c39b0041808b6731f5f79154ddd32,2026-08-14 12:26:42+00:00,push,94766648438,"test (windows-latest, 3.14t, no-deprecation, highest, starlette-pypi)",success,212.0,5,123,12,5607,"[""README.md"", ""docs/en/docs/css/custom.css"", ""docs/en/docs/index.md"", ""docs/en/overrides/main.html"", ""docs/en/overrides/partials/conf-rail.html""]",0
31800347513,Test,success,ad24bc870f9c39b0041808b6731f5f79154ddd32,2026-08-14 12:26:42+00:00,push,94766648439,"test (macos-latest, 3.14, no-deprecation, highest, starlette-git)",success,78.0,5,123,12,5607,"[""README.md"", ""docs/en/docs/css/custom.css"", ""docs/en/docs/index.md"", ""docs/en/overrides/main.html"", ""docs/en/overrides/partials/conf-rail.html""]",0
31800347513,Test,success,ad24bc870f9c39b0041808b6731f5f79154ddd32,2026-08-14 12:26:42+00:00,push,94766648449,"test (macos-latest, 3.14t, no-deprecation, highest, starlette-git)",success,101.0,5,123,12,5607,"[""README.md"", ""docs/en/docs/css/custom.css"", ""docs/en/docs/index.md"", ""docs/en/overrides/main.html"", ""docs/en/overrides/partials/conf-rail.html""]",0
31800347513,Test,success,ad24bc870f9c39b0041808b6731f5f79154ddd32,2026-08-14 12:26:42+00:00,push,94766648450,"test (ubuntu-latest, 3.14, highest, starlette-git, test-deprecation, coverage)",success,66.0,5,123,12,5607,"[""README.md"", ""docs/en/docs/css/custom.css"", ""docs/en/docs/index.md"", ""docs/en/overrides/main.html"", ""docs/en/overrides/partials/conf-rail.html""]",0
31800347513,Test,success,ad24bc870f9c39b0041808b6731f5f79154ddd32,2026-08-14 12:26:42+00:00,push,94766648452,"test (ubuntu-latest, 3.13, highest, no-deprecation, true)",success,69.0,5,123,12,5607,"[""README.md"", ""docs/en/docs/css/custom.css"", ""docs/en/docs/index.md"", ""docs/en/overrides/main.html"", ""docs/en/overrides/partials/conf-rail.html""]",0
31800347513,Test,success,ad24bc870f9c39b0041808b6731f5f79154ddd32,2026-08-14 12:26:42+00:00,push,94766648474,"test (windows-latest, 3.12, lowest-direct, no-deprecation, coverage)",success,129.0,5,123,12,5607,"[""README.md"", ""docs/en/docs/css/custom.css"", ""docs/en/docs/index.md"", ""docs/en/overrides/main.html"", ""docs/en/overrides/partials/conf-rail.html""]",0
31800347513,Test,success,ad24bc870f9c39b0041808b6731f5f79154ddd32,2026-08-14 12:26:42+00:00,push,94766648487,"test (macos-latest, 3.14, no-deprecation, highest, starlette-pypi)",success,52.0,5,123,12,5607,"[""README.md"", ""docs/en/docs/css/custom.css"", ""docs/en/docs/index.md"", ""docs/en/overrides/main.html"", ""docs/en/overrides/partials/conf-rail.html""]",0
31800347513,Test,success,ad24bc870f9c39b0041808b6731f5f79154ddd32,2026-08-14 12:26:42+00:00,push,94766648491,"test (windows-latest, 3.14, no-deprecation, highest, starlette-pypi)",success,77.0,5,123,12,5607,"[""README.md"", ""docs/en/docs/css/custom.css"", ""docs/en/docs/index.md"", ""docs/en/overrides/main.html"", ""docs/en/overrides/partials/conf-rail.html""]",0
31800347513,Test,success,ad24bc870f9c39b0041808b6731f5f79154ddd32,2026-08-14 12:26:42+00:00,push,94766648530,"test (ubuntu-latest, 3.13, highest, no-deprecation, coverage)",success,76.0,5,123,12,5607,"[""README.md"", ""docs/en/docs/css/custom.css"", ""docs/en/docs/index.md"", ""docs/en/overrides/main.html"", ""docs/en/overrides/partials/conf-rail.html""]",0
31800347513,Test,success,ad24bc870f9c39b0041808b6731f5f79154ddd32,2026-08-14 12:26:42+00:00,push,94766648533,"test (macos-latest, 3.10, lowest-direct, no-deprecation, coverage)",success,115.0,5,123,12,5607,"[""README.md"", ""docs/en/docs/css/custom.css"", ""docs/en/docs/index.md"", ""docs/en/overrides/main.html"", ""docs/en/overrides/partials/conf-rail.html""]",0
31800347513,Test,success,ad24bc870f9c39b0041808b6731f5f79154ddd32,2026-08-14 12:26:42+00:00,push,94766648536,"test (ubuntu-latest, 3.13, highest, no-deprecation, codspeed)",success,63.0,5,123,12,5607,"[""README.md"", ""docs/en/docs/css/custom.css"", ""docs/en/docs/index.md"", ""docs/en/overrides/main.html"", ""docs/en/overrides/partials/conf-rail.html""]",0
31800347513,Test,success,ad24bc870f9c39b0041808b6731f5f79154ddd32,2026-08-14 12:26:42+00:00,push,94766648600,"test (macos-latest, 3.14t, no-deprecation, highest, starlette-pypi)",success,136.0,5,123,12,5607,"[""README.md"", ""docs/en/docs/css/custom.css"", ""docs/en/docs/index.md"", ""docs/en/overrides/main.html"", ""docs/en/overrides/partials/conf-rail.html""]",0
31800347513,Test,success,ad24bc870f9c39b0041808b6731f5f79154ddd32,2026-08-14 12:26:42+00:00,push,94766648652,"test (ubuntu-latest, 3.14t, highest, no-deprecation, coverage)",success,87.0,5,123,12,5607,"[""README.md"", ""docs/en/docs/css/custom.css"", ""docs/en/docs/index.md"", ""docs/en/overrides/main.html"", ""docs/en/overrides/partials/conf-rail.html""]",0
31800347513,Test,success,ad24bc870f9c39b0041808b6731f5f79154ddd32,2026-08-14 12:26:42+00:00,push,94767576817,coverage-combine,success,66.0,5,123,12,5607,"[""README.md"", ""docs/en/docs/css/custom.css"", ""docs/en/docs/index.md"", ""docs/en/overrides/main.html"", ""docs/en/overrides/partials/conf-rail.html""]",0
31800347513,Test,success,ad24bc870f9c39b0041808b6731f5f79154ddd32,2026-08-14 12:26:42+00:00,push,94767848218,test-alls-green,success,6.0,5,123,12,5607,"[""README.md"", ""docs/en/docs/css/custom.css"", ""docs/en/docs/index.md"", ""docs/en/overrides/main.html"", ""docs/en/overrides/partials/conf-rail.html""]",0
31800347529,Zizmor,success,ad24bc870f9c39b0041808b6731f5f79154ddd32,2026-08-14 12:26:42+00:00,push,94766610116,Run zizmor,success,17.0,5,123,12,5607,"[""README.md"", ""docs/en/docs/css/custom.css"", ""docs/en/docs/index.md"", ""docs/en/overrides/main.html"", ""docs/en/overrides/partials/conf-rail.html""]",0
31800287411,Notify Translations,success,781bea720832a8d826e0b690d32aed8f02e62b9f,2026-08-14 12:25:51+00:00,pull_request_target,94766422030,job,success,22.0,1,4,20,2180,"[""docs/en/overrides/partials/conf-rail.html""]",0
31800287397,Issue Manager,success,781bea720832a8d826e0b690d32aed8f02e62b9f,2026-08-14 12:25:51+00:00,pull_request_target,94766421982,issue-manager,success,16.0,1,4,20,2180,"[""docs/en/overrides/partials/conf-rail.html""]",0
31800204256,Deploy Docs,success,f336ff831c4af3d4f625c2593a27b1e0cae93eb7,2026-08-14 12:24:43+00:00,workflow_run,94766162840,deploy-docs,success,50.0,1,1,0,674,"[""docs/en/docs/release-notes.md""]",0
31800125749,Smokeshow,failure,f336ff831c4af3d4f625c2593a27b1e0cae93eb7,2026-08-14 12:23:40+00:00,workflow_run,94765921295,smokeshow,failure,18.0,1,1,0,674,"[""docs/en/docs/release-notes.md""]",1
31800096038,Zizmor,success,781bea720832a8d826e0b690d32aed8f02e62b9f,2026-08-14 12:23:15+00:00,pull_request,94765823384,Run zizmor,success,28.0,1,4,20,2180,"[""docs/en/overrides/partials/conf-rail.html""]",0
31800095979,Test Redistribute,success,781bea720832a8d826e0b690d32aed8f02e62b9f,2026-08-14 12:23:15+00:00,pull_request,94765823119,test-redistribute,success,53.0,1,4,20,2180,"[""docs/en/overrides/partials/conf-rail.html""]",0
31800095979,Test Redistribute,success,781bea720832a8d826e0b690d32aed8f02e62b9f,2026-08-14 12:23:15+00:00,pull_request,94766036962,test-redistribute-alls-green,success,4.0,1,4,20,2180,"[""docs/en/overrides/partials/conf-rail.html""]",0
31800096023,Test,success,781bea720832a8d826e0b690d32aed8f02e62b9f,2026-08-14 12:23:15+00:00,pull_request,94765823402,changes,success,7.0,1,4,20,2180,"[""docs/en/overrides/partials/conf-rail.html""]",0
31800096023,Test,success,781bea720832a8d826e0b690d32aed8f02e62b9f,2026-08-14 12:23:15+00:00,pull_request,94765823483,regression-test,success,9.0,1,4,20,2180,"[""docs/en/overrides/partials/conf-rail.html""]",0
31800096023,Test,success,781bea720832a8d826e0b690d32aed8f02e62b9f,2026-08-14 12:23:15+00:00,pull_request,94765872334,test-alls-green,success,6.0,1,4,20,2180,"[""docs/en/overrides/partials/conf-rail.html""]",0
31800095938,pre-commit,success,781bea720832a8d826e0b690d32aed8f02e62b9f,2026-08-14 12:23:15+00:00,pull_request,94765823112,pre-commit,success,50.0,1,4,20,2180,"[""docs/en/overrides/partials/conf-rail.html""]",0
31800095938,pre-commit,success,781bea720832a8d826e0b690d32aed8f02e62b9f,2026-08-14 12:23:15+00:00,pull_request,94766025776,pre-commit-alls-green,success,4.0,1,4,20,2180,"[""docs/en/overrides/partials/conf-rail.html""]",0
31800096001,Build Docs,success,781bea720832a8d826e0b690d32aed8f02e62b9f,2026-08-14 12:23:15+00:00,pull_request,94765823421,changes,success,8.0,1,4,20,2180,"[""docs/en/overrides/partials/conf-rail.html""]",0
31800096001,Build Docs,success,781bea720832a8d826e0b690d32aed8f02e62b9f,2026-08-14 12:23:15+00:00,pull_request,94765868403,langs,success,14.0,1,4,20,2180,"[""docs/en/overrides/partials/conf-rail.html""]",0
31800096001,Build Docs,success,781bea720832a8d826e0b690d32aed8f02e62b9f,2026-08-14 12:23:15+00:00,pull_request,94765932999,build-docs (es),success,44.0,1,4,20,2180,"[""docs/en/overrides/partials/conf-rail.html""]",0
31800096001,Build Docs,success,781bea720832a8d826e0b690d32aed8f02e62b9f,2026-08-14 12:23:15+00:00,pull_request,94765933003,build-docs (hi),success,41.0,1,4,20,2180,"[""docs/en/overrides/partials/conf-rail.html""]",0
31800096001,Build Docs,success,781bea720832a8d826e0b690d32aed8f02e62b9f,2026-08-14 12:23:15+00:00,pull_request,94765933011,build-docs (ko),success,38.0,1,4,20,2180,"[""docs/en/overrides/partials/conf-rail.html""]",0
31800096001,Build Docs,success,781bea720832a8d826e0b690d32aed8f02e62b9f,2026-08-14 12:23:15+00:00,pull_request,94765933020,build-docs (ru),success,41.0,1,4,20,2180,"[""docs/en/overrides/partials/conf-rail.html""]",0
31800096001,Build Docs,success,781bea720832a8d826e0b690d32aed8f02e62b9f,2026-08-14 12:23:15+00:00,pull_request,94765933025,build-docs (en),success,32.0,1,4,20,2180,"[""docs/en/overrides/partials/conf-rail.html""]",0
31800096001,Build Docs,success,781bea720832a8d826e0b690d32aed8f02e62b9f,2026-08-14 12:23:15+00:00,pull_request,94765933027,build-docs (fr),success,45.0,1,4,20,2180,"[""docs/en/overrides/partials/conf-rail.html""]",0
31800096001,Build Docs,success,781bea720832a8d826e0b690d32aed8f02e62b9f,2026-08-14 12:23:15+00:00,pull_request,94765933031,build-docs (uk),success,40.0,1,4,20,2180,"[""docs/en/overrides/partials/conf-rail.html""]",0
31800096001,Build Docs,success,781bea720832a8d826e0b690d32aed8f02e62b9f,2026-08-14 12:23:15+00:00,pull_request,94765933035,build-docs (tr),success,44.0,1,4,20,2180,"[""docs/en/overrides/partials/conf-rail.html""]",0
31800096001,Build Docs,success,781bea720832a8d826e0b690d32aed8f02e62b9f,2026-08-14 12:23:15+00:00,pull_request,94765933051,build-docs (pt),success,37.0,1,4,20,2180,"[""docs/en/overrides/partials/conf-rail.html""]",0
31800096001,Build Docs,success,781bea720832a8d826e0b690d32aed8f02e62b9f,2026-08-14 12:23:15+00:00,pull_request,94765933093,build-docs (ja),success,40.0,1,4,20,2180,"[""docs/en/overrides/partials/conf-rail.html""]",0
31800096001,Build Docs,success,781bea720832a8d826e0b690d32aed8f02e62b9f,2026-08-14 12:23:15+00:00,pull_request,94765933104,build-docs (de),success,43.0,1,4,20,2180,"[""docs/en/overrides/partials/conf-rail.html""]",0
31800096001,Build Docs,success,781bea720832a8d826e0b690d32aed8f02e62b9f,2026-08-14 12:23:15+00:00,pull_request,94765933152,build-docs (zh-hant),success,42.0,1,4,20,2180,"[""docs/en/overrides/partials/conf-rail.html""]",0
31800096001,Build Docs,success,781bea720832a8d826e0b690d32aed8f02e62b9f,2026-08-14 12:23:15+00:00,pull_request,94765933159,build-docs (zh),success,37.0,1,4,20,2180,"[""docs/en/overrides/partials/conf-rail.html""]",0
31800096001,Build Docs,success,781bea720832a8d826e0b690d32aed8f02e62b9f,2026-08-14 12:23:15+00:00,pull_request,94766128563,docs-all-green,success,2.0,1,4,20,2180,"[""docs/en/overrides/partials/conf-rail.html""]",0
31800093827,Conflict detector,success,781bea720832a8d826e0b690d32aed8f02e62b9f,2026-08-14 12:23:13+00:00,pull_request_target,94765816373,main,success,3.0,1,4,20,2180,"[""docs/en/overrides/partials/conf-rail.html""]",0
31800093802,Add to Project,success,781bea720832a8d826e0b690d32aed8f02e62b9f,2026-08-14 12:23:13+00:00,pull_request_target,94765816035,Add to project,success,3.0,1,4,20,2180,"[""docs/en/overrides/partials/conf-rail.html""]",0
31800092562,PR #16193,success,781bea720832a8d826e0b690d32aed8f02e62b9f,2026-08-14 12:23:12+00:00,dynamic,94765814992,Analyze (javascript-typescript),success,53.0,1,4,20,2180,"[""docs/en/overrides/partials/conf-rail.html""]",0
31800092562,PR #16193,success,781bea720832a8d826e0b690d32aed8f02e62b9f,2026-08-14 12:23:12+00:00,dynamic,94765815019,Analyze (python),success,75.0,1,4,20,2180,"[""docs/en/overrides/partials/conf-rail.html""]",0
31800092562,PR #16193,success,781bea720832a8d826e0b690d32aed8f02e62b9f,2026-08-14 12:23:12+00:00,dynamic,94765815031,Analyze (actions),success,45.0,1,4,20,2180,"[""docs/en/overrides/partials/conf-rail.html""]",0
31800091552,Conflict detector,success,781bea720832a8d826e0b690d32aed8f02e62b9f,2026-08-14 12:23:11+00:00,push,94765809066,main,success,5.0,1,4,20,2180,"[""docs/en/overrides/partials/conf-rail.html""]",0
31799890108,Label Approved,success,f336ff831c4af3d4f625c2593a27b1e0cae93eb7,2026-08-14 12:20:19+00:00,schedule,94765149364,label-approved,success,116.0,1,1,0,674,"[""docs/en/docs/release-notes.md""]",0
31796078022,Deploy Docs,success,f336ff831c4af3d4f625c2593a27b1e0cae93eb7,2026-08-14 11:24:22+00:00,workflow_run,94753375839,deploy-docs,success,79.0,1,1,0,674,"[""docs/en/docs/release-notes.md""]",0
31796006607,Smokeshow,failure,f336ff831c4af3d4f625c2593a27b1e0cae93eb7,2026-08-14 11:23:19+00:00,workflow_run,94753161070,smokeshow,failure,15.0,1,1,0,674,"[""docs/en/docs/release-notes.md""]",1
31795974994,Zizmor,success,1fe9d0918479a3524f50fdb584249d7cb419a054,2026-08-14 11:22:52+00:00,pull_request,94753067679,Run zizmor,success,17.0,5,139,12,6966,"[""README.md"", ""docs/en/docs/css/custom.css"", ""docs/en/docs/index.md"", ""docs/en/overrides/main.html"", ""docs/en/overrides/partials/conf-rail.html""]",0
31795975602,Test,success,1fe9d0918479a3524f50fdb584249d7cb419a054,2026-08-14 11:22:52+00:00,pull_request,94753069832,regression-test,success,12.0,5,139,12,6966,"[""README.md"", ""docs/en/docs/css/custom.css"", ""docs/en/docs/index.md"", ""docs/en/overrides/main.html"", ""docs/en/overrides/partials/conf-rail.html""]",0
31795975602,Test,success,1fe9d0918479a3524f50fdb584249d7cb419a054,2026-08-14 11:22:52+00:00,pull_request,94753069961,changes,success,5.0,5,139,12,6966,"[""README.md"", ""docs/en/docs/css/custom.css"", ""docs/en/docs/index.md"", ""docs/en/overrides/main.html"", ""docs/en/overrides/partials/conf-rail.html""]",0
31795975602,Test,success,1fe9d0918479a3524f50fdb584249d7cb419a054,2026-08-14 11:22:52+00:00,pull_request,94753122852,test-alls-green,success,5.0,5,139,12,6966,"[""README.md"", ""docs/en/docs/css/custom.css"", ""docs/en/docs/index.md"", ""docs/en/overrides/main.html"", ""docs/en/overrides/partials/conf-rail.html""]",0
31795975040,Test Redistribute,success,1fe9d0918479a3524f50fdb584249d7cb419a054,2026-08-14 11:22:52+00:00,pull_request,94753067925,test-redistribute,success,58.0,5,139,12,6966,"[""README.md"", ""docs/en/docs/css/custom.css"", ""docs/en/docs/index.md"", ""docs/en/overrides/main.html"", ""docs/en/overrides/partials/conf-rail.html""]",0
31795975040,Test Redistribute,success,1fe9d0918479a3524f50fdb584249d7cb419a054,2026-08-14 11:22:52+00:00,pull_request,94753278168,test-redistribute-alls-green,success,3.0,5,139,12,6966,"[""README.md"", ""docs/en/docs/css/custom.css"", ""docs/en/docs/index.md"", ""docs/en/overrides/main.html"", ""docs/en/overrides/partials/conf-rail.html""]",0
31795975027,pre-commit,failure,1fe9d0918479a3524f50fdb584249d7cb419a054,2026-08-14 11:22:52+00:00,pull_request,94753067906,pre-commit,failure,52.0,5,139,12,6966,"[""README.md"", ""docs/en/docs/css/custom.css"", ""docs/en/docs/index.md"", ""docs/en/overrides/main.html"", ""docs/en/overrides/partials/conf-rail.html""]",1
31795975027,pre-commit,failure,1fe9d0918479a3524f50fdb584249d7cb419a054,2026-08-14 11:22:52+00:00,pull_request,94753260202,pre-commit-alls-green,failure,3.0,5,139,12,6966,"[""README.md"", ""docs/en/docs/css/custom.css"", ""docs/en/docs/index.md"", ""docs/en/overrides/main.html"", ""docs/en/overrides/partials/conf-rail.html""]",1
31795975011,Build Docs,success,1fe9d0918479a3524f50fdb584249d7cb419a054,2026-08-14 11:22:52+00:00,pull_request,94753067856,changes,success,5.0,5,139,12,6966,"[""README.md"", ""docs/en/docs/css/custom.css"", ""docs/en/docs/index.md"", ""docs/en/overrides/main.html"", ""docs/en/overrides/partials/conf-rail.html""]",0
31795975011,Build Docs,success,1fe9d0918479a3524f50fdb584249d7cb419a054,2026-08-14 11:22:52+00:00,pull_request,94753095229,langs,success,18.0,5,139,12,6966,"[""README.md"", ""docs/en/docs/css/custom.css"", ""docs/en/docs/index.md"", ""docs/en/overrides/main.html"", ""docs/en/overrides/partials/conf-rail.html""]",0
31795975011,Build Docs,success,1fe9d0918479a3524f50fdb584249d7cb419a054,2026-08-14 11:22:52+00:00,pull_request,94753165577,build-docs (es),success,37.0,5,139,12,6966,"[""README.md"", ""docs/en/docs/css/custom.css"", ""docs/en/docs/index.md"", ""docs/en/overrides/main.html"", ""docs/en/overrides/partials/conf-rail.html""]",0
31795975011,Build Docs,success,1fe9d0918479a3524f50fdb584249d7cb419a054,2026-08-14 11:22:52+00:00,pull_request,94753165590,build-docs (ru),success,35.0,5,139,12,6966,"[""README.md"", ""docs/en/docs/css/custom.css"", ""docs/en/docs/index.md"", ""docs/en/overrides/main.html"", ""docs/en/overrides/partials/conf-rail.html""]",0
31795975011,Build Docs,success,1fe9d0918479a3524f50fdb584249d7cb419a054,2026-08-14 11:22:52+00:00,pull_request,94753165592,build-docs (de),success,36.0,5,139,12,6966,"[""README.md"", ""docs/en/docs/css/custom.css"", ""docs/en/docs/index.md"", ""docs/en/overrides/main.html"", ""docs/en/overrides/partials/conf-rail.html""]",0
31795975011,Build Docs,success,1fe9d0918479a3524f50fdb584249d7cb419a054,2026-08-14 11:22:52+00:00,pull_request,94753165605,build-docs (zh),success,39.0,5,139,12,6966,"[""README.md"", ""docs/en/docs/css/custom.css"", ""docs/en/docs/index.md"", ""docs/en/overrides/main.html"", ""docs/en/overrides/partials/conf-rail.html""]",0
31795975011,Build Docs,success,1fe9d0918479a3524f50fdb584249d7cb419a054,2026-08-14 11:22:52+00:00,pull_request,94753165613,build-docs (zh-hant),success,46.0,5,139,12,6966,"[""README.md"", ""docs/en/docs/css/custom.css"", ""docs/en/docs/index.md"", ""docs/en/overrides/main.html"", ""docs/en/overrides/partials/conf-rail.html""]",0
31795975011,Build Docs,success,1fe9d0918479a3524f50fdb584249d7cb419a054,2026-08-14 11:22:52+00:00,pull_request,94753165615,build-docs (fr),success,41.0,5,139,12,6966,"[""README.md"", ""docs/en/docs/css/custom.css"", ""docs/en/docs/index.md"", ""docs/en/overrides/main.html"", ""docs/en/overrides/partials/conf-rail.html""]",0
31795975011,Build Docs,success,1fe9d0918479a3524f50fdb584249d7cb419a054,2026-08-14 11:22:52+00:00,pull_request,94753165621,build-docs (ja),success,37.0,5,139,12,6966,"[""README.md"", ""docs/en/docs/css/custom.css"", ""docs/en/docs/index.md"", ""docs/en/overrides/main.html"", ""docs/en/overrides/partials/conf-rail.html""]",0
31795975011,Build Docs,success,1fe9d0918479a3524f50fdb584249d7cb419a054,2026-08-14 11:22:52+00:00,pull_request,94753165666,build-docs (en),success,47.0,5,139,12,6966,"[""README.md"", ""docs/en/docs/css/custom.css"", ""docs/en/docs/index.md"", ""docs/en/overrides/main.html"", ""docs/en/overrides/partials/conf-rail.html""]",0
31795975011,Build Docs,success,1fe9d0918479a3524f50fdb584249d7cb419a054,2026-08-14 11:22:52+00:00,pull_request,94753165667,build-docs (hi),success,46.0,5,139,12,6966,"[""README.md"", ""docs/en/docs/css/custom.css"", ""docs/en/docs/index.md"", ""docs/en/overrides/main.html"", ""docs/en/overrides/partials/conf-rail.html""]",0
31795975011,Build Docs,success,1fe9d0918479a3524f50fdb584249d7cb419a054,2026-08-14 11:22:52+00:00,pull_request,94753165668,build-docs (ko),success,34.0,5,139,12,6966,"[""README.md"", ""docs/en/docs/css/custom.css"", ""docs/en/docs/index.md"", ""docs/en/overrides/main.html"", ""docs/en/overrides/partials/conf-rail.html""]",0
31795975011,Build Docs,success,1fe9d0918479a3524f50fdb584249d7cb419a054,2026-08-14 11:22:52+00:00,pull_request,94753165680,build-docs (pt),success,38.0,5,139,12,6966,"[""README.md"", ""docs/en/docs/css/custom.css"", ""docs/en/docs/index.md"", ""docs/en/overrides/main.html"", ""docs/en/overrides/partials/conf-rail.html""]",0
31795975011,Build Docs,success,1fe9d0918479a3524f50fdb584249d7cb419a054,2026-08-14 11:22:52+00:00,pull_request,94753165713,build-docs (tr),success,29.0,5,139,12,6966,"[""README.md"", ""docs/en/docs/css/custom.css"", ""docs/en/docs/index.md"", ""docs/en/overrides/main.html"", ""docs/en/overrides/partials/conf-rail.html""]",0
31795975011,Build Docs,success,1fe9d0918479a3524f50fdb584249d7cb419a054,2026-08-14 11:22:52+00:00,pull_request,94753165827,build-docs (uk),success,39.0,5,139,12,6966,"[""README.md"", ""docs/en/docs/css/custom.css"", ""docs/en/docs/index.md"", ""docs/en/overrides/main.html"", ""docs/en/overrides/partials/conf-rail.html""]",0
31795975011,Build Docs,success,1fe9d0918479a3524f50fdb584249d7cb419a054,2026-08-14 11:22:52+00:00,pull_request,94753338645,docs-all-green,success,5.0,5,139,12,6966,"[""README.md"", ""docs/en/docs/css/custom.css"", ""docs/en/docs/index.md"", ""docs/en/overrides/main.html"", ""docs/en/overrides/partials/conf-rail.html""]",0
31795973705,Add to Project,success,1fe9d0918479a3524f50fdb584249d7cb419a054,2026-08-14 11:22:51+00:00,pull_request_target,94753063900,Add to project,success,4.0,5,139,12,6966,"[""README.md"", ""docs/en/docs/css/custom.css"", ""docs/en/docs/index.md"", ""docs/en/overrides/main.html"", ""docs/en/overrides/partials/conf-rail.html""]",0
31795972504,PR #16193,success,1fe9d0918479a3524f50fdb584249d7cb419a054,2026-08-14 11:22:49+00:00,dynamic,94753063564,Analyze (actions),success,43.0,5,139,12,6966,"[""README.md"", ""docs/en/docs/css/custom.css"", ""docs/en/docs/index.md"", ""docs/en/overrides/main.html"", ""docs/en/overrides/partials/conf-rail.html""]",0
31795972504,PR #16193,success,1fe9d0918479a3524f50fdb584249d7cb419a054,2026-08-14 11:22:49+00:00,dynamic,94753063614,Analyze (python),success,69.0,5,139,12,6966,"[""README.md"", ""docs/en/docs/css/custom.css"", ""docs/en/docs/index.md"", ""docs/en/overrides/main.html"", ""docs/en/overrides/partials/conf-rail.html""]",0
31795972504,PR #16193,success,1fe9d0918479a3524f50fdb584249d7cb419a054,2026-08-14 11:22:49+00:00,dynamic,94753063723,Analyze (javascript-typescript),success,59.0,5,139,12,6966,"[""README.md"", ""docs/en/docs/css/custom.css"", ""docs/en/docs/index.md"", ""docs/en/overrides/main.html"", ""docs/en/overrides/partials/conf-rail.html""]",0
31794984728,Conflict detector,success,1fe9d0918479a3524f50fdb584249d7cb419a054,2026-08-14 11:08:07+00:00,push,94749989257,main,success,5.0,5,139,12,6966,"[""README.md"", ""docs/en/docs/css/custom.css"", ""docs/en/docs/index.md"", ""docs/en/overrides/main.html"", ""docs/en/overrides/partials/conf-rail.html""]",0
31786684984,Smokeshow,success,f336ff831c4af3d4f625c2593a27b1e0cae93eb7,2026-08-14 09:06:23+00:00,workflow_run,94724056187,smokeshow,success,52.0,1,1,0,674,"[""docs/en/docs/release-notes.md""]",0
31786605532,Issue Manager,success,f336ff831c4af3d4f625c2593a27b1e0cae93eb7,2026-08-14 09:05:16+00:00,issue_comment,94723813433,issue-manager,success,18.0,1,1,0,674,"[""docs/en/docs/release-notes.md""]",0
31786394027,Deploy Docs,success,f336ff831c4af3d4f625c2593a27b1e0cae93eb7,2026-08-14 09:02:12+00:00,workflow_run,94723146538,deploy-docs,success,25.0,1,1,0,674,"[""docs/en/docs/release-notes.md""]",0
31786364598,Test,success,11d55a42943fba53335d80fe3797f42098ee4b20,2026-08-14 09:01:47+00:00,pull_request,94723054508,changes,success,9.0,2,67,1,3388,"[""fastapi/routing.py"", ""tests/test_sse_non_generator.py""]",0
31786364598,Test,success,11d55a42943fba53335d80fe3797f42098ee4b20,2026-08-14 09:01:47+00:00,pull_request,94723054580,regression-test,success,32.0,2,67,1,3388,"[""fastapi/routing.py"", ""tests/test_sse_non_generator.py""]",0
31786364598,Test,success,11d55a42943fba53335d80fe3797f42098ee4b20,2026-08-14 09:01:47+00:00,pull_request,94723098898,benchmark,success,175.0,2,67,1,3388,"[""fastapi/routing.py"", ""tests/test_sse_non_generator.py""]",0
31786364598,Test,success,11d55a42943fba53335d80fe3797f42098ee4b20,2026-08-14 09:01:47+00:00,pull_request,94723099072,"test (macos-latest, 3.14, no-deprecation, highest, starlette-git)",success,58.0,2,67,1,3388,"[""fastapi/routing.py"", ""tests/test_sse_non_generator.py""]",0
31786364598,Test,success,11d55a42943fba53335d80fe3797f42098ee4b20,2026-08-14 09:01:47+00:00,pull_request,94723099075,"test (windows-latest, 3.14, no-deprecation, highest, starlette-git)",success,112.0,2,67,1,3388,"[""fastapi/routing.py"", ""tests/test_sse_non_generator.py""]",0
31786364598,Test,success,11d55a42943fba53335d80fe3797f42098ee4b20,2026-08-14 09:01:47+00:00,pull_request,94723099082,"test (windows-latest, 3.14, no-deprecation, highest, starlette-pypi)",success,93.0,2,67,1,3388,"[""fastapi/routing.py"", ""tests/test_sse_non_generator.py""]",0
31786364598,Test,success,11d55a42943fba53335d80fe3797f42098ee4b20,2026-08-14 09:01:47+00:00,pull_request,94723099084,"test (windows-latest, 3.14t, no-deprecation, highest, starlette-git)",success,188.0,2,67,1,3388,"[""fastapi/routing.py"", ""tests/test_sse_non_generator.py""]",0
31786364598,Test,success,11d55a42943fba53335d80fe3797f42098ee4b20,2026-08-14 09:01:47+00:00,pull_request,94723099086,"test (macos-latest, 3.14, no-deprecation, highest, starlette-pypi)",success,49.0,2,67,1,3388,"[""fastapi/routing.py"", ""tests/test_sse_non_generator.py""]",0
31786364598,Test,success,11d55a42943fba53335d80fe3797f42098ee4b20,2026-08-14 09:01:47+00:00,pull_request,94723099087,"test (windows-latest, 3.14t, no-deprecation, highest, starlette-pypi)",success,168.0,2,67,1,3388,"[""fastapi/routing.py"", ""tests/test_sse_non_generator.py""]",0
31786364598,Test,success,11d55a42943fba53335d80fe3797f42098ee4b20,2026-08-14 09:01:47+00:00,pull_request,94723099088,"test (macos-latest, 3.14t, no-deprecation, highest, starlette-pypi)",success,123.0,2,67,1,3388,"[""fastapi/routing.py"", ""tests/test_sse_non_generator.py""]",0
31786364598,Test,success,11d55a42943fba53335d80fe3797f42098ee4b20,2026-08-14 09:01:47+00:00,pull_request,94723099092,"test (ubuntu-latest, 3.13, highest, no-deprecation, coverage)",success,74.0,2,67,1,3388,"[""fastapi/routing.py"", ""tests/test_sse_non_generator.py""]",0
31786364598,Test,success,11d55a42943fba53335d80fe3797f42098ee4b20,2026-08-14 09:01:47+00:00,pull_request,94723099094,"test (ubuntu-latest, 3.13, highest, no-deprecation, codspeed)",success,74.0,2,67,1,3388,"[""fastapi/routing.py"", ""tests/test_sse_non_generator.py""]",0
31786364598,Test,success,11d55a42943fba53335d80fe3797f42098ee4b20,2026-08-14 09:01:47+00:00,pull_request,94723099118,"test (macos-latest, 3.14t, no-deprecation, highest, starlette-git)",success,96.0,2,67,1,3388,"[""fastapi/routing.py"", ""tests/test_sse_non_generator.py""]",0
31786364598,Test,success,11d55a42943fba53335d80fe3797f42098ee4b20,2026-08-14 09:01:47+00:00,pull_request,94723099137,"test (ubuntu-latest, 3.13, highest, no-deprecation, true)",success,77.0,2,67,1,3388,"[""fastapi/routing.py"", ""tests/test_sse_non_generator.py""]",0
31786364598,Test,success,11d55a42943fba53335d80fe3797f42098ee4b20,2026-08-14 09:01:47+00:00,pull_request,94723099141,"test (ubuntu-latest, 3.14, highest, starlette-git, test-deprecation, coverage)",success,59.0,2,67,1,3388,"[""fastapi/routing.py"", ""tests/test_sse_non_generator.py""]",0
31786364598,Test,success,11d55a42943fba53335d80fe3797f42098ee4b20,2026-08-14 09:01:47+00:00,pull_request,94723099174,"test (windows-latest, 3.12, lowest-direct, no-deprecation, coverage)",success,134.0,2,67,1,3388,"[""fastapi/routing.py"", ""tests/test_sse_non_generator.py""]",0
31786364598,Test,success,11d55a42943fba53335d80fe3797f42098ee4b20,2026-08-14 09:01:47+00:00,pull_request,94723099195,"test (macos-latest, 3.10, lowest-direct, no-deprecation, coverage)",success,88.0,2,67,1,3388,"[""fastapi/routing.py"", ""tests/test_sse_non_generator.py""]",0
31786364598,Test,success,11d55a42943fba53335d80fe3797f42098ee4b20,2026-08-14 09:01:47+00:00,pull_request,94723099211,"test (ubuntu-latest, 3.14t, highest, no-deprecation, coverage)",success,75.0,2,67,1,3388,"[""fastapi/routing.py"", ""tests/test_sse_non_generator.py""]",0
31786364598,Test,success,11d55a42943fba53335d80fe3797f42098ee4b20,2026-08-14 09:01:47+00:00,pull_request,94723793969,coverage-combine,success,58.0,2,67,1,3388,"[""fastapi/routing.py"", ""tests/test_sse_non_generator.py""]",0
31786364598,Test,success,11d55a42943fba53335d80fe3797f42098ee4b20,2026-08-14 09:01:47+00:00,pull_request,94724016768,test-alls-green,success,5.0,2,67,1,3388,"[""fastapi/routing.py"", ""tests/test_sse_non_generator.py""]",0
31786364611,Build Docs,success,11d55a42943fba53335d80fe3797f42098ee4b20,2026-08-14 09:01:47+00:00,pull_request,94723054915,changes,success,6.0,2,67,1,3388,"[""fastapi/routing.py"", ""tests/test_sse_non_generator.py""]",0
31786364611,Build Docs,success,11d55a42943fba53335d80fe3797f42098ee4b20,2026-08-14 09:01:47+00:00,pull_request,94723091144,docs-all-green,success,3.0,2,67,1,3388,"[""fastapi/routing.py"", ""tests/test_sse_non_generator.py""]",0
31786364605,pre-commit,success,11d55a42943fba53335d80fe3797f42098ee4b20,2026-08-14 09:01:47+00:00,pull_request,94723054381,pre-commit,success,45.0,2,67,1,3388,"[""fastapi/routing.py"", ""tests/test_sse_non_generator.py""]",0
31786364605,pre-commit,success,11d55a42943fba53335d80fe3797f42098ee4b20,2026-08-14 09:01:47+00:00,pull_request,94723232170,pre-commit-alls-green,success,5.0,2,67,1,3388,"[""fastapi/routing.py"", ""tests/test_sse_non_generator.py""]",0
31786364600,Test Redistribute,success,11d55a42943fba53335d80fe3797f42098ee4b20,2026-08-14 09:01:47+00:00,pull_request,94723054595,test-redistribute,success,63.0,2,67,1,3388,"[""fastapi/routing.py"", ""tests/test_sse_non_generator.py""]",0
31786364600,Test Redistribute,success,11d55a42943fba53335d80fe3797f42098ee4b20,2026-08-14 09:01:47+00:00,pull_request,94723296408,test-redistribute-alls-green,success,3.0,2,67,1,3388,"[""fastapi/routing.py"", ""tests/test_sse_non_generator.py""]",0
31786364607,Zizmor,success,11d55a42943fba53335d80fe3797f42098ee4b20,2026-08-14 09:01:47+00:00,pull_request,94723054524,Run zizmor,success,28.0,2,67,1,3388,"[""fastapi/routing.py"", ""tests/test_sse_non_generator.py""]",0
31786363092,Add to Project,success,11d55a42943fba53335d80fe3797f42098ee4b20,2026-08-14 09:01:46+00:00,pull_request_target,94723049791,Add to project,success,4.0,2,67,1,3388,"[""fastapi/routing.py"", ""tests/test_sse_non_generator.py""]",0
31769269921,Deploy Docs,success,f336ff831c4af3d4f625c2593a27b1e0cae93eb7,2026-08-14 04:14:52+00:00,workflow_run,94671588136,deploy-docs,success,50.0,1,1,0,674,"[""docs/en/docs/release-notes.md""]",0
31769221704,Notify Translations,success,c655ffbef3bd47106deded4ad1a1f7b7c8ed8baa,2026-08-14 04:13:55+00:00,pull_request_target,94671441495,job,success,26.0,1,2,0,143,"[""README.md""]",0
31769215437,Smokeshow,failure,f336ff831c4af3d4f625c2593a27b1e0cae93eb7,2026-08-14 04:13:48+00:00,workflow_run,94671423307,smokeshow,failure,15.0,1,1,0,674,"[""docs/en/docs/release-notes.md""]",1
31769190251,Test,success,c655ffbef3bd47106deded4ad1a1f7b7c8ed8baa,2026-08-14 04:13:21+00:00,pull_request,94671350199,regression-test,success,12.0,1,2,0,143,"[""README.md""]",0
31769190251,Test,success,c655ffbef3bd47106deded4ad1a1f7b7c8ed8baa,2026-08-14 04:13:21+00:00,pull_request,94671350298,changes,success,6.0,1,2,0,143,"[""README.md""]",0
31769190251,Test,success,c655ffbef3bd47106deded4ad1a1f7b7c8ed8baa,2026-08-14 04:13:21+00:00,pull_request,94671390272,test-alls-green,success,6.0,1,2,0,143,"[""README.md""]",0
31769190254,Zizmor,success,c655ffbef3bd47106deded4ad1a1f7b7c8ed8baa,2026-08-14 04:13:21+00:00,pull_request,94671350214,Run zizmor,success,22.0,1,2,0,143,"[""README.md""]",0
31769190270,pre-commit,success,c655ffbef3bd47106deded4ad1a1f7b7c8ed8baa,2026-08-14 04:13:21+00:00,pull_request,94671350354,pre-commit,success,42.0,1,2,0,143,"[""README.md""]",0
31769190270,pre-commit,success,c655ffbef3bd47106deded4ad1a1f7b7c8ed8baa,2026-08-14 04:13:21+00:00,pull_request,94671472279,pre-commit-alls-green,success,6.0,1,2,0,143,"[""README.md""]",0
31769190265,Test Redistribute,success,c655ffbef3bd47106deded4ad1a1f7b7c8ed8baa,2026-08-14 04:13:21+00:00,pull_request,94671350194,test-redistribute,success,61.0,1,2,0,143,"[""README.md""]",0
31769190265,Test Redistribute,success,c655ffbef3bd47106deded4ad1a1f7b7c8ed8baa,2026-08-14 04:13:21+00:00,pull_request,94671519294,test-redistribute-alls-green,success,2.0,1,2,0,143,"[""README.md""]",0
31769190281,Build Docs,success,c655ffbef3bd47106deded4ad1a1f7b7c8ed8baa,2026-08-14 04:13:21+00:00,pull_request,94671350320,changes,success,7.0,1,2,0,143,"[""README.md""]",0
31769190281,Build Docs,success,c655ffbef3bd47106deded4ad1a1f7b7c8ed8baa,2026-08-14 04:13:21+00:00,pull_request,94671377288,langs,success,20.0,1,2,0,143,"[""README.md""]",0
31769190281,Build Docs,success,c655ffbef3bd47106deded4ad1a1f7b7c8ed8baa,2026-08-14 04:13:21+00:00,pull_request,94671441316,build-docs (fr),success,33.0,1,2,0,143,"[""README.md""]",0
31769190281,Build Docs,success,c655ffbef3bd47106deded4ad1a1f7b7c8ed8baa,2026-08-14 04:13:21+00:00,pull_request,94671441323,build-docs (ru),success,39.0,1,2,0,143,"[""README.md""]",0
31769190281,Build Docs,success,c655ffbef3bd47106deded4ad1a1f7b7c8ed8baa,2026-08-14 04:13:21+00:00,pull_request,94671441328,build-docs (uk),success,36.0,1,2,0,143,"[""README.md""]",0
31769190281,Build Docs,success,c655ffbef3bd47106deded4ad1a1f7b7c8ed8baa,2026-08-14 04:13:21+00:00,pull_request,94671441329,build-docs (ko),success,34.0,1,2,0,143,"[""README.md""]",0
31769190281,Build Docs,success,c655ffbef3bd47106deded4ad1a1f7b7c8ed8baa,2026-08-14 04:13:21+00:00,pull_request,94671441332,build-docs (tr),success,39.0,1,2,0,143,"[""README.md""]",0
31769190281,Build Docs,success,c655ffbef3bd47106deded4ad1a1f7b7c8ed8baa,2026-08-14 04:13:21+00:00,pull_request,94671441350,build-docs (es),success,34.0,1,2,0,143,"[""README.md""]",0
31769190281,Build Docs,success,c655ffbef3bd47106deded4ad1a1f7b7c8ed8baa,2026-08-14 04:13:21+00:00,pull_request,94671441351,build-docs (de),success,28.0,1,2,0,143,"[""README.md""]",0
31769190281,Build Docs,success,c655ffbef3bd47106deded4ad1a1f7b7c8ed8baa,2026-08-14 04:13:21+00:00,pull_request,94671441352,build-docs (en),success,44.0,1,2,0,143,"[""README.md""]",0
31769190281,Build Docs,success,c655ffbef3bd47106deded4ad1a1f7b7c8ed8baa,2026-08-14 04:13:21+00:00,pull_request,94671441354,build-docs (hi),success,45.0,1,2,0,143,"[""README.md""]",0
31769190281,Build Docs,success,c655ffbef3bd47106deded4ad1a1f7b7c8ed8baa,2026-08-14 04:13:21+00:00,pull_request,94671441378,build-docs (pt),success,35.0,1,2,0,143,"[""README.md""]",0
31769190281,Build Docs,success,c655ffbef3bd47106deded4ad1a1f7b7c8ed8baa,2026-08-14 04:13:21+00:00,pull_request,94671441381,build-docs (ja),success,41.0,1,2,0,143,"[""README.md""]",0
31769190281,Build Docs,success,c655ffbef3bd47106deded4ad1a1f7b7c8ed8baa,2026-08-14 04:13:21+00:00,pull_request,94671441388,build-docs (zh),success,36.0,1,2,0,143,"[""README.md""]",0
31769190281,Build Docs,success,c655ffbef3bd47106deded4ad1a1f7b7c8ed8baa,2026-08-14 04:13:21+00:00,pull_request,94671441418,build-docs (zh-hant),success,41.0,1,2,0,143,"[""README.md""]",0
31769190281,Build Docs,success,c655ffbef3bd47106deded4ad1a1f7b7c8ed8baa,2026-08-14 04:13:21+00:00,pull_request,94671566980,docs-all-green,success,2.0,1,2,0,143,"[""README.md""]",0
31769188972,Add to Project,success,c655ffbef3bd47106deded4ad1a1f7b7c8ed8baa,2026-08-14 04:13:19+00:00,pull_request_target,94671346687,Add to project,success,5.0,1,2,0,143,"[""README.md""]",0
31749831596,Issue Manager,success,f336ff831c4af3d4f625c2593a27b1e0cae93eb7,2026-08-13 22:24:42+00:00,schedule,94612829634,issue-manager,success,18.0,1,1,0,674,"[""docs/en/docs/release-notes.md""]",0
31717236155,Notify Translations,success,5bdfa0249f9bdd2533745a6819ff47456e6166d1,2026-08-13 15:46:47+00:00,pull_request_target,94504923437,job,success,24.0,2,4,4,617,"[""tests/test_unresolvable_annotations/apps/annotated_depends_late_type.py"", ""tests/test_unresolvable_annotations/apps/type_declared_after_endpoint.py""]",0
31699622843,Label Approved,success,f336ff831c4af3d4f625c2593a27b1e0cae93eb7,2026-08-13 12:21:17+00:00,schedule,94445347918,label-approved,success,119.0,1,1,0,674,"[""docs/en/docs/release-notes.md""]",0
31686340510,Scheduled,success,f336ff831c4af3d4f625c2593a27b1e0cae93eb7,2026-08-13 09:23:10+00:00,dynamic,94403177988,Analyze (actions),success,46.0,1,1,0,674,"[""docs/en/docs/release-notes.md""]",0
31686340510,Scheduled,success,f336ff831c4af3d4f625c2593a27b1e0cae93eb7,2026-08-13 09:23:10+00:00,dynamic,94403178075,Analyze (javascript-typescript),success,81.0,1,1,0,674,"[""docs/en/docs/release-notes.md""]",0
31686340510,Scheduled,success,f336ff831c4af3d4f625c2593a27b1e0cae93eb7,2026-08-13 09:23:10+00:00,dynamic,94403178145,Analyze (python),success,94.0,1,1,0,674,"[""docs/en/docs/release-notes.md""]",0
31679763688,Issue Manager,success,f336ff831c4af3d4f625c2593a27b1e0cae93eb7,2026-08-13 07:54:55+00:00,issue_comment,94382308946,issue-manager,success,9.0,1,1,0,674,"[""docs/en/docs/release-notes.md""]",0
31679762617,Notify Translations,success,6feb8f815456ff6ea2a974a4fd018da9fbb4ffae,2026-08-13 07:54:54+00:00,pull_request_target,94382305357,job,success,28.0,1,1,1,362,"[""fastapi/security/http.py""]",0
31663197120,Smokeshow,success,f336ff831c4af3d4f625c2593a27b1e0cae93eb7,2026-08-13 03:12:21+00:00,workflow_run,94332211695,smokeshow,success,66.0,1,1,0,674,"[""docs/en/docs/release-notes.md""]",0
31663105209,Smokeshow,success,f336ff831c4af3d4f625c2593a27b1e0cae93eb7,2026-08-13 03:10:34+00:00,workflow_run,94331908307,smokeshow,success,54.0,1,1,0,674,"[""docs/en/docs/release-notes.md""]",0
31663027768,Issue Manager,success,f336ff831c4af3d4f625c2593a27b1e0cae93eb7,2026-08-13 03:09:03+00:00,issue_comment,94331652513,issue-manager,success,19.0,1,1,0,674,"[""docs/en/docs/release-notes.md""]",0
31662959521,Deploy Docs,success,f336ff831c4af3d4f625c2593a27b1e0cae93eb7,2026-08-13 03:07:40+00:00,workflow_run,94331438486,deploy-docs,success,25.0,1,1,0,674,"[""docs/en/docs/release-notes.md""]",0
31662923265,Build Docs,success,6feb8f815456ff6ea2a974a4fd018da9fbb4ffae,2026-08-13 03:06:57+00:00,pull_request,94331327852,changes,success,9.0,1,1,1,362,"[""fastapi/security/http.py""]",0
31662923265,Build Docs,success,6feb8f815456ff6ea2a974a4fd018da9fbb4ffae,2026-08-13 03:06:57+00:00,pull_request,94331371397,docs-all-green,success,5.0,1,1,1,362,"[""fastapi/security/http.py""]",0
31662923274,Zizmor,success,6feb8f815456ff6ea2a974a4fd018da9fbb4ffae,2026-08-13 03:06:57+00:00,pull_request,94331327979,Run zizmor,success,21.0,1,1,1,362,"[""fastapi/security/http.py""]",0
31662923160,Test Redistribute,success,6feb8f815456ff6ea2a974a4fd018da9fbb4ffae,2026-08-13 03:06:57+00:00,pull_request,94331327600,test-redistribute,success,64.0,1,1,1,362,"[""fastapi/security/http.py""]",0
31662923160,Test Redistribute,success,6feb8f815456ff6ea2a974a4fd018da9fbb4ffae,2026-08-13 03:06:57+00:00,pull_request,94331516761,test-redistribute-alls-green,success,3.0,1,1,1,362,"[""fastapi/security/http.py""]",0
31662923253,pre-commit,success,6feb8f815456ff6ea2a974a4fd018da9fbb4ffae,2026-08-13 03:06:57+00:00,pull_request,94331327923,pre-commit,success,40.0,1,1,1,362,"[""fastapi/security/http.py""]",0
31662923253,pre-commit,success,6feb8f815456ff6ea2a974a4fd018da9fbb4ffae,2026-08-13 03:06:57+00:00,pull_request,94331448606,pre-commit-alls-green,success,5.0,1,1,1,362,"[""fastapi/security/http.py""]",0
31662923176,Test,success,6feb8f815456ff6ea2a974a4fd018da9fbb4ffae,2026-08-13 03:06:57+00:00,pull_request,94331327649,changes,success,6.0,1,1,1,362,"[""fastapi/security/http.py""]",0
31662923176,Test,success,6feb8f815456ff6ea2a974a4fd018da9fbb4ffae,2026-08-13 03:06:57+00:00,pull_request,94331327725,regression-test,success,10.0,1,1,1,362,"[""fastapi/security/http.py""]",0
31662923176,Test,success,6feb8f815456ff6ea2a974a4fd018da9fbb4ffae,2026-08-13 03:06:57+00:00,pull_request,94331349099,benchmark,success,183.0,1,1,1,362,"[""fastapi/security/http.py""]",0
31662923176,Test,success,6feb8f815456ff6ea2a974a4fd018da9fbb4ffae,2026-08-13 03:06:57+00:00,pull_request,94331349229,"test (windows-latest, 3.14t, no-deprecation, highest, starlette-pypi)",success,223.0,1,1,1,362,"[""fastapi/security/http.py""]",0
31662923176,Test,success,6feb8f815456ff6ea2a974a4fd018da9fbb4ffae,2026-08-13 03:06:57+00:00,pull_request,94331349232,"test (macos-latest, 3.14t, no-deprecation, highest, starlette-git)",success,106.0,1,1,1,362,"[""fastapi/security/http.py""]",0
31662923176,Test,success,6feb8f815456ff6ea2a974a4fd018da9fbb4ffae,2026-08-13 03:06:57+00:00,pull_request,94331349260,"test (windows-latest, 3.14, no-deprecation, highest, starlette-git)",success,90.0,1,1,1,362,"[""fastapi/security/http.py""]",0
31662923176,Test,success,6feb8f815456ff6ea2a974a4fd018da9fbb4ffae,2026-08-13 03:06:57+00:00,pull_request,94331349262,"test (ubuntu-latest, 3.14t, highest, no-deprecation, coverage)",success,86.0,1,1,1,362,"[""fastapi/security/http.py""]",0
31662923176,Test,success,6feb8f815456ff6ea2a974a4fd018da9fbb4ffae,2026-08-13 03:06:57+00:00,pull_request,94331349264,"test (ubuntu-latest, 3.13, highest, no-deprecation, true)",success,72.0,1,1,1,362,"[""fastapi/security/http.py""]",0
31662923176,Test,success,6feb8f815456ff6ea2a974a4fd018da9fbb4ffae,2026-08-13 03:06:57+00:00,pull_request,94331349265,"test (ubuntu-latest, 3.14, highest, starlette-git, test-deprecation, coverage)",success,58.0,1,1,1,362,"[""fastapi/security/http.py""]",0
31662923176,Test,success,6feb8f815456ff6ea2a974a4fd018da9fbb4ffae,2026-08-13 03:06:57+00:00,pull_request,94331349280,"test (macos-latest, 3.14t, no-deprecation, highest, starlette-pypi)",success,93.0,1,1,1,362,"[""fastapi/security/http.py""]",0
31662923176,Test,success,6feb8f815456ff6ea2a974a4fd018da9fbb4ffae,2026-08-13 03:06:57+00:00,pull_request,94331349282,"test (windows-latest, 3.12, lowest-direct, no-deprecation, coverage)",success,127.0,1,1,1,362,"[""fastapi/security/http.py""]",0
31662923176,Test,success,6feb8f815456ff6ea2a974a4fd018da9fbb4ffae,2026-08-13 03:06:57+00:00,pull_request,94331349293,"test (ubuntu-latest, 3.13, highest, no-deprecation, coverage)",success,83.0,1,1,1,362,"[""fastapi/security/http.py""]",0
31662923176,Test,success,6feb8f815456ff6ea2a974a4fd018da9fbb4ffae,2026-08-13 03:06:57+00:00,pull_request,94331349308,"test (windows-latest, 3.14, no-deprecation, highest, starlette-pypi)",success,83.0,1,1,1,362,"[""fastapi/security/http.py""]",0
31662923176,Test,success,6feb8f815456ff6ea2a974a4fd018da9fbb4ffae,2026-08-13 03:06:57+00:00,pull_request,94331349336,"test (windows-latest, 3.14t, no-deprecation, highest, starlette-git)",success,187.0,1,1,1,362,"[""fastapi/security/http.py""]",0
31662923176,Test,success,6feb8f815456ff6ea2a974a4fd018da9fbb4ffae,2026-08-13 03:06:57+00:00,pull_request,94331349339,"test (ubuntu-latest, 3.13, highest, no-deprecation, codspeed)",success,70.0,1,1,1,362,"[""fastapi/security/http.py""]",0
31662923176,Test,success,6feb8f815456ff6ea2a974a4fd018da9fbb4ffae,2026-08-13 03:06:57+00:00,pull_request,94331349342,"test (macos-latest, 3.10, lowest-direct, no-deprecation, coverage)",success,96.0,1,1,1,362,"[""fastapi/security/http.py""]",0
31662923176,Test,success,6feb8f815456ff6ea2a974a4fd018da9fbb4ffae,2026-08-13 03:06:57+00:00,pull_request,94331349344,"test (macos-latest, 3.14, no-deprecation, highest, starlette-pypi)",success,54.0,1,1,1,362,"[""fastapi/security/http.py""]",0
31662923176,Test,success,6feb8f815456ff6ea2a974a4fd018da9fbb4ffae,2026-08-13 03:06:57+00:00,pull_request,94331349358,"test (macos-latest, 3.14, no-deprecation, highest, starlette-git)",success,67.0,1,1,1,362,"[""fastapi/security/http.py""]",0
31662923176,Test,success,6feb8f815456ff6ea2a974a4fd018da9fbb4ffae,2026-08-13 03:06:57+00:00,pull_request,94331978167,coverage-combine,success,69.0,1,1,1,362,"[""fastapi/security/http.py""]",0
31662923176,Test,success,6feb8f815456ff6ea2a974a4fd018da9fbb4ffae,2026-08-13 03:06:57+00:00,pull_request,94332186471,test-alls-green,success,2.0,1,1,1,362,"[""fastapi/security/http.py""]",0
31662922233,Add to Project,success,6feb8f815456ff6ea2a974a4fd018da9fbb4ffae,2026-08-13 03:06:56+00:00,pull_request_target,94331325018,Add to project,success,6.0,1,1,1,362,"[""fastapi/security/http.py""]",0
31662922103,Conflict detector,success,6feb8f815456ff6ea2a974a4fd018da9fbb4ffae,2026-08-13 03:06:55+00:00,pull_request_target,94331324254,main,success,4.0,1,1,1,362,"[""fastapi/security/http.py""]",0
31662879781,Deploy Docs,success,f336ff831c4af3d4f625c2593a27b1e0cae93eb7,2026-08-13 03:06:05+00:00,workflow_run,94331195889,deploy-docs,success,22.0,1,1,0,674,"[""docs/en/docs/release-notes.md""]",0
31662861416,Zizmor,success,3bb69e16d805ba149eaceb54d01e3e0c8cf592db,2026-08-13 03:05:45+00:00,pull_request,94331140063,Run zizmor,success,19.0,1,2,1,415,"[""fastapi/security/http.py""]",0
31662861647,Build Docs,success,3bb69e16d805ba149eaceb54d01e3e0c8cf592db,2026-08-13 03:05:45+00:00,pull_request,94331141053,changes,success,9.0,1,2,1,415,"[""fastapi/security/http.py""]",0
31662861647,Build Docs,success,3bb69e16d805ba149eaceb54d01e3e0c8cf592db,2026-08-13 03:05:45+00:00,pull_request,94331172506,docs-all-green,success,3.0,1,2,1,415,"[""fastapi/security/http.py""]",0
31662861347,pre-commit,failure,3bb69e16d805ba149eaceb54d01e3e0c8cf592db,2026-08-13 03:05:45+00:00,pull_request,94331140074,pre-commit,failure,42.0,1,2,1,415,"[""fastapi/security/http.py""]",1
31662861347,pre-commit,failure,3bb69e16d805ba149eaceb54d01e3e0c8cf592db,2026-08-13 03:05:45+00:00,pull_request,94331260858,pre-commit-alls-green,failure,5.0,1,2,1,415,"[""fastapi/security/http.py""]",1
31662861456,Test Redistribute,success,3bb69e16d805ba149eaceb54d01e3e0c8cf592db,2026-08-13 03:05:45+00:00,pull_request,94331140330,test-redistribute,success,67.0,1,2,1,415,"[""fastapi/security/http.py""]",0
31662861456,Test Redistribute,success,3bb69e16d805ba149eaceb54d01e3e0c8cf592db,2026-08-13 03:05:45+00:00,pull_request,94331340909,test-redistribute-alls-green,success,3.0,1,2,1,415,"[""fastapi/security/http.py""]",0
31662861571,Test,success,3bb69e16d805ba149eaceb54d01e3e0c8cf592db,2026-08-13 03:05:45+00:00,pull_request,94331140528,regression-test,success,12.0,1,2,1,415,"[""fastapi/security/http.py""]",0
31662861571,Test,success,3bb69e16d805ba149eaceb54d01e3e0c8cf592db,2026-08-13 03:05:45+00:00,pull_request,94331140552,changes,success,8.0,1,2,1,415,"[""fastapi/security/http.py""]",0
31662861571,Test,success,3bb69e16d805ba149eaceb54d01e3e0c8cf592db,2026-08-13 03:05:45+00:00,pull_request,94331171888,benchmark,success,161.0,1,2,1,415,"[""fastapi/security/http.py""]",0
31662861571,Test,success,3bb69e16d805ba149eaceb54d01e3e0c8cf592db,2026-08-13 03:05:45+00:00,pull_request,94331172022,"test (windows-latest, 3.14t, no-deprecation, highest, starlette-pypi)",success,187.0,1,2,1,415,"[""fastapi/security/http.py""]",0
31662861571,Test,success,3bb69e16d805ba149eaceb54d01e3e0c8cf592db,2026-08-13 03:05:45+00:00,pull_request,94331172028,"test (macos-latest, 3.14t, no-deprecation, highest, starlette-git)",success,135.0,1,2,1,415,"[""fastapi/security/http.py""]",0
31662861571,Test,success,3bb69e16d805ba149eaceb54d01e3e0c8cf592db,2026-08-13 03:05:45+00:00,pull_request,94331172030,"test (windows-latest, 3.14, no-deprecation, highest, starlette-git)",success,77.0,1,2,1,415,"[""fastapi/security/http.py""]",0
31662861571,Test,success,3bb69e16d805ba149eaceb54d01e3e0c8cf592db,2026-08-13 03:05:45+00:00,pull_request,94331172066,"test (windows-latest, 3.14, no-deprecation, highest, starlette-pypi)",success,92.0,1,2,1,415,"[""fastapi/security/http.py""]",0
31662861571,Test,success,3bb69e16d805ba149eaceb54d01e3e0c8cf592db,2026-08-13 03:05:45+00:00,pull_request,94331172068,"test (macos-latest, 3.10, lowest-direct, no-deprecation, coverage)",success,78.0,1,2,1,415,"[""fastapi/security/http.py""]",0
31662861571,Test,success,3bb69e16d805ba149eaceb54d01e3e0c8cf592db,2026-08-13 03:05:45+00:00,pull_request,94331172107,"test (macos-latest, 3.14, no-deprecation, highest, starlette-pypi)",success,48.0,1,2,1,415,"[""fastapi/security/http.py""]",0
31662861571,Test,success,3bb69e16d805ba149eaceb54d01e3e0c8cf592db,2026-08-13 03:05:45+00:00,pull_request,94331172115,"test (macos-latest, 3.14t, no-deprecation, highest, starlette-pypi)",success,89.0,1,2,1,415,"[""fastapi/security/http.py""]",0
31662861571,Test,success,3bb69e16d805ba149eaceb54d01e3e0c8cf592db,2026-08-13 03:05:45+00:00,pull_request,94331172118,"test (windows-latest, 3.14t, no-deprecation, highest, starlette-git)",success,200.0,1,2,1,415,"[""fastapi/security/http.py""]",0
31662861571,Test,success,3bb69e16d805ba149eaceb54d01e3e0c8cf592db,2026-08-13 03:05:45+00:00,pull_request,94331172127,"test (macos-latest, 3.14, no-deprecation, highest, starlette-git)",success,63.0,1,2,1,415,"[""fastapi/security/http.py""]",0
31662861571,Test,success,3bb69e16d805ba149eaceb54d01e3e0c8cf592db,2026-08-13 03:05:45+00:00,pull_request,94331172143,"test (ubuntu-latest, 3.14, highest, starlette-git, test-deprecation, coverage)",success,66.0,1,2,1,415,"[""fastapi/security/http.py""]",0
31662861571,Test,success,3bb69e16d805ba149eaceb54d01e3e0c8cf592db,2026-08-13 03:05:45+00:00,pull_request,94331172154,"test (ubuntu-latest, 3.13, highest, no-deprecation, true)",success,62.0,1,2,1,415,"[""fastapi/security/http.py""]",0
31662861571,Test,success,3bb69e16d805ba149eaceb54d01e3e0c8cf592db,2026-08-13 03:05:45+00:00,pull_request,94331172167,"test (ubuntu-latest, 3.13, highest, no-deprecation, codspeed)",success,83.0,1,2,1,415,"[""fastapi/security/http.py""]",0
31662861571,Test,success,3bb69e16d805ba149eaceb54d01e3e0c8cf592db,2026-08-13 03:05:45+00:00,pull_request,94331172169,"test (ubuntu-latest, 3.14t, highest, no-deprecation, coverage)",success,78.0,1,2,1,415,"[""fastapi/security/http.py""]",0
31662861571,Test,success,3bb69e16d805ba149eaceb54d01e3e0c8cf592db,2026-08-13 03:05:45+00:00,pull_request,94331172170,"test (windows-latest, 3.12, lowest-direct, no-deprecation, coverage)",success,125.0,1,2,1,415,"[""fastapi/security/http.py""]",0
31662861571,Test,success,3bb69e16d805ba149eaceb54d01e3e0c8cf592db,2026-08-13 03:05:45+00:00,pull_request,94331172191,"test (ubuntu-latest, 3.13, highest, no-deprecation, coverage)",success,64.0,1,2,1,415,"[""fastapi/security/http.py""]",0
31662861571,Test,success,3bb69e16d805ba149eaceb54d01e3e0c8cf592db,2026-08-13 03:05:45+00:00,pull_request,94331712292,coverage-combine,success,59.0,1,2,1,415,"[""fastapi/security/http.py""]",0
31662861571,Test,success,3bb69e16d805ba149eaceb54d01e3e0c8cf592db,2026-08-13 03:05:45+00:00,pull_request,94331883486,test-alls-green,success,3.0,1,2,1,415,"[""fastapi/security/http.py""]",0
31662857192,Add to Project,success,3bb69e16d805ba149eaceb54d01e3e0c8cf592db,2026-08-13 03:05:40+00:00,pull_request_target,94331127535,Add to project,success,5.0,1,2,1,415,"[""fastapi/security/http.py""]",0
31646774657,Issue Manager,success,f336ff831c4af3d4f625c2593a27b1e0cae93eb7,2026-08-12 22:23:57+00:00,schedule,94282095733,issue-manager,success,22.0,1,1,0,674,"[""docs/en/docs/release-notes.md""]",0
31596019340,Label Approved,success,f336ff831c4af3d4f625c2593a27b1e0cae93eb7,2026-08-12 12:21:12+00:00,schedule,94111617852,label-approved,success,109.0,1,1,0,674,"[""docs/en/docs/release-notes.md""]",0
31574145378,Smokeshow,success,f336ff831c4af3d4f625c2593a27b1e0cae93eb7,2026-08-12 07:28:54+00:00,workflow_run,94042369188,smokeshow,success,51.0,1,1,0,674,"[""docs/en/docs/release-notes.md""]",0
31573535072,Deploy Docs,success,f336ff831c4af3d4f625c2593a27b1e0cae93eb7,2026-08-12 07:20:07+00:00,workflow_run,94040467481,deploy-docs,success,27.0,1,1,0,674,"[""docs/en/docs/release-notes.md""]",0
31573491896,Push on master,success,f336ff831c4af3d4f625c2593a27b1e0cae93eb7,2026-08-12 07:19:28+00:00,dynamic,94040335581,Analyze (javascript-typescript),success,85.0,1,1,0,674,"[""docs/en/docs/release-notes.md""]",0
31573491896,Push on master,success,f336ff831c4af3d4f625c2593a27b1e0cae93eb7,2026-08-12 07:19:28+00:00,dynamic,94040335599,Analyze (actions),success,39.0,1,1,0,674,"[""docs/en/docs/release-notes.md""]",0
31573491896,Push on master,success,f336ff831c4af3d4f625c2593a27b1e0cae93eb7,2026-08-12 07:19:28+00:00,dynamic,94040335690,Analyze (python),success,79.0,1,1,0,674,"[""docs/en/docs/release-notes.md""]",0
31573489313,Test,success,cdbb660571552715517c6153053f219d00c80c13,2026-08-12 07:19:26+00:00,push,94040323763,changes,success,6.0,3,15,58,1723,"["".github/labeler.yml"", "".github/latest-changes.yml"", "".github/workflows/labeler.yml""]",0
31573489313,Test,success,cdbb660571552715517c6153053f219d00c80c13,2026-08-12 07:19:26+00:00,push,94040323834,regression-test,success,5.0,3,15,58,1723,"["".github/labeler.yml"", "".github/latest-changes.yml"", "".github/workflows/labeler.yml""]",0
31573489313,Test,success,cdbb660571552715517c6153053f219d00c80c13,2026-08-12 07:19:26+00:00,push,94040700218,benchmark,success,148.0,3,15,58,1723,"["".github/labeler.yml"", "".github/latest-changes.yml"", "".github/workflows/labeler.yml""]",0
31573489313,Test,success,cdbb660571552715517c6153053f219d00c80c13,2026-08-12 07:19:26+00:00,push,94040700564,"test (macos-latest, 3.14, no-deprecation, highest, starlette-git)",success,71.0,3,15,58,1723,"["".github/labeler.yml"", "".github/latest-changes.yml"", "".github/workflows/labeler.yml""]",0
31573489313,Test,success,cdbb660571552715517c6153053f219d00c80c13,2026-08-12 07:19:26+00:00,push,94040700589,"test (windows-latest, 3.14t, no-deprecation, highest, starlette-pypi)",success,192.0,3,15,58,1723,"["".github/labeler.yml"", "".github/latest-changes.yml"", "".github/workflows/labeler.yml""]",0
31573489313,Test,success,cdbb660571552715517c6153053f219d00c80c13,2026-08-12 07:19:26+00:00,push,94040700597,"test (macos-latest, 3.14, no-deprecation, highest, starlette-pypi)",success,56.0,3,15,58,1723,"["".github/labeler.yml"", "".github/latest-changes.yml"", "".github/workflows/labeler.yml""]",0
31573489313,Test,success,cdbb660571552715517c6153053f219d00c80c13,2026-08-12 07:19:26+00:00,push,94040700604,"test (ubuntu-latest, 3.14, highest, starlette-git, test-deprecation, coverage)",success,58.0,3,15,58,1723,"["".github/labeler.yml"", "".github/latest-changes.yml"", "".github/workflows/labeler.yml""]",0
31573489313,Test,success,cdbb660571552715517c6153053f219d00c80c13,2026-08-12 07:19:26+00:00,push,94040700615,"test (windows-latest, 3.14, no-deprecation, highest, starlette-pypi)",success,99.0,3,15,58,1723,"["".github/labeler.yml"", "".github/latest-changes.yml"", "".github/workflows/labeler.yml""]",0
31573489313,Test,success,cdbb660571552715517c6153053f219d00c80c13,2026-08-12 07:19:26+00:00,push,94040700618,"test (macos-latest, 3.14t, no-deprecation, highest, starlette-git)",success,110.0,3,15,58,1723,"["".github/labeler.yml"", "".github/latest-changes.yml"", "".github/workflows/labeler.yml""]",0
31573489313,Test,success,cdbb660571552715517c6153053f219d00c80c13,2026-08-12 07:19:26+00:00,push,94040700624,"test (macos-latest, 3.14t, no-deprecation, highest, starlette-pypi)",success,139.0,3,15,58,1723,"["".github/labeler.yml"", "".github/latest-changes.yml"", "".github/workflows/labeler.yml""]",0
31573489313,Test,success,cdbb660571552715517c6153053f219d00c80c13,2026-08-12 07:19:26+00:00,push,94040700650,"test (macos-latest, 3.10, lowest-direct, no-deprecation, coverage)",success,82.0,3,15,58,1723,"["".github/labeler.yml"", "".github/latest-changes.yml"", "".github/workflows/labeler.yml""]",0
31573489313,Test,success,cdbb660571552715517c6153053f219d00c80c13,2026-08-12 07:19:26+00:00,push,94040700672,"test (windows-latest, 3.14t, no-deprecation, highest, starlette-git)",success,191.0,3,15,58,1723,"["".github/labeler.yml"", "".github/latest-changes.yml"", "".github/workflows/labeler.yml""]",0
31573489313,Test,success,cdbb660571552715517c6153053f219d00c80c13,2026-08-12 07:19:26+00:00,push,94040700677,"test (windows-latest, 3.12, lowest-direct, no-deprecation, coverage)",success,125.0,3,15,58,1723,"["".github/labeler.yml"", "".github/latest-changes.yml"", "".github/workflows/labeler.yml""]",0
31573489313,Test,success,cdbb660571552715517c6153053f219d00c80c13,2026-08-12 07:19:26+00:00,push,94040700702,"test (ubuntu-latest, 3.13, highest, no-deprecation, codspeed)",success,77.0,3,15,58,1723,"["".github/labeler.yml"", "".github/latest-changes.yml"", "".github/workflows/labeler.yml""]",0
31573489313,Test,success,cdbb660571552715517c6153053f219d00c80c13,2026-08-12 07:19:26+00:00,push,94040700742,"test (ubuntu-latest, 3.14t, highest, no-deprecation, coverage)",success,77.0,3,15,58,1723,"["".github/labeler.yml"", "".github/latest-changes.yml"", "".github/workflows/labeler.yml""]",0
31573489313,Test,success,cdbb660571552715517c6153053f219d00c80c13,2026-08-12 07:19:26+00:00,push,94040700761,"test (windows-latest, 3.14, no-deprecation, highest, starlette-git)",success,83.0,3,15,58,1723,"["".github/labeler.yml"", "".github/latest-changes.yml"", "".github/workflows/labeler.yml""]",0
31573489313,Test,success,cdbb660571552715517c6153053f219d00c80c13,2026-08-12 07:19:26+00:00,push,94040700782,"test (ubuntu-latest, 3.13, highest, no-deprecation, coverage)",success,75.0,3,15,58,1723,"["".github/labeler.yml"", "".github/latest-changes.yml"", "".github/workflows/labeler.yml""]",0
31573489313,Test,success,cdbb660571552715517c6153053f219d00c80c13,2026-08-12 07:19:26+00:00,push,94040700830,"test (ubuntu-latest, 3.13, highest, no-deprecation, true)",success,80.0,3,15,58,1723,"["".github/labeler.yml"", "".github/latest-changes.yml"", "".github/workflows/labeler.yml""]",0
31573489313,Test,success,cdbb660571552715517c6153053f219d00c80c13,2026-08-12 07:19:26+00:00,push,94042064471,coverage-combine,success,69.0,3,15,58,1723,"["".github/labeler.yml"", "".github/latest-changes.yml"", "".github/workflows/labeler.yml""]",0
31573489313,Test,success,cdbb660571552715517c6153053f219d00c80c13,2026-08-12 07:19:26+00:00,push,94042322313,test-alls-green,success,6.0,3,15,58,1723,"["".github/labeler.yml"", "".github/latest-changes.yml"", "".github/workflows/labeler.yml""]",0
31573489340,Zizmor,success,cdbb660571552715517c6153053f219d00c80c13,2026-08-12 07:19:26+00:00,push,94040323803,Run zizmor,success,23.0,3,15,58,1723,"["".github/labeler.yml"", "".github/latest-changes.yml"", "".github/workflows/labeler.yml""]",0
31573489384,Notify Translations,success,811cd33c83ac91a11b697c5854394c6933b24299,2026-08-12 07:19:26+00:00,pull_request_target,94040323900,job,success,26.0,3,15,58,1723,"["".github/labeler.yml"", "".github/latest-changes.yml"", "".github/workflows/labeler.yml""]",0
31573489425,Conflict detector,success,cdbb660571552715517c6153053f219d00c80c13,2026-08-12 07:19:26+00:00,push,94040324093,main,success,128.0,3,15,58,1723,"["".github/labeler.yml"", "".github/latest-changes.yml"", "".github/workflows/labeler.yml""]",0
31573489431,Build Docs,success,cdbb660571552715517c6153053f219d00c80c13,2026-08-12 07:19:26+00:00,push,94040324055,changes,success,9.0,3,15,58,1723,"["".github/labeler.yml"", "".github/latest-changes.yml"", "".github/workflows/labeler.yml""]",0
31573489431,Build Docs,success,cdbb660571552715517c6153053f219d00c80c13,2026-08-12 07:19:26+00:00,push,94040388121,docs-all-green,success,2.0,3,15,58,1723,"["".github/labeler.yml"", "".github/latest-changes.yml"", "".github/workflows/labeler.yml""]",0
31573489306,Test Redistribute,success,cdbb660571552715517c6153053f219d00c80c13,2026-08-12 07:19:26+00:00,push,94040323704,test-redistribute,success,52.0,3,15,58,1723,"["".github/labeler.yml"", "".github/latest-changes.yml"", "".github/workflows/labeler.yml""]",0
31573489306,Test Redistribute,success,cdbb660571552715517c6153053f219d00c80c13,2026-08-12 07:19:26+00:00,push,94040594357,test-redistribute-alls-green,success,4.0,3,15,58,1723,"["".github/labeler.yml"", "".github/latest-changes.yml"", "".github/workflows/labeler.yml""]",0
31573489238,Push on master,success,cdbb660571552715517c6153053f219d00c80c13,2026-08-12 07:19:25+00:00,dynamic,94040327035,Analyze (python),success,90.0,3,15,58,1723,"["".github/labeler.yml"", "".github/latest-changes.yml"", "".github/workflows/labeler.yml""]",0
31573489238,Push on master,success,cdbb660571552715517c6153053f219d00c80c13,2026-08-12 07:19:25+00:00,dynamic,94040327059,Analyze (actions),success,49.0,3,15,58,1723,"["".github/labeler.yml"", "".github/latest-changes.yml"", "".github/workflows/labeler.yml""]",0
31573489238,Push on master,success,cdbb660571552715517c6153053f219d00c80c13,2026-08-12 07:19:25+00:00,dynamic,94040327072,Analyze (javascript-typescript),success,77.0,3,15,58,1723,"["".github/labeler.yml"", "".github/latest-changes.yml"", "".github/workflows/labeler.yml""]",0
31570400020,Smokeshow,failure,0e6342d90e62e93d1082280dde87c322ecbc524e,2026-08-12 06:32:44+00:00,workflow_run,94030952768,smokeshow,failure,17.0,1,1,0,682,"[""docs/en/docs/release-notes.md""]",1
31570307438,Deploy Docs,success,0e6342d90e62e93d1082280dde87c322ecbc524e,2026-08-12 06:31:17+00:00,workflow_run,94030667210,deploy-docs,success,23.0,1,1,0,682,"[""docs/en/docs/release-notes.md""]",0
31570203246,Build Docs,success,811cd33c83ac91a11b697c5854394c6933b24299,2026-08-12 06:29:44+00:00,pull_request,94030353712,changes,success,7.0,3,15,58,1723,"["".github/labeler.yml"", "".github/latest-changes.yml"", "".github/workflows/labeler.yml""]",0
31570203246,Build Docs,success,811cd33c83ac91a11b697c5854394c6933b24299,2026-08-12 06:29:44+00:00,pull_request,94030389642,docs-all-green,success,2.0,3,15,58,1723,"["".github/labeler.yml"", "".github/latest-changes.yml"", "".github/workflows/labeler.yml""]",0
31570203382,Test,success,811cd33c83ac91a11b697c5854394c6933b24299,2026-08-12 06:29:44+00:00,pull_request,94030354139,regression-test,success,10.0,3,15,58,1723,"["".github/labeler.yml"", "".github/latest-changes.yml"", "".github/workflows/labeler.yml""]",0
31570203382,Test,success,811cd33c83ac91a11b697c5854394c6933b24299,2026-08-12 06:29:44+00:00,pull_request,94030354182,changes,success,8.0,3,15,58,1723,"["".github/labeler.yml"", "".github/latest-changes.yml"", "".github/workflows/labeler.yml""]",0
31570203382,Test,success,811cd33c83ac91a11b697c5854394c6933b24299,2026-08-12 06:29:44+00:00,pull_request,94030412550,test-alls-green,success,5.0,3,15,58,1723,"["".github/labeler.yml"", "".github/latest-changes.yml"", "".github/workflows/labeler.yml""]",0
31570203236,pre-commit,success,811cd33c83ac91a11b697c5854394c6933b24299,2026-08-12 06:29:44+00:00,pull_request,94030353569,pre-commit,success,51.0,3,15,58,1723,"["".github/labeler.yml"", "".github/latest-changes.yml"", "".github/workflows/labeler.yml""]",0
31570203236,pre-commit,success,811cd33c83ac91a11b697c5854394c6933b24299,2026-08-12 06:29:44+00:00,pull_request,94030540605,pre-commit-alls-green,success,3.0,3,15,58,1723,"["".github/labeler.yml"", "".github/latest-changes.yml"", "".github/workflows/labeler.yml""]",0
31570203218,Test Redistribute,success,811cd33c83ac91a11b697c5854394c6933b24299,2026-08-12 06:29:44+00:00,pull_request,94030353472,test-redistribute,success,60.0,3,15,58,1723,"["".github/labeler.yml"", "".github/latest-changes.yml"", "".github/workflows/labeler.yml""]",0
31570203218,Test Redistribute,success,811cd33c83ac91a11b697c5854394c6933b24299,2026-08-12 06:29:44+00:00,pull_request,94030572415,test-redistribute-alls-green,success,3.0,3,15,58,1723,"["".github/labeler.yml"", "".github/latest-changes.yml"", "".github/workflows/labeler.yml""]",0
31570203494,Labels,success,811cd33c83ac91a11b697c5854394c6933b24299,2026-08-12 06:29:44+00:00,pull_request_target,94030354560,labeler,success,7.0,3,15,58,1723,"["".github/labeler.yml"", "".github/latest-changes.yml"", "".github/workflows/labeler.yml""]",0
31570203489,Add to Project,success,811cd33c83ac91a11b697c5854394c6933b24299,2026-08-12 06:29:44+00:00,pull_request_target,94030354521,Add to project,success,5.0,3,15,58,1723,"["".github/labeler.yml"", "".github/latest-changes.yml"", "".github/workflows/labeler.yml""]",0
31570203258,Zizmor,success,811cd33c83ac91a11b697c5854394c6933b24299,2026-08-12 06:29:44+00:00,pull_request,94030353708,Run zizmor,success,18.0,3,15,58,1723,"["".github/labeler.yml"", "".github/latest-changes.yml"", "".github/workflows/labeler.yml""]",0
31570201980,PR #16185,success,811cd33c83ac91a11b697c5854394c6933b24299,2026-08-12 06:29:43+00:00,dynamic,94030352695,Analyze (actions),success,44.0,3,15,58,1723,"["".github/labeler.yml"", "".github/latest-changes.yml"", "".github/workflows/labeler.yml""]",0
31570201980,PR #16185,success,811cd33c83ac91a11b697c5854394c6933b24299,2026-08-12 06:29:43+00:00,dynamic,94030352738,Analyze (python),success,56.0,3,15,58,1723,"["".github/labeler.yml"", "".github/latest-changes.yml"", "".github/workflows/labeler.yml""]",0
31570201980,PR #16185,success,811cd33c83ac91a11b697c5854394c6933b24299,2026-08-12 06:29:43+00:00,dynamic,94030352793,Analyze (javascript-typescript),success,60.0,3,15,58,1723,"["".github/labeler.yml"", "".github/latest-changes.yml"", "".github/workflows/labeler.yml""]",0
31570136613,Conflict detector,success,811cd33c83ac91a11b697c5854394c6933b24299,2026-08-12 06:28:39+00:00,push,94030151207,main,success,5.0,3,15,58,1723,"["".github/labeler.yml"", "".github/latest-changes.yml"", "".github/workflows/labeler.yml""]",0
31564827015,Issue Manager,success,0e6342d90e62e93d1082280dde87c322ecbc524e,2026-08-12 04:55:21+00:00,issue_comment,94014406029,issue-manager,success,16.0,1,1,0,682,"[""docs/en/docs/release-notes.md""]",0
31548123485,Issue Manager,success,0e6342d90e62e93d1082280dde87c322ecbc524e,2026-08-11 23:52:25+00:00,issue_comment,93964844341,issue-manager,success,20.0,1,1,0,682,"[""docs/en/docs/release-notes.md""]",0
31542287312,Issue Manager,success,0e6342d90e62e93d1082280dde87c322ecbc524e,2026-08-11 22:24:40+00:00,schedule,93947207209,issue-manager,success,17.0,1,1,0,682,"[""docs/en/docs/release-notes.md""]",0
31536923874,Smokeshow,failure,0e6342d90e62e93d1082280dde87c322ecbc524e,2026-08-11 21:14:15+00:00,workflow_run,93930107261,smokeshow,failure,19.0,1,1,0,682,"[""docs/en/docs/release-notes.md""]",1
31536140797,Deploy Docs,success,0e6342d90e62e93d1082280dde87c322ecbc524e,2026-08-11 21:04:40+00:00,workflow_run,93927582345,deploy-docs,success,24.0,1,1,0,682,"[""docs/en/docs/release-notes.md""]",0
31536057474,Push on master,success,0e6342d90e62e93d1082280dde87c322ecbc524e,2026-08-11 21:03:38+00:00,dynamic,93927319495,Analyze (actions),success,48.0,1,1,0,682,"[""docs/en/docs/release-notes.md""]",0
31536057474,Push on master,success,0e6342d90e62e93d1082280dde87c322ecbc524e,2026-08-11 21:03:38+00:00,dynamic,93927319546,Analyze (python),success,97.0,1,1,0,682,"[""docs/en/docs/release-notes.md""]",0
31536057474,Push on master,success,0e6342d90e62e93d1082280dde87c322ecbc524e,2026-08-11 21:03:38+00:00,dynamic,93927319570,Analyze (javascript-typescript),success,75.0,1,1,0,682,"[""docs/en/docs/release-notes.md""]",0
31536053436,Test,cancelled,613089ea60d04188153e2bb68a7f4587399ad012,2026-08-11 21:03:35+00:00,push,93927301553,changes,success,8.0,1,1,1,128,"["".github/workflows/zizmor.yml""]",0
31536053436,Test,cancelled,613089ea60d04188153e2bb68a7f4587399ad012,2026-08-11 21:03:35+00:00,push,93927301585,regression-test,success,6.0,1,1,1,128,"["".github/workflows/zizmor.yml""]",0
31536053436,Test,cancelled,613089ea60d04188153e2bb68a7f4587399ad012,2026-08-11 21:03:35+00:00,push,93927353371,benchmark,success,114.0,1,1,1,128,"["".github/workflows/zizmor.yml""]",0
31536053436,Test,cancelled,613089ea60d04188153e2bb68a7f4587399ad012,2026-08-11 21:03:35+00:00,push,93927353514,"test (windows-latest, 3.14t, no-deprecation, highest, starlette-git)",success,204.0,1,1,1,128,"["".github/workflows/zizmor.yml""]",0
31536053436,Test,cancelled,613089ea60d04188153e2bb68a7f4587399ad012,2026-08-11 21:03:35+00:00,push,93927353531,"test (windows-latest, 3.12, lowest-direct, no-deprecation, coverage)",success,194.0,1,1,1,128,"["".github/workflows/zizmor.yml""]",0
31536053436,Test,cancelled,613089ea60d04188153e2bb68a7f4587399ad012,2026-08-11 21:03:35+00:00,push,93927353585,"test (ubuntu-latest, 3.14, highest, starlette-git, test-deprecation, coverage)",success,64.0,1,1,1,128,"["".github/workflows/zizmor.yml""]",0
31536053436,Test,cancelled,613089ea60d04188153e2bb68a7f4587399ad012,2026-08-11 21:03:35+00:00,push,93927353587,"test (windows-latest, 3.14, no-deprecation, highest, starlette-git)",success,91.0,1,1,1,128,"["".github/workflows/zizmor.yml""]",0
31536053436,Test,cancelled,613089ea60d04188153e2bb68a7f4587399ad012,2026-08-11 21:03:35+00:00,push,93927353588,"test (macos-latest, 3.14t, no-deprecation, highest, starlette-git)",success,119.0,1,1,1,128,"["".github/workflows/zizmor.yml""]",0
31536053436,Test,cancelled,613089ea60d04188153e2bb68a7f4587399ad012,2026-08-11 21:03:35+00:00,push,93927353596,"test (ubuntu-latest, 3.13, highest, no-deprecation, coverage)",success,85.0,1,1,1,128,"["".github/workflows/zizmor.yml""]",0
31536053436,Test,cancelled,613089ea60d04188153e2bb68a7f4587399ad012,2026-08-11 21:03:35+00:00,push,93927353600,"test (macos-latest, 3.10, lowest-direct, no-deprecation, coverage)",success,95.0,1,1,1,128,"["".github/workflows/zizmor.yml""]",0
31536053436,Test,cancelled,613089ea60d04188153e2bb68a7f4587399ad012,2026-08-11 21:03:35+00:00,push,93927353609,"test (ubuntu-latest, 3.13, highest, no-deprecation, true)",success,75.0,1,1,1,128,"["".github/workflows/zizmor.yml""]",0
31536053436,Test,cancelled,613089ea60d04188153e2bb68a7f4587399ad012,2026-08-11 21:03:35+00:00,push,93927353623,"test (macos-latest, 3.14, no-deprecation, highest, starlette-pypi)",success,51.0,1,1,1,128,"["".github/workflows/zizmor.yml""]",0
31536053436,Test,cancelled,613089ea60d04188153e2bb68a7f4587399ad012,2026-08-11 21:03:35+00:00,push,93927353626,"test (windows-latest, 3.14, no-deprecation, highest, starlette-pypi)",success,71.0,1,1,1,128,"["".github/workflows/zizmor.yml""]",0
31536053436,Test,cancelled,613089ea60d04188153e2bb68a7f4587399ad012,2026-08-11 21:03:35+00:00,push,93927353642,"test (macos-latest, 3.14, no-deprecation, highest, starlette-git)",success,70.0,1,1,1,128,"["".github/workflows/zizmor.yml""]",0
31536053436,Test,cancelled,613089ea60d04188153e2bb68a7f4587399ad012,2026-08-11 21:03:35+00:00,push,93927353681,"test (ubuntu-latest, 3.13, highest, no-deprecation, codspeed)",success,69.0,1,1,1,128,"["".github/workflows/zizmor.yml""]",0
31536053436,Test,cancelled,613089ea60d04188153e2bb68a7f4587399ad012,2026-08-11 21:03:35+00:00,push,93927353750,"test (ubuntu-latest, 3.14t, highest, no-deprecation, coverage)",success,88.0,1,1,1,128,"["".github/workflows/zizmor.yml""]",0
31536053436,Test,cancelled,613089ea60d04188153e2bb68a7f4587399ad012,2026-08-11 21:03:35+00:00,push,93927353769,"test (macos-latest, 3.14t, no-deprecation, highest, starlette-pypi)",success,99.0,1,1,1,128,"["".github/workflows/zizmor.yml""]",0
31536053436,Test,cancelled,613089ea60d04188153e2bb68a7f4587399ad012,2026-08-11 21:03:35+00:00,push,93930070679,test-alls-green,failure,2.0,1,1,1,128,"["".github/workflows/zizmor.yml""]",1
31536053308,Notify Translations,success,512eb8cbdfe7dc4891385ccf8f172383949b3732,2026-08-11 21:03:35+00:00,pull_request_target,93927300582,job,success,20.0,1,1,1,128,"["".github/workflows/zizmor.yml""]",0
31536053397,Zizmor,success,613089ea60d04188153e2bb68a7f4587399ad012,2026-08-11 21:03:35+00:00,push,93927300866,Run zizmor,success,25.0,1,1,1,128,"["".github/workflows/zizmor.yml""]",0
31536053434,Test Redistribute,success,613089ea60d04188153e2bb68a7f4587399ad012,2026-08-11 21:03:35+00:00,push,93927302347,test-redistribute,success,57.0,1,1,1,128,"["".github/workflows/zizmor.yml""]",0
31536053434,Test Redistribute,success,613089ea60d04188153e2bb68a7f4587399ad012,2026-08-11 21:03:35+00:00,push,93927570487,test-redistribute-alls-green,success,4.0,1,1,1,128,"["".github/workflows/zizmor.yml""]",0
31536053429,Build Docs,success,613089ea60d04188153e2bb68a7f4587399ad012,2026-08-11 21:03:35+00:00,push,93927301147,changes,success,8.0,1,1,1,128,"["".github/workflows/zizmor.yml""]",0
31536053429,Build Docs,success,613089ea60d04188153e2bb68a7f4587399ad012,2026-08-11 21:03:35+00:00,push,93927356838,docs-all-green,success,4.0,1,1,1,128,"["".github/workflows/zizmor.yml""]",0
31536052683,Push on master,success,613089ea60d04188153e2bb68a7f4587399ad012,2026-08-11 21:03:35+00:00,dynamic,93927304873,Analyze (actions),success,48.0,1,1,1,128,"["".github/workflows/zizmor.yml""]",0
31536052683,Push on master,success,613089ea60d04188153e2bb68a7f4587399ad012,2026-08-11 21:03:35+00:00,dynamic,93927304883,Analyze (javascript-typescript),success,73.0,1,1,1,128,"["".github/workflows/zizmor.yml""]",0
31536052683,Push on master,success,613089ea60d04188153e2bb68a7f4587399ad012,2026-08-11 21:03:35+00:00,dynamic,93927304969,Analyze (python),success,100.0,1,1,1,128,"["".github/workflows/zizmor.yml""]",0
31536053414,Conflict detector,success,613089ea60d04188153e2bb68a7f4587399ad012,2026-08-11 21:03:35+00:00,push,93927301429,main,success,127.0,1,1,1,128,"["".github/workflows/zizmor.yml""]",0
31490728055,Label Approved,success,3e8d1526d83a90aaf7d6eb6dc682bf150f180b25,2026-08-11 12:20:19+00:00,schedule,93776355677,label-approved,success,121.0,1,1,0,661,"[""docs/en/docs/release-notes.md""]",0
31487218103,Notify Translations,success,3c80a0487425ae36d8e452ab4958717cce9bd7d3,2026-08-11 11:34:15+00:00,pull_request_target,93765256069,job,success,19.0,0,0,0,0,[],0
31487218158,Issue Manager,success,3c80a0487425ae36d8e452ab4958717cce9bd7d3,2026-08-11 11:34:15+00:00,pull_request_target,93765256251,issue-manager,success,16.0,0,0,0,0,[],0
31487191902,Notify Translations,success,af7191685770e2f2ee3f698fb0638d6f8738c834,2026-08-11 11:33:52+00:00,pull_request_target,93765172540,job,success,20.0,0,0,0,0,[],0
31487191832,Issue Manager,success,af7191685770e2f2ee3f698fb0638d6f8738c834,2026-08-11 11:33:52+00:00,pull_request_target,93765172435,issue-manager,success,17.0,0,0,0,0,[],0
31487178250,Issue Manager,success,13f3d8ff724180087b9498ee964ba015f75c2c52,2026-08-11 11:33:41+00:00,pull_request_target,93765129928,issue-manager,success,20.0,1,1,1,128,"["".github/workflows/zizmor.yml""]",0
31487178248,Notify Translations,success,13f3d8ff724180087b9498ee964ba015f75c2c52,2026-08-11 11:33:41+00:00,pull_request_target,93765129952,job,success,24.0,1,1,1,128,"["".github/workflows/zizmor.yml""]",0
31475524311,Deploy Docs,success,3e8d1526d83a90aaf7d6eb6dc682bf150f180b25,2026-08-11 08:57:30+00:00,workflow_run,93728216610,deploy-docs,success,22.0,1,1,0,661,"[""docs/en/docs/release-notes.md""]",0
31475521457,Smokeshow,failure,3e8d1526d83a90aaf7d6eb6dc682bf150f180b25,2026-08-11 08:57:28+00:00,workflow_run,93728207750,smokeshow,failure,18.0,1,1,0,661,"[""docs/en/docs/release-notes.md""]",1
31475489821,Add to Project,success,13f3d8ff724180087b9498ee964ba015f75c2c52,2026-08-11 08:57:02+00:00,pull_request_target,93728105529,Add to project,success,4.0,1,1,1,128,"["".github/workflows/zizmor.yml""]",0
31475489797,Labels,success,13f3d8ff724180087b9498ee964ba015f75c2c52,2026-08-11 08:57:02+00:00,pull_request_target,93728105421,labeler,success,6.0,1,1,1,128,"["".github/workflows/zizmor.yml""]",0
31475489954,Zizmor,success,13f3d8ff724180087b9498ee964ba015f75c2c52,2026-08-11 08:57:02+00:00,pull_request,93728105970,Run zizmor,success,17.0,1,1,1,128,"["".github/workflows/zizmor.yml""]",0
31475489856,Build Docs,success,13f3d8ff724180087b9498ee964ba015f75c2c52,2026-08-11 08:57:02+00:00,pull_request,93728105744,changes,success,9.0,1,1,1,128,"["".github/workflows/zizmor.yml""]",0
31475489856,Build Docs,success,13f3d8ff724180087b9498ee964ba015f75c2c52,2026-08-11 08:57:02+00:00,pull_request,93728182262,docs-all-green,success,3.0,1,1,1,128,"["".github/workflows/zizmor.yml""]",0
31475489976,Test,success,13f3d8ff724180087b9498ee964ba015f75c2c52,2026-08-11 08:57:02+00:00,pull_request,93728105962,regression-test,success,13.0,1,1,1,128,"["".github/workflows/zizmor.yml""]",0
31475489976,Test,success,13f3d8ff724180087b9498ee964ba015f75c2c52,2026-08-11 08:57:02+00:00,pull_request,93728106024,changes,success,10.0,1,1,1,128,"["".github/workflows/zizmor.yml""]",0
31475489976,Test,success,13f3d8ff724180087b9498ee964ba015f75c2c52,2026-08-11 08:57:02+00:00,pull_request,93728169162,test-alls-green,success,4.0,1,1,1,128,"["".github/workflows/zizmor.yml""]",0
31475489902,pre-commit,success,13f3d8ff724180087b9498ee964ba015f75c2c52,2026-08-11 08:57:02+00:00,pull_request,93728105804,pre-commit,success,41.0,1,1,1,128,"["".github/workflows/zizmor.yml""]",0
31475489902,pre-commit,success,13f3d8ff724180087b9498ee964ba015f75c2c52,2026-08-11 08:57:02+00:00,pull_request,93728277383,pre-commit-alls-green,success,3.0,1,1,1,128,"["".github/workflows/zizmor.yml""]",0
31475489881,Test Redistribute,success,13f3d8ff724180087b9498ee964ba015f75c2c52,2026-08-11 08:57:02+00:00,pull_request,93728105859,test-redistribute,success,59.0,1,1,1,128,"["".github/workflows/zizmor.yml""]",0
31475489881,Test Redistribute,success,13f3d8ff724180087b9498ee964ba015f75c2c52,2026-08-11 08:57:02+00:00,pull_request,93728355029,test-redistribute-alls-green,success,3.0,1,1,1,128,"["".github/workflows/zizmor.yml""]",0
31437940294,Issue Manager,success,3e8d1526d83a90aaf7d6eb6dc682bf150f180b25,2026-08-10 22:21:21+00:00,schedule,93616235214,issue-manager,success,20.0,1,1,0,661,"[""docs/en/docs/release-notes.md""]",0
31431139949,Smokeshow,success,3e8d1526d83a90aaf7d6eb6dc682bf150f180b25,2026-08-10 20:52:25+00:00,workflow_run,93594576589,smokeshow,success,55.0,1,1,0,661,"[""docs/en/docs/release-notes.md""]",0
31430773165,Deploy Docs,success,3e8d1526d83a90aaf7d6eb6dc682bf150f180b25,2026-08-10 20:47:51+00:00,workflow_run,93593376107,deploy-docs,success,25.0,1,1,0,661,"[""docs/en/docs/release-notes.md""]",0
31430343578,Build Docs,success,d4b62c7f62747d1148ad6bb3fa70d0b143496b74,2026-08-10 20:42:35+00:00,push,93591971429,changes,success,8.0,1,0,17,879,"["".github/workflows/labeler.yml""]",0
31430343578,Build Docs,success,d4b62c7f62747d1148ad6bb3fa70d0b143496b74,2026-08-10 20:42:35+00:00,push,93593065772,docs-all-green,success,4.0,1,0,17,879,"["".github/workflows/labeler.yml""]",0
31430344952,Push on master,success,3e8d1526d83a90aaf7d6eb6dc682bf150f180b25,2026-08-10 20:42:35+00:00,dynamic,93591981332,Analyze (actions),success,42.0,1,1,0,661,"[""docs/en/docs/release-notes.md""]",0
31430344952,Push on master,success,3e8d1526d83a90aaf7d6eb6dc682bf150f180b25,2026-08-10 20:42:35+00:00,dynamic,93591981343,Analyze (javascript-typescript),success,79.0,1,1,0,661,"[""docs/en/docs/release-notes.md""]",0
31430344952,Push on master,success,3e8d1526d83a90aaf7d6eb6dc682bf150f180b25,2026-08-10 20:42:35+00:00,dynamic,93591981476,Analyze (python),success,91.0,1,1,0,661,"[""docs/en/docs/release-notes.md""]",0
31430342706,Conflict detector,success,d4b62c7f62747d1148ad6bb3fa70d0b143496b74,2026-08-10 20:42:34+00:00,push,93591968914,main,success,126.0,1,0,17,879,"["".github/workflows/labeler.yml""]",0
31430342169,Test Redistribute,success,d4b62c7f62747d1148ad6bb3fa70d0b143496b74,2026-08-10 20:42:34+00:00,push,93591966639,test-redistribute,success,56.0,1,0,17,879,"["".github/workflows/labeler.yml""]",0
31430342169,Test Redistribute,success,d4b62c7f62747d1148ad6bb3fa70d0b143496b74,2026-08-10 20:42:34+00:00,push,93592698848,test-redistribute-alls-green,success,5.0,1,0,17,879,"["".github/workflows/labeler.yml""]",0
31430343239,Test,success,d4b62c7f62747d1148ad6bb3fa70d0b143496b74,2026-08-10 20:42:34+00:00,push,93591970507,regression-test,success,3.0,1,0,17,879,"["".github/workflows/labeler.yml""]",0
31430343239,Test,success,d4b62c7f62747d1148ad6bb3fa70d0b143496b74,2026-08-10 20:42:34+00:00,push,93591970578,changes,success,7.0,1,0,17,879,"["".github/workflows/labeler.yml""]",0
31430343239,Test,success,d4b62c7f62747d1148ad6bb3fa70d0b143496b74,2026-08-10 20:42:34+00:00,push,93592501408,benchmark,success,150.0,1,0,17,879,"["".github/workflows/labeler.yml""]",0
31430343239,Test,success,d4b62c7f62747d1148ad6bb3fa70d0b143496b74,2026-08-10 20:42:34+00:00,push,93592501824,"test (macos-latest, 3.14, no-deprecation, highest, starlette-git)",success,47.0,1,0,17,879,"["".github/workflows/labeler.yml""]",0
31430343239,Test,success,d4b62c7f62747d1148ad6bb3fa70d0b143496b74,2026-08-10 20:42:34+00:00,push,93592501836,"test (windows-latest, 3.14, no-deprecation, highest, starlette-git)",success,96.0,1,0,17,879,"["".github/workflows/labeler.yml""]",0
31430343239,Test,success,d4b62c7f62747d1148ad6bb3fa70d0b143496b74,2026-08-10 20:42:34+00:00,push,93592501841,"test (windows-latest, 3.14, no-deprecation, highest, starlette-pypi)",success,78.0,1,0,17,879,"["".github/workflows/labeler.yml""]",0
31430343239,Test,success,d4b62c7f62747d1148ad6bb3fa70d0b143496b74,2026-08-10 20:42:34+00:00,push,93592501851,"test (windows-latest, 3.14t, no-deprecation, highest, starlette-git)",success,190.0,1,0,17,879,"["".github/workflows/labeler.yml""]",0
31430343239,Test,success,d4b62c7f62747d1148ad6bb3fa70d0b143496b74,2026-08-10 20:42:34+00:00,push,93592501867,"test (macos-latest, 3.14t, no-deprecation, highest, starlette-git)",success,152.0,1,0,17,879,"["".github/workflows/labeler.yml""]",0
31430343239,Test,success,d4b62c7f62747d1148ad6bb3fa70d0b143496b74,2026-08-10 20:42:34+00:00,push,93592501877,"test (windows-latest, 3.14t, no-deprecation, highest, starlette-pypi)",success,202.0,1,0,17,879,"["".github/workflows/labeler.yml""]",0
31430343239,Test,success,d4b62c7f62747d1148ad6bb3fa70d0b143496b74,2026-08-10 20:42:34+00:00,push,93592501880,"test (macos-latest, 3.14t, no-deprecation, highest, starlette-pypi)",success,94.0,1,0,17,879,"["".github/workflows/labeler.yml""]",0
31430343239,Test,success,d4b62c7f62747d1148ad6bb3fa70d0b143496b74,2026-08-10 20:42:34+00:00,push,93592501884,"test (ubuntu-latest, 3.13, highest, no-deprecation, coverage)",success,76.0,1,0,17,879,"["".github/workflows/labeler.yml""]",0
31430343239,Test,success,d4b62c7f62747d1148ad6bb3fa70d0b143496b74,2026-08-10 20:42:34+00:00,push,93592501890,"test (windows-latest, 3.12, lowest-direct, no-deprecation, coverage)",success,129.0,1,0,17,879,"["".github/workflows/labeler.yml""]",0
31430343239,Test,success,d4b62c7f62747d1148ad6bb3fa70d0b143496b74,2026-08-10 20:42:34+00:00,push,93592501901,"test (ubuntu-latest, 3.13, highest, no-deprecation, codspeed)",success,77.0,1,0,17,879,"["".github/workflows/labeler.yml""]",0
31430343239,Test,success,d4b62c7f62747d1148ad6bb3fa70d0b143496b74,2026-08-10 20:42:34+00:00,push,93592501914,"test (macos-latest, 3.14, no-deprecation, highest, starlette-pypi)",success,50.0,1,0,17,879,"["".github/workflows/labeler.yml""]",0
31430343239,Test,success,d4b62c7f62747d1148ad6bb3fa70d0b143496b74,2026-08-10 20:42:34+00:00,push,93592501929,"test (ubuntu-latest, 3.13, highest, no-deprecation, true)",success,73.0,1,0,17,879,"["".github/workflows/labeler.yml""]",0
31430343239,Test,success,d4b62c7f62747d1148ad6bb3fa70d0b143496b74,2026-08-10 20:42:34+00:00,push,93592501946,"test (macos-latest, 3.10, lowest-direct, no-deprecation, coverage)",success,85.0,1,0,17,879,"["".github/workflows/labeler.yml""]",0
31430343239,Test,success,d4b62c7f62747d1148ad6bb3fa70d0b143496b74,2026-08-10 20:42:34+00:00,push,93592501969,"test (ubuntu-latest, 3.14t, highest, no-deprecation, coverage)",success,73.0,1,0,17,879,"["".github/workflows/labeler.yml""]",0
31430343239,Test,success,d4b62c7f62747d1148ad6bb3fa70d0b143496b74,2026-08-10 20:42:34+00:00,push,93592502095,"test (ubuntu-latest, 3.14, highest, starlette-git, test-deprecation, coverage)",success,60.0,1,0,17,879,"["".github/workflows/labeler.yml""]",0
31430343239,Test,success,d4b62c7f62747d1148ad6bb3fa70d0b143496b74,2026-08-10 20:42:34+00:00,push,93594199365,coverage-combine,success,65.0,1,0,17,879,"["".github/workflows/labeler.yml""]",0
31430343239,Test,success,d4b62c7f62747d1148ad6bb3fa70d0b143496b74,2026-08-10 20:42:34+00:00,push,93594527729,test-alls-green,success,4.0,1,0,17,879,"["".github/workflows/labeler.yml""]",0
31430341057,Notify Translations,success,5acc0374b02134cbf3623972df18c5e71acbe942,2026-08-10 20:42:33+00:00,pull_request_target,93591963458,job,success,24.0,1,0,17,879,"["".github/workflows/labeler.yml""]",0
31430339520,Push on master,success,d4b62c7f62747d1148ad6bb3fa70d0b143496b74,2026-08-10 20:42:32+00:00,dynamic,93591963762,Analyze (python),success,92.0,1,0,17,879,"["".github/workflows/labeler.yml""]",0
31430339520,Push on master,success,d4b62c7f62747d1148ad6bb3fa70d0b143496b74,2026-08-10 20:42:32+00:00,dynamic,93591963786,Analyze (actions),success,47.0,1,0,17,879,"["".github/workflows/labeler.yml""]",0
31430339520,Push on master,success,d4b62c7f62747d1148ad6bb3fa70d0b143496b74,2026-08-10 20:42:32+00:00,dynamic,93591963834,Analyze (javascript-typescript),success,67.0,1,0,17,879,"["".github/workflows/labeler.yml""]",0
31429760673,Smokeshow,failure,a9134f62683a7df133cd901b748169879e53dac4,2026-08-10 20:35:21+00:00,workflow_run,93590004721,smokeshow,failure,21.0,1,1,0,667,"[""docs/en/docs/release-notes.md""]",1
31429711077,Deploy Docs,success,a9134f62683a7df133cd901b748169879e53dac4,2026-08-10 20:34:47+00:00,workflow_run,93589852668,deploy-docs,success,27.0,1,1,0,667,"[""docs/en/docs/release-notes.md""]",0
31429364143,Notify Translations,success,5acc0374b02134cbf3623972df18c5e71acbe942,2026-08-10 20:30:29+00:00,pull_request_target,93588711523,job,success,26.0,1,0,17,879,"["".github/workflows/labeler.yml""]",0
31429364127,Issue Manager,success,5acc0374b02134cbf3623972df18c5e71acbe942,2026-08-10 20:30:29+00:00,pull_request_target,93588711218,issue-manager,success,14.0,1,0,17,879,"["".github/workflows/labeler.yml""]",0
31429364131,Labels,success,5acc0374b02134cbf3623972df18c5e71acbe942,2026-08-10 20:30:29+00:00,pull_request_target,93588711830,labeler,success,5.0,1,0,17,879,"["".github/workflows/labeler.yml""]",0
31429364131,Labels,success,5acc0374b02134cbf3623972df18c5e71acbe942,2026-08-10 20:30:29+00:00,pull_request_target,93589802873,check-labels,success,46.0,1,0,17,879,"["".github/workflows/labeler.yml""]",0
31429287476,Add to Project,success,5acc0374b02134cbf3623972df18c5e71acbe942,2026-08-10 20:29:33+00:00,pull_request_target,93588452086,Add to project,success,4.0,1,0,17,879,"["".github/workflows/labeler.yml""]",0
31429287674,Zizmor,success,5acc0374b02134cbf3623972df18c5e71acbe942,2026-08-10 20:29:33+00:00,pull_request,93588453264,Run zizmor,success,20.0,1,0,17,879,"["".github/workflows/labeler.yml""]",0
31429287185,pre-commit,success,5acc0374b02134cbf3623972df18c5e71acbe942,2026-08-10 20:29:33+00:00,pull_request,93588451387,pre-commit,success,37.0,1,0,17,879,"["".github/workflows/labeler.yml""]",0
31429287185,pre-commit,success,5acc0374b02134cbf3623972df18c5e71acbe942,2026-08-10 20:29:33+00:00,pull_request,93589296852,pre-commit-alls-green,success,6.0,1,0,17,879,"["".github/workflows/labeler.yml""]",0
31429287738,Build Docs,success,5acc0374b02134cbf3623972df18c5e71acbe942,2026-08-10 20:29:33+00:00,pull_request,93588453693,changes,success,7.0,1,0,17,879,"["".github/workflows/labeler.yml""]",0
31429287738,Build Docs,success,5acc0374b02134cbf3623972df18c5e71acbe942,2026-08-10 20:29:33+00:00,pull_request,93589785728,docs-all-green,success,2.0,1,0,17,879,"["".github/workflows/labeler.yml""]",0
31429287574,Test Redistribute,success,5acc0374b02134cbf3623972df18c5e71acbe942,2026-08-10 20:29:33+00:00,pull_request,93588452889,test-redistribute,success,66.0,1,0,17,879,"["".github/workflows/labeler.yml""]",0
31429287574,Test Redistribute,success,5acc0374b02134cbf3623972df18c5e71acbe942,2026-08-10 20:29:33+00:00,pull_request,93589557253,test-redistribute-alls-green,success,5.0,1,0,17,879,"["".github/workflows/labeler.yml""]",0
31429287542,Labels,success,5acc0374b02134cbf3623972df18c5e71acbe942,2026-08-10 20:29:33+00:00,pull_request_target,93588454928,labeler,success,5.0,1,0,17,879,"["".github/workflows/labeler.yml""]",0
31429287542,Labels,success,5acc0374b02134cbf3623972df18c5e71acbe942,2026-08-10 20:29:33+00:00,pull_request_target,93589269790,check-labels,success,43.0,1,0,17,879,"["".github/workflows/labeler.yml""]",0
31429287481,Test,success,5acc0374b02134cbf3623972df18c5e71acbe942,2026-08-10 20:29:33+00:00,pull_request,93588452533,changes,success,10.0,1,0,17,879,"["".github/workflows/labeler.yml""]",0
31429287481,Test,success,5acc0374b02134cbf3623972df18c5e71acbe942,2026-08-10 20:29:33+00:00,pull_request,93588452553,regression-test,success,12.0,1,0,17,879,"["".github/workflows/labeler.yml""]",0
31429287481,Test,success,5acc0374b02134cbf3623972df18c5e71acbe942,2026-08-10 20:29:33+00:00,pull_request,93589944291,test-alls-green,success,4.0,1,0,17,879,"["".github/workflows/labeler.yml""]",0
31429282631,PR #16180,success,5acc0374b02134cbf3623972df18c5e71acbe942,2026-08-10 20:29:30+00:00,dynamic,93588444725,Analyze (python),success,60.0,1,0,17,879,"["".github/workflows/labeler.yml""]",0
31429282631,PR #16180,success,5acc0374b02134cbf3623972df18c5e71acbe942,2026-08-10 20:29:30+00:00,dynamic,93588444778,Analyze (javascript-typescript),success,56.0,1,0,17,879,"["".github/workflows/labeler.yml""]",0
31429282631,PR #16180,success,5acc0374b02134cbf3623972df18c5e71acbe942,2026-08-10 20:29:30+00:00,dynamic,93588445011,Analyze (actions),success,43.0,1,0,17,879,"["".github/workflows/labeler.yml""]",0
31429211778,Conflict detector,success,5acc0374b02134cbf3623972df18c5e71acbe942,2026-08-10 20:28:37+00:00,push,93588215486,main,success,3.0,1,0,17,879,"["".github/workflows/labeler.yml""]",0
31425453898,Issue Manager,success,a9134f62683a7df133cd901b748169879e53dac4,2026-08-10 19:42:55+00:00,issue_comment,93575952220,issue-manager,success,10.0,1,1,0,667,"[""docs/en/docs/release-notes.md""]",0
31425453994,Notify Translations,success,c26b1cf5a7b8beda7f63bd1ba8a71ef707791d7b,2026-08-10 19:42:55+00:00,pull_request_target,93575952312,job,success,24.0,1,1,1,204,"[""docs_src/custom_response/tutorial006c_py310.py""]",0
31418532439,Smokeshow,success,a9134f62683a7df133cd901b748169879e53dac4,2026-08-10 18:19:59+00:00,workflow_run,93553337659,smokeshow,success,75.0,1,1,0,667,"[""docs/en/docs/release-notes.md""]",0
31418347441,Issue Manager,success,a9134f62683a7df133cd901b748169879e53dac4,2026-08-10 18:17:46+00:00,issue_comment,93552711104,issue-manager,success,16.0,1,1,0,667,"[""docs/en/docs/release-notes.md""]",0
31418302405,Deploy Docs,success,a9134f62683a7df133cd901b748169879e53dac4,2026-08-10 18:17:13+00:00,workflow_run,93552557427,deploy-docs,success,66.0,1,1,0,667,"[""docs/en/docs/release-notes.md""]",0
31418076424,Zizmor,success,c26b1cf5a7b8beda7f63bd1ba8a71ef707791d7b,2026-08-10 18:14:34+00:00,pull_request,93551821709,Run zizmor,success,25.0,1,1,1,204,"[""docs_src/custom_response/tutorial006c_py310.py""]",0
31418076508,pre-commit,success,c26b1cf5a7b8beda7f63bd1ba8a71ef707791d7b,2026-08-10 18:14:34+00:00,pull_request,93551822038,pre-commit,success,42.0,1,1,1,204,"[""docs_src/custom_response/tutorial006c_py310.py""]",0
31418076508,pre-commit,success,c26b1cf5a7b8beda7f63bd1ba8a71ef707791d7b,2026-08-10 18:14:34+00:00,pull_request,93552034062,pre-commit-alls-green,success,3.0,1,1,1,204,"[""docs_src/custom_response/tutorial006c_py310.py""]",0
31418076434,Test Redistribute,success,c26b1cf5a7b8beda7f63bd1ba8a71ef707791d7b,2026-08-10 18:14:34+00:00,pull_request,93551821913,test-redistribute,success,58.0,1,1,1,204,"[""docs_src/custom_response/tutorial006c_py310.py""]",0
31418076434,Test Redistribute,success,c26b1cf5a7b8beda7f63bd1ba8a71ef707791d7b,2026-08-10 18:14:34+00:00,pull_request,93552136378,test-redistribute-alls-green,success,3.0,1,1,1,204,"[""docs_src/custom_response/tutorial006c_py310.py""]",0
31418076487,Build Docs,success,c26b1cf5a7b8beda7f63bd1ba8a71ef707791d7b,2026-08-10 18:14:34+00:00,pull_request,93551822022,changes,success,9.0,1,1,1,204,"[""docs_src/custom_response/tutorial006c_py310.py""]",0
31418076487,Build Docs,success,c26b1cf5a7b8beda7f63bd1ba8a71ef707791d7b,2026-08-10 18:14:34+00:00,pull_request,93551909516,langs,success,18.0,1,1,1,204,"[""docs_src/custom_response/tutorial006c_py310.py""]",0
31418076487,Build Docs,success,c26b1cf5a7b8beda7f63bd1ba8a71ef707791d7b,2026-08-10 18:14:34+00:00,pull_request,93552078125,build-docs (de),success,46.0,1,1,1,204,"[""docs_src/custom_response/tutorial006c_py310.py""]",0
31418076487,Build Docs,success,c26b1cf5a7b8beda7f63bd1ba8a71ef707791d7b,2026-08-10 18:14:34+00:00,pull_request,93552078176,build-docs (es),success,35.0,1,1,1,204,"[""docs_src/custom_response/tutorial006c_py310.py""]",0
31418076487,Build Docs,success,c26b1cf5a7b8beda7f63bd1ba8a71ef707791d7b,2026-08-10 18:14:34+00:00,pull_request,93552078182,build-docs (en),success,32.0,1,1,1,204,"[""docs_src/custom_response/tutorial006c_py310.py""]",0
31418076487,Build Docs,success,c26b1cf5a7b8beda7f63bd1ba8a71ef707791d7b,2026-08-10 18:14:34+00:00,pull_request,93552078188,build-docs (ja),success,43.0,1,1,1,204,"[""docs_src/custom_response/tutorial006c_py310.py""]",0
31418076487,Build Docs,success,c26b1cf5a7b8beda7f63bd1ba8a71ef707791d7b,2026-08-10 18:14:34+00:00,pull_request,93552078220,build-docs (uk),success,44.0,1,1,1,204,"[""docs_src/custom_response/tutorial006c_py310.py""]",0
31418076487,Build Docs,success,c26b1cf5a7b8beda7f63bd1ba8a71ef707791d7b,2026-08-10 18:14:34+00:00,pull_request,93552078223,build-docs (hi),success,44.0,1,1,1,204,"[""docs_src/custom_response/tutorial006c_py310.py""]",0
31418076487,Build Docs,success,c26b1cf5a7b8beda7f63bd1ba8a71ef707791d7b,2026-08-10 18:14:34+00:00,pull_request,93552078284,build-docs (zh-hant),success,41.0,1,1,1,204,"[""docs_src/custom_response/tutorial006c_py310.py""]",0
31418076487,Build Docs,success,c26b1cf5a7b8beda7f63bd1ba8a71ef707791d7b,2026-08-10 18:14:34+00:00,pull_request,93552078286,build-docs (zh),success,43.0,1,1,1,204,"[""docs_src/custom_response/tutorial006c_py310.py""]",0
31418076487,Build Docs,success,c26b1cf5a7b8beda7f63bd1ba8a71ef707791d7b,2026-08-10 18:14:34+00:00,pull_request,93552078293,build-docs (fr),success,43.0,1,1,1,204,"[""docs_src/custom_response/tutorial006c_py310.py""]",0
31418076487,Build Docs,success,c26b1cf5a7b8beda7f63bd1ba8a71ef707791d7b,2026-08-10 18:14:34+00:00,pull_request,93552078295,build-docs (tr),success,36.0,1,1,1,204,"[""docs_src/custom_response/tutorial006c_py310.py""]",0
31418076487,Build Docs,success,c26b1cf5a7b8beda7f63bd1ba8a71ef707791d7b,2026-08-10 18:14:34+00:00,pull_request,93552078300,build-docs (pt),success,34.0,1,1,1,204,"[""docs_src/custom_response/tutorial006c_py310.py""]",0
31418076487,Build Docs,success,c26b1cf5a7b8beda7f63bd1ba8a71ef707791d7b,2026-08-10 18:14:34+00:00,pull_request,93552078301,build-docs (ko),success,37.0,1,1,1,204,"[""docs_src/custom_response/tutorial006c_py310.py""]",0
31418076487,Build Docs,success,c26b1cf5a7b8beda7f63bd1ba8a71ef707791d7b,2026-08-10 18:14:34+00:00,pull_request,93552078316,build-docs (ru),success,43.0,1,1,1,204,"[""docs_src/custom_response/tutorial006c_py310.py""]",0
31418076487,Build Docs,success,c26b1cf5a7b8beda7f63bd1ba8a71ef707791d7b,2026-08-10 18:14:34+00:00,pull_request,93552459799,docs-all-green,success,2.0,1,1,1,204,"[""docs_src/custom_response/tutorial006c_py310.py""]",0
31418076414,Test,success,c26b1cf5a7b8beda7f63bd1ba8a71ef707791d7b,2026-08-10 18:14:34+00:00,pull_request,93551821756,changes,success,7.0,1,1,1,204,"[""docs_src/custom_response/tutorial006c_py310.py""]",0
31418076414,Test,success,c26b1cf5a7b8beda7f63bd1ba8a71ef707791d7b,2026-08-10 18:14:34+00:00,pull_request,93551821817,regression-test,success,12.0,1,1,1,204,"[""docs_src/custom_response/tutorial006c_py310.py""]",0
31418076414,Test,success,c26b1cf5a7b8beda7f63bd1ba8a71ef707791d7b,2026-08-10 18:14:34+00:00,pull_request,93551866350,benchmark,success,154.0,1,1,1,204,"[""docs_src/custom_response/tutorial006c_py310.py""]",0
31418076414,Test,success,c26b1cf5a7b8beda7f63bd1ba8a71ef707791d7b,2026-08-10 18:14:34+00:00,pull_request,93551866669,"test (windows-latest, 3.14, no-deprecation, highest, starlette-git)",success,95.0,1,1,1,204,"[""docs_src/custom_response/tutorial006c_py310.py""]",0
31418076414,Test,success,c26b1cf5a7b8beda7f63bd1ba8a71ef707791d7b,2026-08-10 18:14:34+00:00,pull_request,93551866690,"test (ubuntu-latest, 3.13, highest, no-deprecation, codspeed)",success,72.0,1,1,1,204,"[""docs_src/custom_response/tutorial006c_py310.py""]",0
31418076414,Test,success,c26b1cf5a7b8beda7f63bd1ba8a71ef707791d7b,2026-08-10 18:14:34+00:00,pull_request,93551866703,"test (windows-latest, 3.14t, no-deprecation, highest, starlette-git)",success,188.0,1,1,1,204,"[""docs_src/custom_response/tutorial006c_py310.py""]",0
31418076414,Test,success,c26b1cf5a7b8beda7f63bd1ba8a71ef707791d7b,2026-08-10 18:14:34+00:00,pull_request,93551866714,"test (macos-latest, 3.14t, no-deprecation, highest, starlette-pypi)",success,151.0,1,1,1,204,"[""docs_src/custom_response/tutorial006c_py310.py""]",0
31418076414,Test,success,c26b1cf5a7b8beda7f63bd1ba8a71ef707791d7b,2026-08-10 18:14:34+00:00,pull_request,93551866722,"test (macos-latest, 3.10, lowest-direct, no-deprecation, coverage)",success,96.0,1,1,1,204,"[""docs_src/custom_response/tutorial006c_py310.py""]",0
31418076414,Test,success,c26b1cf5a7b8beda7f63bd1ba8a71ef707791d7b,2026-08-10 18:14:34+00:00,pull_request,93551866725,"test (windows-latest, 3.14, no-deprecation, highest, starlette-pypi)",success,84.0,1,1,1,204,"[""docs_src/custom_response/tutorial006c_py310.py""]",0
31418076414,Test,success,c26b1cf5a7b8beda7f63bd1ba8a71ef707791d7b,2026-08-10 18:14:34+00:00,pull_request,93551866728,"test (macos-latest, 3.14t, no-deprecation, highest, starlette-git)",success,128.0,1,1,1,204,"[""docs_src/custom_response/tutorial006c_py310.py""]",0
31418076414,Test,success,c26b1cf5a7b8beda7f63bd1ba8a71ef707791d7b,2026-08-10 18:14:34+00:00,pull_request,93551866729,"test (ubuntu-latest, 3.13, highest, no-deprecation, true)",success,63.0,1,1,1,204,"[""docs_src/custom_response/tutorial006c_py310.py""]",0
31418076414,Test,success,c26b1cf5a7b8beda7f63bd1ba8a71ef707791d7b,2026-08-10 18:14:34+00:00,pull_request,93551866738,"test (macos-latest, 3.14, no-deprecation, highest, starlette-pypi)",success,68.0,1,1,1,204,"[""docs_src/custom_response/tutorial006c_py310.py""]",0
31418076414,Test,success,c26b1cf5a7b8beda7f63bd1ba8a71ef707791d7b,2026-08-10 18:14:34+00:00,pull_request,93551866754,"test (macos-latest, 3.14, no-deprecation, highest, starlette-git)",success,52.0,1,1,1,204,"[""docs_src/custom_response/tutorial006c_py310.py""]",0
31418076414,Test,success,c26b1cf5a7b8beda7f63bd1ba8a71ef707791d7b,2026-08-10 18:14:34+00:00,pull_request,93551866767,"test (windows-latest, 3.12, lowest-direct, no-deprecation, coverage)",success,137.0,1,1,1,204,"[""docs_src/custom_response/tutorial006c_py310.py""]",0
31418076414,Test,success,c26b1cf5a7b8beda7f63bd1ba8a71ef707791d7b,2026-08-10 18:14:34+00:00,pull_request,93551866803,"test (ubuntu-latest, 3.14t, highest, no-deprecation, coverage)",success,78.0,1,1,1,204,"[""docs_src/custom_response/tutorial006c_py310.py""]",0
31418076414,Test,success,c26b1cf5a7b8beda7f63bd1ba8a71ef707791d7b,2026-08-10 18:14:34+00:00,pull_request,93551866818,"test (ubuntu-latest, 3.14, highest, starlette-git, test-deprecation, coverage)",success,57.0,1,1,1,204,"[""docs_src/custom_response/tutorial006c_py310.py""]",0
31418076414,Test,success,c26b1cf5a7b8beda7f63bd1ba8a71ef707791d7b,2026-08-10 18:14:34+00:00,pull_request,93551866824,"test (windows-latest, 3.14t, no-deprecation, highest, starlette-pypi)",success,217.0,1,1,1,204,"[""docs_src/custom_response/tutorial006c_py310.py""]",0
31418076414,Test,success,c26b1cf5a7b8beda7f63bd1ba8a71ef707791d7b,2026-08-10 18:14:34+00:00,pull_request,93551866909,"test (ubuntu-latest, 3.13, highest, no-deprecation, coverage)",success,61.0,1,1,1,204,"[""docs_src/custom_response/tutorial006c_py310.py""]",0
31418076414,Test,success,c26b1cf5a7b8beda7f63bd1ba8a71ef707791d7b,2026-08-10 18:14:34+00:00,pull_request,93552935467,coverage-combine,success,63.0,1,1,1,204,"[""docs_src/custom_response/tutorial006c_py310.py""]",0
31418076414,Test,success,c26b1cf5a7b8beda7f63bd1ba8a71ef707791d7b,2026-08-10 18:14:34+00:00,pull_request,93553272330,test-alls-green,success,6.0,1,1,1,204,"[""docs_src/custom_response/tutorial006c_py310.py""]",0
31418074651,Add to Project,success,c26b1cf5a7b8beda7f63bd1ba8a71ef707791d7b,2026-08-10 18:14:33+00:00,pull_request_target,93551816066,Add to project,success,4.0,1,1,1,204,"[""docs_src/custom_response/tutorial006c_py310.py""]",0
31418074605,Labels,success,c26b1cf5a7b8beda7f63bd1ba8a71ef707791d7b,2026-08-10 18:14:33+00:00,pull_request_target,93551815804,labeler,success,5.0,1,1,1,204,"[""docs_src/custom_response/tutorial006c_py310.py""]",0
31418074605,Labels,success,c26b1cf5a7b8beda7f63bd1ba8a71ef707791d7b,2026-08-10 18:14:33+00:00,pull_request_target,93551853482,check-labels,success,37.0,1,1,1,204,"[""docs_src/custom_response/tutorial006c_py310.py""]",0
31417410390,Smokeshow,failure,a9134f62683a7df133cd901b748169879e53dac4,2026-08-10 18:06:36+00:00,workflow_run,93549569183,smokeshow,failure,19.0,1,1,0,667,"[""docs/en/docs/release-notes.md""]",1
31417402697,Deploy Docs,success,a9134f62683a7df133cd901b748169879e53dac4,2026-08-10 18:06:30+00:00,workflow_run,93549543415,deploy-docs,success,30.0,1,1,0,667,"[""docs/en/docs/release-notes.md""]",0
31417373238,Labels,success,512eb8cbdfe7dc4891385ccf8f172383949b3732,2026-08-10 18:06:09+00:00,pull_request_target,93549449012,labeler,success,4.0,1,1,1,128,"["".github/workflows/zizmor.yml""]",0
31417373238,Labels,success,512eb8cbdfe7dc4891385ccf8f172383949b3732,2026-08-10 18:06:09+00:00,pull_request_target,93549481431,check-labels,success,38.0,1,1,1,128,"["".github/workflows/zizmor.yml""]",0
31417372611,Build Docs,success,512eb8cbdfe7dc4891385ccf8f172383949b3732,2026-08-10 18:06:08+00:00,pull_request,93549447860,changes,success,9.0,1,1,1,128,"["".github/workflows/zizmor.yml""]",0
31417372611,Build Docs,success,512eb8cbdfe7dc4891385ccf8f172383949b3732,2026-08-10 18:06:08+00:00,pull_request,93549505398,docs-all-green,success,2.0,1,1,1,128,"["".github/workflows/zizmor.yml""]",0
31417372148,Notify Translations,success,512eb8cbdfe7dc4891385ccf8f172383949b3732,2026-08-10 18:06:08+00:00,pull_request_target,93549445373,job,success,31.0,1,1,1,128,"["".github/workflows/zizmor.yml""]",0
31417372536,pre-commit,success,512eb8cbdfe7dc4891385ccf8f172383949b3732,2026-08-10 18:06:08+00:00,pull_request,93549446905,pre-commit,success,49.0,1,1,1,128,"["".github/workflows/zizmor.yml""]",0
31417372536,pre-commit,success,512eb8cbdfe7dc4891385ccf8f172383949b3732,2026-08-10 18:06:08+00:00,pull_request,93549683497,pre-commit-alls-green,success,3.0,1,1,1,128,"["".github/workflows/zizmor.yml""]",0
31417372304,Test Redistribute,success,512eb8cbdfe7dc4891385ccf8f172383949b3732,2026-08-10 18:06:08+00:00,pull_request,93549446083,test-redistribute,success,57.0,1,1,1,128,"["".github/workflows/zizmor.yml""]",0
31417372304,Test Redistribute,success,512eb8cbdfe7dc4891385ccf8f172383949b3732,2026-08-10 18:06:08+00:00,pull_request,93549740617,test-redistribute-alls-green,success,6.0,1,1,1,128,"["".github/workflows/zizmor.yml""]",0
31417372345,Zizmor,success,512eb8cbdfe7dc4891385ccf8f172383949b3732,2026-08-10 18:06:08+00:00,pull_request,93549446527,Run zizmor,success,22.0,1,1,1,128,"["".github/workflows/zizmor.yml""]",0
31417372597,Test,success,512eb8cbdfe7dc4891385ccf8f172383949b3732,2026-08-10 18:06:08+00:00,pull_request,93549447256,changes,success,9.0,1,1,1,128,"["".github/workflows/zizmor.yml""]",0
31417372597,Test,success,512eb8cbdfe7dc4891385ccf8f172383949b3732,2026-08-10 18:06:08+00:00,pull_request,93549447309,regression-test,success,14.0,1,1,1,128,"["".github/workflows/zizmor.yml""]",0
31417372597,Test,success,512eb8cbdfe7dc4891385ccf8f172383949b3732,2026-08-10 18:06:08+00:00,pull_request,93549524949,test-alls-green,success,3.0,1,1,1,128,"["".github/workflows/zizmor.yml""]",0
31417371352,Issue Manager,success,512eb8cbdfe7dc4891385ccf8f172383949b3732,2026-08-10 18:06:07+00:00,pull_request_target,93549442898,issue-manager,success,16.0,1,1,1,128,"["".github/workflows/zizmor.yml""]",0
31417369393,Add to Project,success,512eb8cbdfe7dc4891385ccf8f172383949b3732,2026-08-10 18:06:06+00:00,pull_request_target,93549436447,Add to project,success,6.0,1,1,1,128,"["".github/workflows/zizmor.yml""]",0
31417369344,Labels,success,512eb8cbdfe7dc4891385ccf8f172383949b3732,2026-08-10 18:06:06+00:00,pull_request_target,93549436246,labeler,success,6.0,1,1,1,128,"["".github/workflows/zizmor.yml""]",0
31417369344,Labels,success,512eb8cbdfe7dc4891385ccf8f172383949b3732,2026-08-10 18:06:06+00:00,pull_request_target,93549504663,check-labels,success,36.0,1,1,1,128,"["".github/workflows/zizmor.yml""]",0
31417366363,PR #16178,success,512eb8cbdfe7dc4891385ccf8f172383949b3732,2026-08-10 18:06:04+00:00,dynamic,93549433599,Analyze (javascript-typescript),success,58.0,1,1,1,128,"["".github/workflows/zizmor.yml""]",0
31417366363,PR #16178,success,512eb8cbdfe7dc4891385ccf8f172383949b3732,2026-08-10 18:06:04+00:00,dynamic,93549433604,Analyze (actions),success,40.0,1,1,1,128,"["".github/workflows/zizmor.yml""]",0
31417366363,PR #16178,success,512eb8cbdfe7dc4891385ccf8f172383949b3732,2026-08-10 18:06:04+00:00,dynamic,93549433630,Analyze (python),success,63.0,1,1,1,128,"["".github/workflows/zizmor.yml""]",0
31417177210,Conflict detector,success,512eb8cbdfe7dc4891385ccf8f172383949b3732,2026-08-10 18:03:54+00:00,push,93548840667,main,success,5.0,1,1,1,128,"["".github/workflows/zizmor.yml""]",0
31387560553,Label Approved,success,a9134f62683a7df133cd901b748169879e53dac4,2026-08-10 12:20:32+00:00,schedule,93451360199,label-approved,success,103.0,1,1,0,667,"[""docs/en/docs/release-notes.md""]",0
31384533023,Smokeshow,success,a9134f62683a7df133cd901b748169879e53dac4,2026-08-10 11:40:21+00:00,workflow_run,93441893283,smokeshow,success,66.0,1,1,0,667,"[""docs/en/docs/release-notes.md""]",0
31384254603,Deploy Docs,success,a9134f62683a7df133cd901b748169879e53dac4,2026-08-10 11:36:32+00:00,workflow_run,93441028887,deploy-docs,success,26.0,1,1,0,667,"[""docs/en/docs/release-notes.md""]",0
31384203400,Zizmor,success,5dae38570f9aaf506479e25beb3eef7228d6bd09,2026-08-10 11:35:50+00:00,pull_request,93440872071,Run zizmor,success,18.0,2,115,6,5656,"[""fastapi/routing.py"", ""tests/test_route_scope.py""]",0
31384203308,Build Docs,success,5dae38570f9aaf506479e25beb3eef7228d6bd09,2026-08-10 11:35:50+00:00,pull_request,93440871811,changes,success,8.0,2,115,6,5656,"[""fastapi/routing.py"", ""tests/test_route_scope.py""]",0
31384203308,Build Docs,success,5dae38570f9aaf506479e25beb3eef7228d6bd09,2026-08-10 11:35:50+00:00,pull_request,93440918551,docs-all-green,success,2.0,2,115,6,5656,"[""fastapi/routing.py"", ""tests/test_route_scope.py""]",0
31384203267,pre-commit,success,5dae38570f9aaf506479e25beb3eef7228d6bd09,2026-08-10 11:35:50+00:00,pull_request,93440871449,pre-commit,success,53.0,2,115,6,5656,"[""fastapi/routing.py"", ""tests/test_route_scope.py""]",0
31384203267,pre-commit,success,5dae38570f9aaf506479e25beb3eef7228d6bd09,2026-08-10 11:35:50+00:00,pull_request,93441084852,pre-commit-alls-green,success,5.0,2,115,6,5656,"[""fastapi/routing.py"", ""tests/test_route_scope.py""]",0
31384203333,Test Redistribute,success,5dae38570f9aaf506479e25beb3eef7228d6bd09,2026-08-10 11:35:50+00:00,pull_request,93440871846,test-redistribute,success,62.0,2,115,6,5656,"[""fastapi/routing.py"", ""tests/test_route_scope.py""]",0
31384203333,Test Redistribute,success,5dae38570f9aaf506479e25beb3eef7228d6bd09,2026-08-10 11:35:50+00:00,pull_request,93441144482,test-redistribute-alls-green,success,4.0,2,115,6,5656,"[""fastapi/routing.py"", ""tests/test_route_scope.py""]",0
31384203290,Test,success,5dae38570f9aaf506479e25beb3eef7228d6bd09,2026-08-10 11:35:50+00:00,pull_request,93440871540,changes,success,5.0,2,115,6,5656,"[""fastapi/routing.py"", ""tests/test_route_scope.py""]",0
31384203290,Test,success,5dae38570f9aaf506479e25beb3eef7228d6bd09,2026-08-10 11:35:50+00:00,pull_request,93440871598,regression-test,success,25.0,2,115,6,5656,"[""fastapi/routing.py"", ""tests/test_route_scope.py""]",0
31384203290,Test,success,5dae38570f9aaf506479e25beb3eef7228d6bd09,2026-08-10 11:35:50+00:00,pull_request,93440901527,benchmark,success,156.0,2,115,6,5656,"[""fastapi/routing.py"", ""tests/test_route_scope.py""]",0
31384203290,Test,success,5dae38570f9aaf506479e25beb3eef7228d6bd09,2026-08-10 11:35:50+00:00,pull_request,93440901918,"test (macos-latest, 3.14, no-deprecation, highest, starlette-git)",success,61.0,2,115,6,5656,"[""fastapi/routing.py"", ""tests/test_route_scope.py""]",0
31384203290,Test,success,5dae38570f9aaf506479e25beb3eef7228d6bd09,2026-08-10 11:35:50+00:00,pull_request,93440901950,"test (macos-latest, 3.14, no-deprecation, highest, starlette-pypi)",success,54.0,2,115,6,5656,"[""fastapi/routing.py"", ""tests/test_route_scope.py""]",0
31384203290,Test,success,5dae38570f9aaf506479e25beb3eef7228d6bd09,2026-08-10 11:35:50+00:00,pull_request,93440901963,"test (macos-latest, 3.14t, no-deprecation, highest, starlette-pypi)",success,106.0,2,115,6,5656,"[""fastapi/routing.py"", ""tests/test_route_scope.py""]",0
31384203290,Test,success,5dae38570f9aaf506479e25beb3eef7228d6bd09,2026-08-10 11:35:50+00:00,pull_request,93440901966,"test (windows-latest, 3.14, no-deprecation, highest, starlette-git)",success,99.0,2,115,6,5656,"[""fastapi/routing.py"", ""tests/test_route_scope.py""]",0
31384203290,Test,success,5dae38570f9aaf506479e25beb3eef7228d6bd09,2026-08-10 11:35:50+00:00,pull_request,93440901972,"test (windows-latest, 3.14t, no-deprecation, highest, starlette-pypi)",success,174.0,2,115,6,5656,"[""fastapi/routing.py"", ""tests/test_route_scope.py""]",0
31384203290,Test,success,5dae38570f9aaf506479e25beb3eef7228d6bd09,2026-08-10 11:35:50+00:00,pull_request,93440901988,"test (windows-latest, 3.14t, no-deprecation, highest, starlette-git)",success,185.0,2,115,6,5656,"[""fastapi/routing.py"", ""tests/test_route_scope.py""]",0
31384203290,Test,success,5dae38570f9aaf506479e25beb3eef7228d6bd09,2026-08-10 11:35:50+00:00,pull_request,93440901989,"test (ubuntu-latest, 3.13, highest, no-deprecation, codspeed)",success,76.0,2,115,6,5656,"[""fastapi/routing.py"", ""tests/test_route_scope.py""]",0
31384203290,Test,success,5dae38570f9aaf506479e25beb3eef7228d6bd09,2026-08-10 11:35:50+00:00,pull_request,93440902003,"test (windows-latest, 3.12, lowest-direct, no-deprecation, coverage)",success,116.0,2,115,6,5656,"[""fastapi/routing.py"", ""tests/test_route_scope.py""]",0
31384203290,Test,success,5dae38570f9aaf506479e25beb3eef7228d6bd09,2026-08-10 11:35:50+00:00,pull_request,93440902007,"test (windows-latest, 3.14, no-deprecation, highest, starlette-pypi)",success,96.0,2,115,6,5656,"[""fastapi/routing.py"", ""tests/test_route_scope.py""]",0
31384203290,Test,success,5dae38570f9aaf506479e25beb3eef7228d6bd09,2026-08-10 11:35:50+00:00,pull_request,93440902042,"test (macos-latest, 3.10, lowest-direct, no-deprecation, coverage)",success,101.0,2,115,6,5656,"[""fastapi/routing.py"", ""tests/test_route_scope.py""]",0
31384203290,Test,success,5dae38570f9aaf506479e25beb3eef7228d6bd09,2026-08-10 11:35:50+00:00,pull_request,93440902062,"test (ubuntu-latest, 3.13, highest, no-deprecation, true)",success,78.0,2,115,6,5656,"[""fastapi/routing.py"", ""tests/test_route_scope.py""]",0
31384203290,Test,success,5dae38570f9aaf506479e25beb3eef7228d6bd09,2026-08-10 11:35:50+00:00,pull_request,93440902077,"test (ubuntu-latest, 3.13, highest, no-deprecation, coverage)",success,73.0,2,115,6,5656,"[""fastapi/routing.py"", ""tests/test_route_scope.py""]",0
31384203290,Test,success,5dae38570f9aaf506479e25beb3eef7228d6bd09,2026-08-10 11:35:50+00:00,pull_request,93440902083,"test (ubuntu-latest, 3.14t, highest, no-deprecation, coverage)",success,81.0,2,115,6,5656,"[""fastapi/routing.py"", ""tests/test_route_scope.py""]",0
31384203290,Test,success,5dae38570f9aaf506479e25beb3eef7228d6bd09,2026-08-10 11:35:50+00:00,pull_request,93440902116,"test (macos-latest, 3.14t, no-deprecation, highest, starlette-git)",success,123.0,2,115,6,5656,"[""fastapi/routing.py"", ""tests/test_route_scope.py""]",0
31384203290,Test,success,5dae38570f9aaf506479e25beb3eef7228d6bd09,2026-08-10 11:35:50+00:00,pull_request,93440902214,"test (ubuntu-latest, 3.14, highest, starlette-git, test-deprecation, coverage)",success,65.0,2,115,6,5656,"[""fastapi/routing.py"", ""tests/test_route_scope.py""]",0
31384203290,Test,success,5dae38570f9aaf506479e25beb3eef7228d6bd09,2026-08-10 11:35:50+00:00,pull_request,93441618238,coverage-combine,success,61.0,2,115,6,5656,"[""fastapi/routing.py"", ""tests/test_route_scope.py""]",0
31384203290,Test,success,5dae38570f9aaf506479e25beb3eef7228d6bd09,2026-08-10 11:35:50+00:00,pull_request,93441854483,test-alls-green,success,3.0,2,115,6,5656,"[""fastapi/routing.py"", ""tests/test_route_scope.py""]",0
31384201677,Conflict detector,success,5dae38570f9aaf506479e25beb3eef7228d6bd09,2026-08-10 11:35:49+00:00,pull_request_target,93440866370,main,success,3.0,2,115,6,5656,"[""fastapi/routing.py"", ""tests/test_route_scope.py""]",0
31384201748,Add to Project,success,5dae38570f9aaf506479e25beb3eef7228d6bd09,2026-08-10 11:35:49+00:00,pull_request_target,93440866631,Add to project,success,4.0,2,115,6,5656,"[""fastapi/routing.py"", ""tests/test_route_scope.py""]",0
31384201738,Labels,failure,5dae38570f9aaf506479e25beb3eef7228d6bd09,2026-08-10 11:35:49+00:00,pull_request_target,93440866920,labeler,success,4.0,2,115,6,5656,"[""fastapi/routing.py"", ""tests/test_route_scope.py""]",0
31384201738,Labels,failure,5dae38570f9aaf506479e25beb3eef7228d6bd09,2026-08-10 11:35:49+00:00,pull_request_target,93440897601,check-labels,failure,40.0,2,115,6,5656,"[""fastapi/routing.py"", ""tests/test_route_scope.py""]",1
31383965590,Smokeshow,success,a9134f62683a7df133cd901b748169879e53dac4,2026-08-10 11:32:37+00:00,workflow_run,93440131135,smokeshow,success,48.0,1,1,0,667,"[""docs/en/docs/release-notes.md""]",0
31383667187,Deploy Docs,success,a9134f62683a7df133cd901b748169879e53dac4,2026-08-10 11:28:34+00:00,workflow_run,93439200166,deploy-docs,success,27.0,1,1,0,667,"[""docs/en/docs/release-notes.md""]",0
31383619299,pre-commit,failure,7de83b4babc0f55eb97a97f59bbd68e3fcf32928,2026-08-10 11:27:55+00:00,pull_request,93439047187,pre-commit,failure,38.0,2,112,6,5594,"[""fastapi/routing.py"", ""tests/test_route_scope.py""]",1
31383619299,pre-commit,failure,7de83b4babc0f55eb97a97f59bbd68e3fcf32928,2026-08-10 11:27:55+00:00,pull_request,93439203921,pre-commit-alls-green,failure,2.0,2,112,6,5594,"[""fastapi/routing.py"", ""tests/test_route_scope.py""]",1
31383619415,Build Docs,success,7de83b4babc0f55eb97a97f59bbd68e3fcf32928,2026-08-10 11:27:55+00:00,pull_request,93439047654,changes,success,9.0,2,112,6,5594,"[""fastapi/routing.py"", ""tests/test_route_scope.py""]",0
31383619415,Build Docs,success,7de83b4babc0f55eb97a97f59bbd68e3fcf32928,2026-08-10 11:27:55+00:00,pull_request,93439098352,docs-all-green,success,3.0,2,112,6,5594,"[""fastapi/routing.py"", ""tests/test_route_scope.py""]",0
31383619317,Test Redistribute,success,7de83b4babc0f55eb97a97f59bbd68e3fcf32928,2026-08-10 11:27:55+00:00,pull_request,93439047060,test-redistribute,success,55.0,2,112,6,5594,"[""fastapi/routing.py"", ""tests/test_route_scope.py""]",0
31383619317,Test Redistribute,success,7de83b4babc0f55eb97a97f59bbd68e3fcf32928,2026-08-10 11:27:55+00:00,pull_request,93439267307,test-redistribute-alls-green,success,4.0,2,112,6,5594,"[""fastapi/routing.py"", ""tests/test_route_scope.py""]",0
31383619295,Test,success,7de83b4babc0f55eb97a97f59bbd68e3fcf32928,2026-08-10 11:27:55+00:00,pull_request,93439047059,regression-test,success,27.0,2,112,6,5594,"[""fastapi/routing.py"", ""tests/test_route_scope.py""]",0
31383619295,Test,success,7de83b4babc0f55eb97a97f59bbd68e3fcf32928,2026-08-10 11:27:55+00:00,pull_request,93439047081,changes,success,6.0,2,112,6,5594,"[""fastapi/routing.py"", ""tests/test_route_scope.py""]",0
31383619295,Test,success,7de83b4babc0f55eb97a97f59bbd68e3fcf32928,2026-08-10 11:27:55+00:00,pull_request,93439082137,benchmark,success,159.0,2,112,6,5594,"[""fastapi/routing.py"", ""tests/test_route_scope.py""]",0
31383619295,Test,success,7de83b4babc0f55eb97a97f59bbd68e3fcf32928,2026-08-10 11:27:55+00:00,pull_request,93439082370,"test (windows-latest, 3.14, no-deprecation, highest, starlette-pypi)",success,95.0,2,112,6,5594,"[""fastapi/routing.py"", ""tests/test_route_scope.py""]",0
31383619295,Test,success,7de83b4babc0f55eb97a97f59bbd68e3fcf32928,2026-08-10 11:27:55+00:00,pull_request,93439082374,"test (windows-latest, 3.14, no-deprecation, highest, starlette-git)",success,82.0,2,112,6,5594,"[""fastapi/routing.py"", ""tests/test_route_scope.py""]",0
31383619295,Test,success,7de83b4babc0f55eb97a97f59bbd68e3fcf32928,2026-08-10 11:27:55+00:00,pull_request,93439082389,"test (macos-latest, 3.14, no-deprecation, highest, starlette-pypi)",success,60.0,2,112,6,5594,"[""fastapi/routing.py"", ""tests/test_route_scope.py""]",0
31383619295,Test,success,7de83b4babc0f55eb97a97f59bbd68e3fcf32928,2026-08-10 11:27:55+00:00,pull_request,93439082408,"test (macos-latest, 3.14t, no-deprecation, highest, starlette-git)",success,134.0,2,112,6,5594,"[""fastapi/routing.py"", ""tests/test_route_scope.py""]",0
31383619295,Test,success,7de83b4babc0f55eb97a97f59bbd68e3fcf32928,2026-08-10 11:27:55+00:00,pull_request,93439082409,"test (macos-latest, 3.14, no-deprecation, highest, starlette-git)",success,56.0,2,112,6,5594,"[""fastapi/routing.py"", ""tests/test_route_scope.py""]",0
31383619295,Test,success,7de83b4babc0f55eb97a97f59bbd68e3fcf32928,2026-08-10 11:27:55+00:00,pull_request,93439082410,"test (windows-latest, 3.14t, no-deprecation, highest, starlette-git)",success,162.0,2,112,6,5594,"[""fastapi/routing.py"", ""tests/test_route_scope.py""]",0
31383619295,Test,success,7de83b4babc0f55eb97a97f59bbd68e3fcf32928,2026-08-10 11:27:55+00:00,pull_request,93439082412,"test (ubuntu-latest, 3.14t, highest, no-deprecation, coverage)",success,86.0,2,112,6,5594,"[""fastapi/routing.py"", ""tests/test_route_scope.py""]",0
31383619295,Test,success,7de83b4babc0f55eb97a97f59bbd68e3fcf32928,2026-08-10 11:27:55+00:00,pull_request,93439082414,"test (ubuntu-latest, 3.13, highest, no-deprecation, codspeed)",success,70.0,2,112,6,5594,"[""fastapi/routing.py"", ""tests/test_route_scope.py""]",0
31383619295,Test,success,7de83b4babc0f55eb97a97f59bbd68e3fcf32928,2026-08-10 11:27:55+00:00,pull_request,93439082418,"test (ubuntu-latest, 3.13, highest, no-deprecation, coverage)",success,81.0,2,112,6,5594,"[""fastapi/routing.py"", ""tests/test_route_scope.py""]",0
31383619295,Test,success,7de83b4babc0f55eb97a97f59bbd68e3fcf32928,2026-08-10 11:27:55+00:00,pull_request,93439082419,"test (windows-latest, 3.14t, no-deprecation, highest, starlette-pypi)",success,187.0,2,112,6,5594,"[""fastapi/routing.py"", ""tests/test_route_scope.py""]",0
31383619295,Test,success,7de83b4babc0f55eb97a97f59bbd68e3fcf32928,2026-08-10 11:27:55+00:00,pull_request,93439082435,"test (macos-latest, 3.10, lowest-direct, no-deprecation, coverage)",success,102.0,2,112,6,5594,"[""fastapi/routing.py"", ""tests/test_route_scope.py""]",0
31383619295,Test,success,7de83b4babc0f55eb97a97f59bbd68e3fcf32928,2026-08-10 11:27:55+00:00,pull_request,93439082439,"test (windows-latest, 3.12, lowest-direct, no-deprecation, coverage)",success,128.0,2,112,6,5594,"[""fastapi/routing.py"", ""tests/test_route_scope.py""]",0
31383619295,Test,success,7de83b4babc0f55eb97a97f59bbd68e3fcf32928,2026-08-10 11:27:55+00:00,pull_request,93439082459,"test (ubuntu-latest, 3.13, highest, no-deprecation, true)",success,66.0,2,112,6,5594,"[""fastapi/routing.py"", ""tests/test_route_scope.py""]",0
31383619295,Test,success,7de83b4babc0f55eb97a97f59bbd68e3fcf32928,2026-08-10 11:27:55+00:00,pull_request,93439082472,"test (macos-latest, 3.14t, no-deprecation, highest, starlette-pypi)",success,100.0,2,112,6,5594,"[""fastapi/routing.py"", ""tests/test_route_scope.py""]",0
31383619295,Test,success,7de83b4babc0f55eb97a97f59bbd68e3fcf32928,2026-08-10 11:27:55+00:00,pull_request,93439082488,"test (ubuntu-latest, 3.14, highest, starlette-git, test-deprecation, coverage)",success,65.0,2,112,6,5594,"[""fastapi/routing.py"", ""tests/test_route_scope.py""]",0
31383619295,Test,success,7de83b4babc0f55eb97a97f59bbd68e3fcf32928,2026-08-10 11:27:55+00:00,pull_request,93439813678,coverage-combine,success,72.0,2,112,6,5594,"[""fastapi/routing.py"", ""tests/test_route_scope.py""]",0
31383619295,Test,success,7de83b4babc0f55eb97a97f59bbd68e3fcf32928,2026-08-10 11:27:55+00:00,pull_request,93440097847,test-alls-green,success,3.0,2,112,6,5594,"[""fastapi/routing.py"", ""tests/test_route_scope.py""]",0
31383619297,Zizmor,success,7de83b4babc0f55eb97a97f59bbd68e3fcf32928,2026-08-10 11:27:55+00:00,pull_request,93439046990,Run zizmor,success,21.0,2,112,6,5594,"[""fastapi/routing.py"", ""tests/test_route_scope.py""]",0
31383618657,Labels,failure,7de83b4babc0f55eb97a97f59bbd68e3fcf32928,2026-08-10 11:27:54+00:00,pull_request_target,93439044654,labeler,success,7.0,2,112,6,5594,"[""fastapi/routing.py"", ""tests/test_route_scope.py""]",0
31383618657,Labels,failure,7de83b4babc0f55eb97a97f59bbd68e3fcf32928,2026-08-10 11:27:54+00:00,pull_request_target,93439083212,check-labels,failure,40.0,2,112,6,5594,"[""fastapi/routing.py"", ""tests/test_route_scope.py""]",1
31383618666,Conflict detector,success,7de83b4babc0f55eb97a97f59bbd68e3fcf32928,2026-08-10 11:27:54+00:00,pull_request_target,93439044591,main,success,4.0,2,112,6,5594,"[""fastapi/routing.py"", ""tests/test_route_scope.py""]",0
31383618935,Add to Project,success,7de83b4babc0f55eb97a97f59bbd68e3fcf32928,2026-08-10 11:27:54+00:00,pull_request_target,93439045718,Add to project,success,5.0,2,112,6,5594,"[""fastapi/routing.py"", ""tests/test_route_scope.py""]",0
31383513602,Smokeshow,success,a9134f62683a7df133cd901b748169879e53dac4,2026-08-10 11:26:28+00:00,workflow_run,93438714336,smokeshow,success,49.0,1,1,0,667,"[""docs/en/docs/release-notes.md""]",0
31383349662,Smokeshow,success,a9134f62683a7df133cd901b748169879e53dac4,2026-08-10 11:24:18+00:00,workflow_run,93438203917,smokeshow,success,64.0,1,1,0,667,"[""docs/en/docs/release-notes.md""]",0
31383249075,Issue Manager,success,a9134f62683a7df133cd901b748169879e53dac4,2026-08-10 11:22:56+00:00,issue_comment,93437884640,issue-manager,success,16.0,1,1,0,667,"[""docs/en/docs/release-notes.md""]",0
31383156210,Deploy Docs,success,a9134f62683a7df133cd901b748169879e53dac4,2026-08-10 11:21:37+00:00,workflow_run,93437584884,deploy-docs,success,26.0,1,1,0,667,"[""docs/en/docs/release-notes.md""]",0
31383122817,Zizmor,success,9dc1719fa9562daa8f7bccd18297852e55819cf7,2026-08-10 11:21:09+00:00,pull_request,93437481101,Run zizmor,success,25.0,1,1,3,633,"[""fastapi/routing.py""]",0
31383122705,Build Docs,success,9dc1719fa9562daa8f7bccd18297852e55819cf7,2026-08-10 11:21:09+00:00,pull_request,93437481030,changes,success,7.0,1,1,3,633,"[""fastapi/routing.py""]",0
31383122705,Build Docs,success,9dc1719fa9562daa8f7bccd18297852e55819cf7,2026-08-10 11:21:09+00:00,pull_request,93437541716,docs-all-green,success,5.0,1,1,3,633,"[""fastapi/routing.py""]",0
31383122713,Test,success,9dc1719fa9562daa8f7bccd18297852e55819cf7,2026-08-10 11:21:09+00:00,pull_request,93437480952,regression-test,success,20.0,1,1,3,633,"[""fastapi/routing.py""]",0
31383122713,Test,success,9dc1719fa9562daa8f7bccd18297852e55819cf7,2026-08-10 11:21:09+00:00,pull_request,93437480983,changes,success,9.0,1,1,3,633,"[""fastapi/routing.py""]",0
31383122713,Test,success,9dc1719fa9562daa8f7bccd18297852e55819cf7,2026-08-10 11:21:09+00:00,pull_request,93437548149,benchmark,success,149.0,1,1,3,633,"[""fastapi/routing.py""]",0
31383122713,Test,success,9dc1719fa9562daa8f7bccd18297852e55819cf7,2026-08-10 11:21:09+00:00,pull_request,93437548397,"test (windows-latest, 3.14, no-deprecation, highest, starlette-pypi)",success,79.0,1,1,3,633,"[""fastapi/routing.py""]",0
31383122713,Test,success,9dc1719fa9562daa8f7bccd18297852e55819cf7,2026-08-10 11:21:09+00:00,pull_request,93437548399,"test (windows-latest, 3.14t, no-deprecation, highest, starlette-git)",success,195.0,1,1,3,633,"[""fastapi/routing.py""]",0
31383122713,Test,success,9dc1719fa9562daa8f7bccd18297852e55819cf7,2026-08-10 11:21:09+00:00,pull_request,93437548400,"test (windows-latest, 3.14, no-deprecation, highest, starlette-git)",success,94.0,1,1,3,633,"[""fastapi/routing.py""]",0
31383122713,Test,success,9dc1719fa9562daa8f7bccd18297852e55819cf7,2026-08-10 11:21:09+00:00,pull_request,93437548408,"test (windows-latest, 3.14t, no-deprecation, highest, starlette-pypi)",success,212.0,1,1,3,633,"[""fastapi/routing.py""]",0
31383122713,Test,success,9dc1719fa9562daa8f7bccd18297852e55819cf7,2026-08-10 11:21:09+00:00,pull_request,93437548420,"test (windows-latest, 3.12, lowest-direct, no-deprecation, coverage)",success,136.0,1,1,3,633,"[""fastapi/routing.py""]",0
31383122713,Test,success,9dc1719fa9562daa8f7bccd18297852e55819cf7,2026-08-10 11:21:09+00:00,pull_request,93437548425,"test (ubuntu-latest, 3.13, highest, no-deprecation, true)",success,78.0,1,1,3,633,"[""fastapi/routing.py""]",0
31383122713,Test,success,9dc1719fa9562daa8f7bccd18297852e55819cf7,2026-08-10 11:21:09+00:00,pull_request,93437548426,"test (macos-latest, 3.14, no-deprecation, highest, starlette-pypi)",success,62.0,1,1,3,633,"[""fastapi/routing.py""]",0
31383122713,Test,success,9dc1719fa9562daa8f7bccd18297852e55819cf7,2026-08-10 11:21:09+00:00,pull_request,93437548429,"test (macos-latest, 3.14t, no-deprecation, highest, starlette-git)",success,124.0,1,1,3,633,"[""fastapi/routing.py""]",0
31383122713,Test,success,9dc1719fa9562daa8f7bccd18297852e55819cf7,2026-08-10 11:21:09+00:00,pull_request,93437548432,"test (macos-latest, 3.14t, no-deprecation, highest, starlette-pypi)",success,149.0,1,1,3,633,"[""fastapi/routing.py""]",0
31383122713,Test,success,9dc1719fa9562daa8f7bccd18297852e55819cf7,2026-08-10 11:21:09+00:00,pull_request,93437548433,"test (ubuntu-latest, 3.14t, highest, no-deprecation, coverage)",success,78.0,1,1,3,633,"[""fastapi/routing.py""]",0
31383122713,Test,success,9dc1719fa9562daa8f7bccd18297852e55819cf7,2026-08-10 11:21:09+00:00,pull_request,93437548434,"test (ubuntu-latest, 3.13, highest, no-deprecation, codspeed)",success,74.0,1,1,3,633,"[""fastapi/routing.py""]",0
31383122713,Test,success,9dc1719fa9562daa8f7bccd18297852e55819cf7,2026-08-10 11:21:09+00:00,pull_request,93437548436,"test (ubuntu-latest, 3.13, highest, no-deprecation, coverage)",success,77.0,1,1,3,633,"[""fastapi/routing.py""]",0
31383122713,Test,success,9dc1719fa9562daa8f7bccd18297852e55819cf7,2026-08-10 11:21:09+00:00,pull_request,93437548439,"test (macos-latest, 3.10, lowest-direct, no-deprecation, coverage)",success,104.0,1,1,3,633,"[""fastapi/routing.py""]",0
31383122713,Test,success,9dc1719fa9562daa8f7bccd18297852e55819cf7,2026-08-10 11:21:09+00:00,pull_request,93437548440,"test (ubuntu-latest, 3.14, highest, starlette-git, test-deprecation, coverage)",success,67.0,1,1,3,633,"[""fastapi/routing.py""]",0
31383122713,Test,success,9dc1719fa9562daa8f7bccd18297852e55819cf7,2026-08-10 11:21:09+00:00,pull_request,93437548574,"test (macos-latest, 3.14, no-deprecation, highest, starlette-git)",success,64.0,1,1,3,633,"[""fastapi/routing.py""]",0
31383122713,Test,success,9dc1719fa9562daa8f7bccd18297852e55819cf7,2026-08-10 11:21:09+00:00,pull_request,93438412313,coverage-combine,success,58.0,1,1,3,633,"[""fastapi/routing.py""]",0
31383122713,Test,success,9dc1719fa9562daa8f7bccd18297852e55819cf7,2026-08-10 11:21:09+00:00,pull_request,93438652179,test-alls-green,success,3.0,1,1,3,633,"[""fastapi/routing.py""]",0
31383121993,Add to Project,success,9dc1719fa9562daa8f7bccd18297852e55819cf7,2026-08-10 11:21:08+00:00,pull_request_target,93437478572,Add to project,success,3.0,1,1,3,633,"[""fastapi/routing.py""]",0
31383122049,Labels,failure,9dc1719fa9562daa8f7bccd18297852e55819cf7,2026-08-10 11:21:08+00:00,pull_request_target,93437478556,labeler,success,4.0,1,1,3,633,"[""fastapi/routing.py""]",0
31383122049,Labels,failure,9dc1719fa9562daa8f7bccd18297852e55819cf7,2026-08-10 11:21:08+00:00,pull_request_target,93437505025,check-labels,failure,47.0,1,1,3,633,"[""fastapi/routing.py""]",1
31383122619,pre-commit,failure,9dc1719fa9562daa8f7bccd18297852e55819cf7,2026-08-10 11:21:08+00:00,pull_request,93437480292,pre-commit,failure,40.0,1,1,3,633,"[""fastapi/routing.py""]",1
31383122619,pre-commit,failure,9dc1719fa9562daa8f7bccd18297852e55819cf7,2026-08-10 11:21:08+00:00,pull_request,93437641345,pre-commit-alls-green,failure,6.0,1,1,3,633,"[""fastapi/routing.py""]",1
31383122631,Test Redistribute,success,9dc1719fa9562daa8f7bccd18297852e55819cf7,2026-08-10 11:21:08+00:00,pull_request,93437480602,test-redistribute,success,56.0,1,1,3,633,"[""fastapi/routing.py""]",0
31383122631,Test Redistribute,success,9dc1719fa9562daa8f7bccd18297852e55819cf7,2026-08-10 11:21:08+00:00,pull_request,93437702074,test-redistribute-alls-green,success,3.0,1,1,3,633,"[""fastapi/routing.py""]",0
31383122123,Conflict detector,success,9dc1719fa9562daa8f7bccd18297852e55819cf7,2026-08-10 11:21:08+00:00,pull_request_target,93437478923,main,success,5.0,1,1,3,633,"[""fastapi/routing.py""]",0
31383044521,Deploy Docs,success,a9134f62683a7df133cd901b748169879e53dac4,2026-08-10 11:20:05+00:00,workflow_run,93437239590,deploy-docs,success,29.0,1,1,0,667,"[""docs/en/docs/release-notes.md""]",0
31383021482,Build Docs,success,7c07d83064311d2f5fedd9d44e407960dbd167bf,2026-08-10 11:19:45+00:00,pull_request,93437171076,changes,success,7.0,2,114,6,5642,"[""fastapi/routing.py"", ""tests/test_route_scope.py""]",0
31383021482,Build Docs,success,7c07d83064311d2f5fedd9d44e407960dbd167bf,2026-08-10 11:19:45+00:00,pull_request,93437208980,docs-all-green,success,3.0,2,114,6,5642,"[""fastapi/routing.py"", ""tests/test_route_scope.py""]",0
31383021521,Add to Project,success,7c07d83064311d2f5fedd9d44e407960dbd167bf,2026-08-10 11:19:45+00:00,pull_request_target,93437171079,Add to project,success,6.0,2,114,6,5642,"[""fastapi/routing.py"", ""tests/test_route_scope.py""]",0
31383021326,Zizmor,success,7c07d83064311d2f5fedd9d44e407960dbd167bf,2026-08-10 11:19:45+00:00,pull_request,93437169935,Run zizmor,success,23.0,2,114,6,5642,"[""fastapi/routing.py"", ""tests/test_route_scope.py""]",0
31383021480,pre-commit,failure,7c07d83064311d2f5fedd9d44e407960dbd167bf,2026-08-10 11:19:45+00:00,pull_request,93437170734,pre-commit,failure,49.0,2,114,6,5642,"[""fastapi/routing.py"", ""tests/test_route_scope.py""]",1
31383021480,pre-commit,failure,7c07d83064311d2f5fedd9d44e407960dbd167bf,2026-08-10 11:19:45+00:00,pull_request,93437389229,pre-commit-alls-green,failure,6.0,2,114,6,5642,"[""fastapi/routing.py"", ""tests/test_route_scope.py""]",1
31383021435,Test Redistribute,success,7c07d83064311d2f5fedd9d44e407960dbd167bf,2026-08-10 11:19:45+00:00,pull_request,93437170579,test-redistribute,success,58.0,2,114,6,5642,"[""fastapi/routing.py"", ""tests/test_route_scope.py""]",0
31383021435,Test Redistribute,success,7c07d83064311d2f5fedd9d44e407960dbd167bf,2026-08-10 11:19:45+00:00,pull_request,93437399215,test-redistribute-alls-green,success,3.0,2,114,6,5642,"[""fastapi/routing.py"", ""tests/test_route_scope.py""]",0
31383021278,Labels,failure,7c07d83064311d2f5fedd9d44e407960dbd167bf,2026-08-10 11:19:45+00:00,pull_request_target,93437170126,labeler,success,4.0,2,114,6,5642,"[""fastapi/routing.py"", ""tests/test_route_scope.py""]",0
31383021278,Labels,failure,7c07d83064311d2f5fedd9d44e407960dbd167bf,2026-08-10 11:19:45+00:00,pull_request_target,93437198555,check-labels,failure,38.0,2,114,6,5642,"[""fastapi/routing.py"", ""tests/test_route_scope.py""]",1
31383021378,Test,success,7c07d83064311d2f5fedd9d44e407960dbd167bf,2026-08-10 11:19:45+00:00,pull_request,93437171012,changes,success,8.0,2,114,6,5642,"[""fastapi/routing.py"", ""tests/test_route_scope.py""]",0
31383021378,Test,success,7c07d83064311d2f5fedd9d44e407960dbd167bf,2026-08-10 11:19:45+00:00,pull_request,93437171071,regression-test,success,41.0,2,114,6,5642,"[""fastapi/routing.py"", ""tests/test_route_scope.py""]",0
31383021378,Test,success,7c07d83064311d2f5fedd9d44e407960dbd167bf,2026-08-10 11:19:45+00:00,pull_request,93437211683,benchmark,success,153.0,2,114,6,5642,"[""fastapi/routing.py"", ""tests/test_route_scope.py""]",0
31383021378,Test,success,7c07d83064311d2f5fedd9d44e407960dbd167bf,2026-08-10 11:19:45+00:00,pull_request,93437211962,"test (macos-latest, 3.14, no-deprecation, highest, starlette-git)",success,50.0,2,114,6,5642,"[""fastapi/routing.py"", ""tests/test_route_scope.py""]",0
31383021378,Test,success,7c07d83064311d2f5fedd9d44e407960dbd167bf,2026-08-10 11:19:45+00:00,pull_request,93437211973,"test (macos-latest, 3.14, no-deprecation, highest, starlette-pypi)",success,59.0,2,114,6,5642,"[""fastapi/routing.py"", ""tests/test_route_scope.py""]",0
31383021378,Test,success,7c07d83064311d2f5fedd9d44e407960dbd167bf,2026-08-10 11:19:45+00:00,pull_request,93437211980,"test (macos-latest, 3.14t, no-deprecation, highest, starlette-pypi)",success,124.0,2,114,6,5642,"[""fastapi/routing.py"", ""tests/test_route_scope.py""]",0
31383021378,Test,success,7c07d83064311d2f5fedd9d44e407960dbd167bf,2026-08-10 11:19:45+00:00,pull_request,93437211988,"test (windows-latest, 3.14t, no-deprecation, highest, starlette-pypi)",success,181.0,2,114,6,5642,"[""fastapi/routing.py"", ""tests/test_route_scope.py""]",0
31383021378,Test,success,7c07d83064311d2f5fedd9d44e407960dbd167bf,2026-08-10 11:19:45+00:00,pull_request,93437211991,"test (windows-latest, 3.12, lowest-direct, no-deprecation, coverage)",success,128.0,2,114,6,5642,"[""fastapi/routing.py"", ""tests/test_route_scope.py""]",0
31383021378,Test,success,7c07d83064311d2f5fedd9d44e407960dbd167bf,2026-08-10 11:19:45+00:00,pull_request,93437211995,"test (windows-latest, 3.14, no-deprecation, highest, starlette-git)",success,96.0,2,114,6,5642,"[""fastapi/routing.py"", ""tests/test_route_scope.py""]",0
31383021378,Test,success,7c07d83064311d2f5fedd9d44e407960dbd167bf,2026-08-10 11:19:45+00:00,pull_request,93437211997,"test (windows-latest, 3.14t, no-deprecation, highest, starlette-git)",success,183.0,2,114,6,5642,"[""fastapi/routing.py"", ""tests/test_route_scope.py""]",0
31383021378,Test,success,7c07d83064311d2f5fedd9d44e407960dbd167bf,2026-08-10 11:19:45+00:00,pull_request,93437212000,"test (macos-latest, 3.10, lowest-direct, no-deprecation, coverage)",success,123.0,2,114,6,5642,"[""fastapi/routing.py"", ""tests/test_route_scope.py""]",0
31383021378,Test,success,7c07d83064311d2f5fedd9d44e407960dbd167bf,2026-08-10 11:19:45+00:00,pull_request,93437212016,"test (macos-latest, 3.14t, no-deprecation, highest, starlette-git)",success,129.0,2,114,6,5642,"[""fastapi/routing.py"", ""tests/test_route_scope.py""]",0
31383021378,Test,success,7c07d83064311d2f5fedd9d44e407960dbd167bf,2026-08-10 11:19:45+00:00,pull_request,93437212028,"test (windows-latest, 3.14, no-deprecation, highest, starlette-pypi)",success,78.0,2,114,6,5642,"[""fastapi/routing.py"", ""tests/test_route_scope.py""]",0
31383021378,Test,success,7c07d83064311d2f5fedd9d44e407960dbd167bf,2026-08-10 11:19:45+00:00,pull_request,93437212071,"test (ubuntu-latest, 3.13, highest, no-deprecation, true)",success,76.0,2,114,6,5642,"[""fastapi/routing.py"", ""tests/test_route_scope.py""]",0
31383021378,Test,success,7c07d83064311d2f5fedd9d44e407960dbd167bf,2026-08-10 11:19:45+00:00,pull_request,93437212098,"test (ubuntu-latest, 3.14t, highest, no-deprecation, coverage)",success,84.0,2,114,6,5642,"[""fastapi/routing.py"", ""tests/test_route_scope.py""]",0
31383021378,Test,success,7c07d83064311d2f5fedd9d44e407960dbd167bf,2026-08-10 11:19:45+00:00,pull_request,93437212100,"test (ubuntu-latest, 3.13, highest, no-deprecation, codspeed)",success,70.0,2,114,6,5642,"[""fastapi/routing.py"", ""tests/test_route_scope.py""]",0
31383021378,Test,success,7c07d83064311d2f5fedd9d44e407960dbd167bf,2026-08-10 11:19:45+00:00,pull_request,93437212109,"test (ubuntu-latest, 3.13, highest, no-deprecation, coverage)",success,83.0,2,114,6,5642,"[""fastapi/routing.py"", ""tests/test_route_scope.py""]",0
31383021378,Test,success,7c07d83064311d2f5fedd9d44e407960dbd167bf,2026-08-10 11:19:45+00:00,pull_request,93437212131,"test (ubuntu-latest, 3.14, highest, starlette-git, test-deprecation, coverage)",success,56.0,2,114,6,5642,"[""fastapi/routing.py"", ""tests/test_route_scope.py""]",0
31383021378,Test,success,7c07d83064311d2f5fedd9d44e407960dbd167bf,2026-08-10 11:19:45+00:00,pull_request,93437916808,coverage-combine,success,62.0,2,114,6,5642,"[""fastapi/routing.py"", ""tests/test_route_scope.py""]",0
31383021378,Test,success,7c07d83064311d2f5fedd9d44e407960dbd167bf,2026-08-10 11:19:45+00:00,pull_request,93438166362,test-alls-green,success,4.0,2,114,6,5642,"[""fastapi/routing.py"", ""tests/test_route_scope.py""]",0
31367875093,Smokeshow,success,a9134f62683a7df133cd901b748169879e53dac4,2026-08-10 07:55:58+00:00,workflow_run,93390117438,smokeshow,success,63.0,1,1,0,667,"[""docs/en/docs/release-notes.md""]",0
31367750278,Deploy Docs,success,a9134f62683a7df133cd901b748169879e53dac4,2026-08-10 07:54:12+00:00,workflow_run,93389743934,deploy-docs,success,60.0,1,1,0,667,"[""docs/en/docs/release-notes.md""]",0
31367556124,Configured Graph Update: uv in /. #1516822423,success,a9134f62683a7df133cd901b748169879e53dac4,2026-08-10 07:51:18+00:00,dynamic,93389146413,update-uv-graph,success,57.0,1,1,0,667,"[""docs/en/docs/release-notes.md""]",0
31367555123,Push on master,success,a9134f62683a7df133cd901b748169879e53dac4,2026-08-10 07:51:17+00:00,dynamic,93389143788,Analyze (javascript-typescript),success,73.0,1,1,0,667,"[""docs/en/docs/release-notes.md""]",0
31367555123,Push on master,success,a9134f62683a7df133cd901b748169879e53dac4,2026-08-10 07:51:17+00:00,dynamic,93389143828,Analyze (python),success,88.0,1,1,0,667,"[""docs/en/docs/release-notes.md""]",0
31367555123,Push on master,success,a9134f62683a7df133cd901b748169879e53dac4,2026-08-10 07:51:17+00:00,dynamic,93389143829,Analyze (actions),success,43.0,1,1,0,667,"[""docs/en/docs/release-notes.md""]",0
31367552241,Notify Translations,success,61b9090149a074ec8432f6c16c874fc3779fb231,2026-08-10 07:51:14+00:00,pull_request_target,93389131325,job,success,28.0,17,268,240,43956,"["".github/pr-submit.yml"", "".github/workflows/bump-pre-commit-hooks.yml"", "".github/workflows/pre-commit.yml"", "".github/workflows/prepare-release.yml"", "".github/workflows/sponsors.yml"", "".github/workflows/topic-repos.yml"", "".github/workflows/translate.yml"", ""docs/en/data/github_sponsors.yml"", ""docs/en/data/topic_repos.yml"", ""docs/en/docs/release-notes.md"", ""docs/ko/docs/features.md"", ""docs/ko/docs/history-design-future.md"", ""pyproject.toml"", ""scripts/sponsors.py"", ""scripts/topic_repos.py"", ""scripts/translate.py"", ""uv.lock""]",0
31367551887,Test Redistribute,success,b963df2927e008aca0add5c7dfa50d75771b7868,2026-08-10 07:51:14+00:00,push,93389129804,test-redistribute,success,58.0,1,3,3,1482,"[""uv.lock""]",0
31367551887,Test Redistribute,success,b963df2927e008aca0add5c7dfa50d75771b7868,2026-08-10 07:51:14+00:00,push,93389339314,test-redistribute-alls-green,success,4.0,1,3,3,1482,"[""uv.lock""]",0
31367551574,Push on master,success,b963df2927e008aca0add5c7dfa50d75771b7868,2026-08-10 07:51:14+00:00,dynamic,93389133668,Analyze (javascript-typescript),success,77.0,1,3,3,1482,"[""uv.lock""]",0
31367551574,Push on master,success,b963df2927e008aca0add5c7dfa50d75771b7868,2026-08-10 07:51:14+00:00,dynamic,93389133670,Analyze (python),success,94.0,1,3,3,1482,"[""uv.lock""]",0
31367551574,Push on master,success,b963df2927e008aca0add5c7dfa50d75771b7868,2026-08-10 07:51:14+00:00,dynamic,93389133712,Analyze (actions),success,44.0,1,3,3,1482,"[""uv.lock""]",0
31367551914,Conflict detector,success,b963df2927e008aca0add5c7dfa50d75771b7868,2026-08-10 07:51:14+00:00,push,93389130624,main,success,128.0,1,3,3,1482,"[""uv.lock""]",0
31367551923,Build Docs,success,b963df2927e008aca0add5c7dfa50d75771b7868,2026-08-10 07:51:14+00:00,push,93389129973,changes,success,8.0,1,3,3,1482,"[""uv.lock""]",0
31367551923,Build Docs,success,b963df2927e008aca0add5c7dfa50d75771b7868,2026-08-10 07:51:14+00:00,push,93389193539,langs,success,19.0,1,3,3,1482,"[""uv.lock""]",0
31367551923,Build Docs,success,b963df2927e008aca0add5c7dfa50d75771b7868,2026-08-10 07:51:14+00:00,push,93389307566,build-docs (fr),success,45.0,1,3,3,1482,"[""uv.lock""]",0
31367551923,Build Docs,success,b963df2927e008aca0add5c7dfa50d75771b7868,2026-08-10 07:51:14+00:00,push,93389307581,build-docs (ja),success,46.0,1,3,3,1482,"[""uv.lock""]",0
31367551923,Build Docs,success,b963df2927e008aca0add5c7dfa50d75771b7868,2026-08-10 07:51:14+00:00,push,93389307584,build-docs (ko),success,35.0,1,3,3,1482,"[""uv.lock""]",0
31367551923,Build Docs,success,b963df2927e008aca0add5c7dfa50d75771b7868,2026-08-10 07:51:14+00:00,push,93389307585,build-docs (es),success,39.0,1,3,3,1482,"[""uv.lock""]",0
31367551923,Build Docs,success,b963df2927e008aca0add5c7dfa50d75771b7868,2026-08-10 07:51:14+00:00,push,93389307586,build-docs (en),success,36.0,1,3,3,1482,"[""uv.lock""]",0
31367551923,Build Docs,success,b963df2927e008aca0add5c7dfa50d75771b7868,2026-08-10 07:51:14+00:00,push,93389307609,build-docs (hi),success,44.0,1,3,3,1482,"[""uv.lock""]",0
31367551923,Build Docs,success,b963df2927e008aca0add5c7dfa50d75771b7868,2026-08-10 07:51:14+00:00,push,93389307611,build-docs (de),success,38.0,1,3,3,1482,"[""uv.lock""]",0
31367551923,Build Docs,success,b963df2927e008aca0add5c7dfa50d75771b7868,2026-08-10 07:51:14+00:00,push,93389307614,build-docs (zh),success,45.0,1,3,3,1482,"[""uv.lock""]",0
31367551923,Build Docs,success,b963df2927e008aca0add5c7dfa50d75771b7868,2026-08-10 07:51:14+00:00,push,93389307638,build-docs (uk),success,45.0,1,3,3,1482,"[""uv.lock""]",0
31367551923,Build Docs,success,b963df2927e008aca0add5c7dfa50d75771b7868,2026-08-10 07:51:14+00:00,push,93389307647,build-docs (ru),success,38.0,1,3,3,1482,"[""uv.lock""]",0
31367551923,Build Docs,success,b963df2927e008aca0add5c7dfa50d75771b7868,2026-08-10 07:51:14+00:00,push,93389307650,build-docs (tr),success,36.0,1,3,3,1482,"[""uv.lock""]",0
31367551923,Build Docs,success,b963df2927e008aca0add5c7dfa50d75771b7868,2026-08-10 07:51:14+00:00,push,93389307685,build-docs (pt),success,35.0,1,3,3,1482,"[""uv.lock""]",0
31367551923,Build Docs,success,b963df2927e008aca0add5c7dfa50d75771b7868,2026-08-10 07:51:14+00:00,push,93389307690,build-docs (zh-hant),success,45.0,1,3,3,1482,"[""uv.lock""]",0
31367551923,Build Docs,success,b963df2927e008aca0add5c7dfa50d75771b7868,2026-08-10 07:51:14+00:00,push,93389714433,docs-all-green,success,3.0,1,3,3,1482,"[""uv.lock""]",0
31367551898,Test,success,b963df2927e008aca0add5c7dfa50d75771b7868,2026-08-10 07:51:14+00:00,push,93389129910,regression-test,success,5.0,1,3,3,1482,"[""uv.lock""]",0
31367551898,Test,success,b963df2927e008aca0add5c7dfa50d75771b7868,2026-08-10 07:51:14+00:00,push,93389129991,changes,success,7.0,1,3,3,1482,"[""uv.lock""]",0
31367551898,Test,success,b963df2927e008aca0add5c7dfa50d75771b7868,2026-08-10 07:51:14+00:00,push,93389162892,benchmark,success,157.0,1,3,3,1482,"[""uv.lock""]",0
31367551898,Test,success,b963df2927e008aca0add5c7dfa50d75771b7868,2026-08-10 07:51:14+00:00,push,93389163111,"test (windows-latest, 3.14, no-deprecation, highest, starlette-pypi)",success,82.0,1,3,3,1482,"[""uv.lock""]",0
31367551898,Test,success,b963df2927e008aca0add5c7dfa50d75771b7868,2026-08-10 07:51:14+00:00,push,93389163112,"test (windows-latest, 3.12, lowest-direct, no-deprecation, coverage)",success,131.0,1,3,3,1482,"[""uv.lock""]",0
31367551898,Test,success,b963df2927e008aca0add5c7dfa50d75771b7868,2026-08-10 07:51:14+00:00,push,93389163114,"test (windows-latest, 3.14t, no-deprecation, highest, starlette-git)",success,191.0,1,3,3,1482,"[""uv.lock""]",0
31367551898,Test,success,b963df2927e008aca0add5c7dfa50d75771b7868,2026-08-10 07:51:14+00:00,push,93389163115,"test (macos-latest, 3.14, no-deprecation, highest, starlette-git)",success,61.0,1,3,3,1482,"[""uv.lock""]",0
31367551898,Test,success,b963df2927e008aca0add5c7dfa50d75771b7868,2026-08-10 07:51:14+00:00,push,93389163117,"test (ubuntu-latest, 3.13, highest, no-deprecation, codspeed)",success,62.0,1,3,3,1482,"[""uv.lock""]",0
31367551898,Test,success,b963df2927e008aca0add5c7dfa50d75771b7868,2026-08-10 07:51:14+00:00,push,93389163123,"test (windows-latest, 3.14t, no-deprecation, highest, starlette-pypi)",success,182.0,1,3,3,1482,"[""uv.lock""]",0
31367551898,Test,success,b963df2927e008aca0add5c7dfa50d75771b7868,2026-08-10 07:51:14+00:00,push,93389163126,"test (ubuntu-latest, 3.13, highest, no-deprecation, true)",success,80.0,1,3,3,1482,"[""uv.lock""]",0
31367551898,Test,success,b963df2927e008aca0add5c7dfa50d75771b7868,2026-08-10 07:51:14+00:00,push,93389163127,"test (macos-latest, 3.10, lowest-direct, no-deprecation, coverage)",success,86.0,1,3,3,1482,"[""uv.lock""]",0
31367551898,Test,success,b963df2927e008aca0add5c7dfa50d75771b7868,2026-08-10 07:51:14+00:00,push,93389163131,"test (ubuntu-latest, 3.14, highest, starlette-git, test-deprecation, coverage)",success,62.0,1,3,3,1482,"[""uv.lock""]",0
31367551898,Test,success,b963df2927e008aca0add5c7dfa50d75771b7868,2026-08-10 07:51:14+00:00,push,93389163143,"test (macos-latest, 3.14t, no-deprecation, highest, starlette-git)",success,131.0,1,3,3,1482,"[""uv.lock""]",0
31367551898,Test,success,b963df2927e008aca0add5c7dfa50d75771b7868,2026-08-10 07:51:14+00:00,push,93389163148,"test (macos-latest, 3.14t, no-deprecation, highest, starlette-pypi)",success,95.0,1,3,3,1482,"[""uv.lock""]",0
31367551898,Test,success,b963df2927e008aca0add5c7dfa50d75771b7868,2026-08-10 07:51:14+00:00,push,93389163153,"test (ubuntu-latest, 3.14t, highest, no-deprecation, coverage)",success,74.0,1,3,3,1482,"[""uv.lock""]",0
31367551898,Test,success,b963df2927e008aca0add5c7dfa50d75771b7868,2026-08-10 07:51:14+00:00,push,93389163154,"test (macos-latest, 3.14, no-deprecation, highest, starlette-pypi)",success,51.0,1,3,3,1482,"[""uv.lock""]",0
31367551898,Test,success,b963df2927e008aca0add5c7dfa50d75771b7868,2026-08-10 07:51:14+00:00,push,93389163166,"test (ubuntu-latest, 3.13, highest, no-deprecation, coverage)",success,81.0,1,3,3,1482,"[""uv.lock""]",0
31367551898,Test,success,b963df2927e008aca0add5c7dfa50d75771b7868,2026-08-10 07:51:14+00:00,push,93389163213,"test (windows-latest, 3.14, no-deprecation, highest, starlette-git)",success,93.0,1,3,3,1482,"[""uv.lock""]",0
31367551898,Test,success,b963df2927e008aca0add5c7dfa50d75771b7868,2026-08-10 07:51:14+00:00,push,93389878757,coverage-combine,success,57.0,1,3,3,1482,"[""uv.lock""]",0
31367551898,Test,success,b963df2927e008aca0add5c7dfa50d75771b7868,2026-08-10 07:51:14+00:00,push,93390086697,test-alls-green,success,3.0,1,3,3,1482,"[""uv.lock""]",0
31366435588,Smokeshow,success,6a6002298106d89d3a65fd62527dc0bdc4e681fd,2026-08-10 07:34:56+00:00,workflow_run,93385714851,smokeshow,success,65.0,1,1,0,662,"[""docs/en/docs/release-notes.md""]",0
31366425225,Smokeshow,success,6a6002298106d89d3a65fd62527dc0bdc4e681fd,2026-08-10 07:34:47+00:00,workflow_run,93385681724,smokeshow,success,54.0,1,1,0,662,"[""docs/en/docs/release-notes.md""]",0
31366241181,Deploy Docs,success,6a6002298106d89d3a65fd62527dc0bdc4e681fd,2026-08-10 07:32:05+00:00,workflow_run,93385118917,deploy-docs,success,61.0,1,1,0,662,"[""docs/en/docs/release-notes.md""]",0
31366194137,Deploy Docs,success,6a6002298106d89d3a65fd62527dc0bdc4e681fd,2026-08-10 07:31:23+00:00,workflow_run,93384971536,deploy-docs,success,50.0,1,1,0,662,"[""docs/en/docs/release-notes.md""]",0
31366112026,Smokeshow,success,6a6002298106d89d3a65fd62527dc0bdc4e681fd,2026-08-10 07:30:12+00:00,workflow_run,93384722874,smokeshow,success,70.0,1,1,0,662,"[""docs/en/docs/release-notes.md""]",0
31365960667,Build Docs,success,61b9090149a074ec8432f6c16c874fc3779fb231,2026-08-10 07:27:58+00:00,pull_request,93384261955,changes,success,8.0,17,268,240,43956,"["".github/pr-submit.yml"", "".github/workflows/bump-pre-commit-hooks.yml"", "".github/workflows/pre-commit.yml"", "".github/workflows/prepare-release.yml"", "".github/workflows/sponsors.yml"", "".github/workflows/topic-repos.yml"", "".github/workflows/translate.yml"", ""docs/en/data/github_sponsors.yml"", ""docs/en/data/topic_repos.yml"", ""docs/en/docs/release-notes.md"", ""docs/ko/docs/features.md"", ""docs/ko/docs/history-design-future.md"", ""pyproject.toml"", ""scripts/sponsors.py"", ""scripts/topic_repos.py"", ""scripts/translate.py"", ""uv.lock""]",0
31365960667,Build Docs,success,61b9090149a074ec8432f6c16c874fc3779fb231,2026-08-10 07:27:58+00:00,pull_request,93384465774,langs,success,12.0,17,268,240,43956,"["".github/pr-submit.yml"", "".github/workflows/bump-pre-commit-hooks.yml"", "".github/workflows/pre-commit.yml"", "".github/workflows/prepare-release.yml"", "".github/workflows/sponsors.yml"", "".github/workflows/topic-repos.yml"", "".github/workflows/translate.yml"", ""docs/en/data/github_sponsors.yml"", ""docs/en/data/topic_repos.yml"", ""docs/en/docs/release-notes.md"", ""docs/ko/docs/features.md"", ""docs/ko/docs/history-design-future.md"", ""pyproject.toml"", ""scripts/sponsors.py"", ""scripts/topic_repos.py"", ""scripts/translate.py"", ""uv.lock""]",0
31365960667,Build Docs,success,61b9090149a074ec8432f6c16c874fc3779fb231,2026-08-10 07:27:58+00:00,pull_request,93384549737,build-docs (de),success,40.0,17,268,240,43956,"["".github/pr-submit.yml"", "".github/workflows/bump-pre-commit-hooks.yml"", "".github/workflows/pre-commit.yml"", "".github/workflows/prepare-release.yml"", "".github/workflows/sponsors.yml"", "".github/workflows/topic-repos.yml"", "".github/workflows/translate.yml"", ""docs/en/data/github_sponsors.yml"", ""docs/en/data/topic_repos.yml"", ""docs/en/docs/release-notes.md"", ""docs/ko/docs/features.md"", ""docs/ko/docs/history-design-future.md"", ""pyproject.toml"", ""scripts/sponsors.py"", ""scripts/topic_repos.py"", ""scripts/translate.py"", ""uv.lock""]",0
31365960667,Build Docs,success,61b9090149a074ec8432f6c16c874fc3779fb231,2026-08-10 07:27:58+00:00,pull_request,93384549739,build-docs (ko),success,36.0,17,268,240,43956,"["".github/pr-submit.yml"", "".github/workflows/bump-pre-commit-hooks.yml"", "".github/workflows/pre-commit.yml"", "".github/workflows/prepare-release.yml"", "".github/workflows/sponsors.yml"", "".github/workflows/topic-repos.yml"", "".github/workflows/translate.yml"", ""docs/en/data/github_sponsors.yml"", ""docs/en/data/topic_repos.yml"", ""docs/en/docs/release-notes.md"", ""docs/ko/docs/features.md"", ""docs/ko/docs/history-design-future.md"", ""pyproject.toml"", ""scripts/sponsors.py"", ""scripts/topic_repos.py"", ""scripts/translate.py"", ""uv.lock""]",0
31365960667,Build Docs,success,61b9090149a074ec8432f6c16c874fc3779fb231,2026-08-10 07:27:58+00:00,pull_request,93384549747,build-docs (tr),success,36.0,17,268,240,43956,"["".github/pr-submit.yml"", "".github/workflows/bump-pre-commit-hooks.yml"", "".github/workflows/pre-commit.yml"", "".github/workflows/prepare-release.yml"", "".github/workflows/sponsors.yml"", "".github/workflows/topic-repos.yml"", "".github/workflows/translate.yml"", ""docs/en/data/github_sponsors.yml"", ""docs/en/data/topic_repos.yml"", ""docs/en/docs/release-notes.md"", ""docs/ko/docs/features.md"", ""docs/ko/docs/history-design-future.md"", ""pyproject.toml"", ""scripts/sponsors.py"", ""scripts/topic_repos.py"", ""scripts/translate.py"", ""uv.lock""]",0
31365960667,Build Docs,success,61b9090149a074ec8432f6c16c874fc3779fb231,2026-08-10 07:27:58+00:00,pull_request,93384549759,build-docs (en),success,44.0,17,268,240,43956,"["".github/pr-submit.yml"", "".github/workflows/bump-pre-commit-hooks.yml"", "".github/workflows/pre-commit.yml"", "".github/workflows/prepare-release.yml"", "".github/workflows/sponsors.yml"", "".github/workflows/topic-repos.yml"", "".github/workflows/translate.yml"", ""docs/en/data/github_sponsors.yml"", ""docs/en/data/topic_repos.yml"", ""docs/en/docs/release-notes.md"", ""docs/ko/docs/features.md"", ""docs/ko/docs/history-design-future.md"", ""pyproject.toml"", ""scripts/sponsors.py"", ""scripts/topic_repos.py"", ""scripts/translate.py"", ""uv.lock""]",0
31365960667,Build Docs,success,61b9090149a074ec8432f6c16c874fc3779fb231,2026-08-10 07:27:58+00:00,pull_request,93384549766,build-docs (hi),success,36.0,17,268,240,43956,"["".github/pr-submit.yml"", "".github/workflows/bump-pre-commit-hooks.yml"", "".github/workflows/pre-commit.yml"", "".github/workflows/prepare-release.yml"", "".github/workflows/sponsors.yml"", "".github/workflows/topic-repos.yml"", "".github/workflows/translate.yml"", ""docs/en/data/github_sponsors.yml"", ""docs/en/data/topic_repos.yml"", ""docs/en/docs/release-notes.md"", ""docs/ko/docs/features.md"", ""docs/ko/docs/history-design-future.md"", ""pyproject.toml"", ""scripts/sponsors.py"", ""scripts/topic_repos.py"", ""scripts/translate.py"", ""uv.lock""]",0
31365960667,Build Docs,success,61b9090149a074ec8432f6c16c874fc3779fb231,2026-08-10 07:27:58+00:00,pull_request,93384549772,build-docs (uk),success,37.0,17,268,240,43956,"["".github/pr-submit.yml"", "".github/workflows/bump-pre-commit-hooks.yml"", "".github/workflows/pre-commit.yml"", "".github/workflows/prepare-release.yml"", "".github/workflows/sponsors.yml"", "".github/workflows/topic-repos.yml"", "".github/workflows/translate.yml"", ""docs/en/data/github_sponsors.yml"", ""docs/en/data/topic_repos.yml"", ""docs/en/docs/release-notes.md"", ""docs/ko/docs/features.md"", ""docs/ko/docs/history-design-future.md"", ""pyproject.toml"", ""scripts/sponsors.py"", ""scripts/topic_repos.py"", ""scripts/translate.py"", ""uv.lock""]",0
31365960667,Build Docs,success,61b9090149a074ec8432f6c16c874fc3779fb231,2026-08-10 07:27:58+00:00,pull_request,93384549778,build-docs (es),success,34.0,17,268,240,43956,"["".github/pr-submit.yml"", "".github/workflows/bump-pre-commit-hooks.yml"", "".github/workflows/pre-commit.yml"", "".github/workflows/prepare-release.yml"", "".github/workflows/sponsors.yml"", "".github/workflows/topic-repos.yml"", "".github/workflows/translate.yml"", ""docs/en/data/github_sponsors.yml"", ""docs/en/data/topic_repos.yml"", ""docs/en/docs/release-notes.md"", ""docs/ko/docs/features.md"", ""docs/ko/docs/history-design-future.md"", ""pyproject.toml"", ""scripts/sponsors.py"", ""scripts/topic_repos.py"", ""scripts/translate.py"", ""uv.lock""]",0
31365960667,Build Docs,success,61b9090149a074ec8432f6c16c874fc3779fb231,2026-08-10 07:27:58+00:00,pull_request,93384549779,build-docs (pt),success,38.0,17,268,240,43956,"["".github/pr-submit.yml"", "".github/workflows/bump-pre-commit-hooks.yml"", "".github/workflows/pre-commit.yml"", "".github/workflows/prepare-release.yml"", "".github/workflows/sponsors.yml"", "".github/workflows/topic-repos.yml"", "".github/workflows/translate.yml"", ""docs/en/data/github_sponsors.yml"", ""docs/en/data/topic_repos.yml"", ""docs/en/docs/release-notes.md"", ""docs/ko/docs/features.md"", ""docs/ko/docs/history-design-future.md"", ""pyproject.toml"", ""scripts/sponsors.py"", ""scripts/topic_repos.py"", ""scripts/translate.py"", ""uv.lock""]",0
31365960667,Build Docs,success,61b9090149a074ec8432f6c16c874fc3779fb231,2026-08-10 07:27:58+00:00,pull_request,93384549785,build-docs (zh-hant),success,38.0,17,268,240,43956,"["".github/pr-submit.yml"", "".github/workflows/bump-pre-commit-hooks.yml"", "".github/workflows/pre-commit.yml"", "".github/workflows/prepare-release.yml"", "".github/workflows/sponsors.yml"", "".github/workflows/topic-repos.yml"", "".github/workflows/translate.yml"", ""docs/en/data/github_sponsors.yml"", ""docs/en/data/topic_repos.yml"", ""docs/en/docs/release-notes.md"", ""docs/ko/docs/features.md"", ""docs/ko/docs/history-design-future.md"", ""pyproject.toml"", ""scripts/sponsors.py"", ""scripts/topic_repos.py"", ""scripts/translate.py"", ""uv.lock""]",0
31365960667,Build Docs,success,61b9090149a074ec8432f6c16c874fc3779fb231,2026-08-10 07:27:58+00:00,pull_request,93384549791,build-docs (ja),success,40.0,17,268,240,43956,"["".github/pr-submit.yml"", "".github/workflows/bump-pre-commit-hooks.yml"", "".github/workflows/pre-commit.yml"", "".github/workflows/prepare-release.yml"", "".github/workflows/sponsors.yml"", "".github/workflows/topic-repos.yml"", "".github/workflows/translate.yml"", ""docs/en/data/github_sponsors.yml"", ""docs/en/data/topic_repos.yml"", ""docs/en/docs/release-notes.md"", ""docs/ko/docs/features.md"", ""docs/ko/docs/history-design-future.md"", ""pyproject.toml"", ""scripts/sponsors.py"", ""scripts/topic_repos.py"", ""scripts/translate.py"", ""uv.lock""]",0
31365960667,Build Docs,success,61b9090149a074ec8432f6c16c874fc3779fb231,2026-08-10 07:27:58+00:00,pull_request,93384549809,build-docs (zh),success,35.0,17,268,240,43956,"["".github/pr-submit.yml"", "".github/workflows/bump-pre-commit-hooks.yml"", "".github/workflows/pre-commit.yml"", "".github/workflows/prepare-release.yml"", "".github/workflows/sponsors.yml"", "".github/workflows/topic-repos.yml"", "".github/workflows/translate.yml"", ""docs/en/data/github_sponsors.yml"", ""docs/en/data/topic_repos.yml"", ""docs/en/docs/release-notes.md"", ""docs/ko/docs/features.md"", ""docs/ko/docs/history-design-future.md"", ""pyproject.toml"", ""scripts/sponsors.py"", ""scripts/topic_repos.py"", ""scripts/translate.py"", ""uv.lock""]",0
31365960667,Build Docs,success,61b9090149a074ec8432f6c16c874fc3779fb231,2026-08-10 07:27:58+00:00,pull_request,93384549822,build-docs (ru),success,40.0,17,268,240,43956,"["".github/pr-submit.yml"", "".github/workflows/bump-pre-commit-hooks.yml"", "".github/workflows/pre-commit.yml"", "".github/workflows/prepare-release.yml"", "".github/workflows/sponsors.yml"", "".github/workflows/topic-repos.yml"", "".github/workflows/translate.yml"", ""docs/en/data/github_sponsors.yml"", ""docs/en/data/topic_repos.yml"", ""docs/en/docs/release-notes.md"", ""docs/ko/docs/features.md"", ""docs/ko/docs/history-design-future.md"", ""pyproject.toml"", ""scripts/sponsors.py"", ""scripts/topic_repos.py"", ""scripts/translate.py"", ""uv.lock""]",0
31365960667,Build Docs,success,61b9090149a074ec8432f6c16c874fc3779fb231,2026-08-10 07:27:58+00:00,pull_request,93384549839,build-docs (fr),success,36.0,17,268,240,43956,"["".github/pr-submit.yml"", "".github/workflows/bump-pre-commit-hooks.yml"", "".github/workflows/pre-commit.yml"", "".github/workflows/prepare-release.yml"", "".github/workflows/sponsors.yml"", "".github/workflows/topic-repos.yml"", "".github/workflows/translate.yml"", ""docs/en/data/github_sponsors.yml"", ""docs/en/data/topic_repos.yml"", ""docs/en/docs/release-notes.md"", ""docs/ko/docs/features.md"", ""docs/ko/docs/history-design-future.md"", ""pyproject.toml"", ""scripts/sponsors.py"", ""scripts/topic_repos.py"", ""scripts/translate.py"", ""uv.lock""]",0
31365960667,Build Docs,success,61b9090149a074ec8432f6c16c874fc3779fb231,2026-08-10 07:27:58+00:00,pull_request,93385061111,docs-all-green,success,3.0,17,268,240,43956,"["".github/pr-submit.yml"", "".github/workflows/bump-pre-commit-hooks.yml"", "".github/workflows/pre-commit.yml"", "".github/workflows/prepare-release.yml"", "".github/workflows/sponsors.yml"", "".github/workflows/topic-repos.yml"", "".github/workflows/translate.yml"", ""docs/en/data/github_sponsors.yml"", ""docs/en/data/topic_repos.yml"", ""docs/en/docs/release-notes.md"", ""docs/ko/docs/features.md"", ""docs/ko/docs/history-design-future.md"", ""pyproject.toml"", ""scripts/sponsors.py"", ""scripts/topic_repos.py"", ""scripts/translate.py"", ""uv.lock""]",0
31365960616,Test,success,61b9090149a074ec8432f6c16c874fc3779fb231,2026-08-10 07:27:58+00:00,pull_request,93384261893,changes,success,7.0,17,268,240,43956,"["".github/pr-submit.yml"", "".github/workflows/bump-pre-commit-hooks.yml"", "".github/workflows/pre-commit.yml"", "".github/workflows/prepare-release.yml"", "".github/workflows/sponsors.yml"", "".github/workflows/topic-repos.yml"", "".github/workflows/translate.yml"", ""docs/en/data/github_sponsors.yml"", ""docs/en/data/topic_repos.yml"", ""docs/en/docs/release-notes.md"", ""docs/ko/docs/features.md"", ""docs/ko/docs/history-design-future.md"", ""pyproject.toml"", ""scripts/sponsors.py"", ""scripts/topic_repos.py"", ""scripts/translate.py"", ""uv.lock""]",0
31365960616,Test,success,61b9090149a074ec8432f6c16c874fc3779fb231,2026-08-10 07:27:58+00:00,pull_request,93384261915,regression-test,success,12.0,17,268,240,43956,"["".github/pr-submit.yml"", "".github/workflows/bump-pre-commit-hooks.yml"", "".github/workflows/pre-commit.yml"", "".github/workflows/prepare-release.yml"", "".github/workflows/sponsors.yml"", "".github/workflows/topic-repos.yml"", "".github/workflows/translate.yml"", ""docs/en/data/github_sponsors.yml"", ""docs/en/data/topic_repos.yml"", ""docs/en/docs/release-notes.md"", ""docs/ko/docs/features.md"", ""docs/ko/docs/history-design-future.md"", ""pyproject.toml"", ""scripts/sponsors.py"", ""scripts/topic_repos.py"", ""scripts/translate.py"", ""uv.lock""]",0
31365960616,Test,success,61b9090149a074ec8432f6c16c874fc3779fb231,2026-08-10 07:27:58+00:00,pull_request,93384455089,benchmark,success,177.0,17,268,240,43956,"["".github/pr-submit.yml"", "".github/workflows/bump-pre-commit-hooks.yml"", "".github/workflows/pre-commit.yml"", "".github/workflows/prepare-release.yml"", "".github/workflows/sponsors.yml"", "".github/workflows/topic-repos.yml"", "".github/workflows/translate.yml"", ""docs/en/data/github_sponsors.yml"", ""docs/en/data/topic_repos.yml"", ""docs/en/docs/release-notes.md"", ""docs/ko/docs/features.md"", ""docs/ko/docs/history-design-future.md"", ""pyproject.toml"", ""scripts/sponsors.py"", ""scripts/topic_repos.py"", ""scripts/translate.py"", ""uv.lock""]",0
31365960616,Test,success,61b9090149a074ec8432f6c16c874fc3779fb231,2026-08-10 07:27:58+00:00,pull_request,93384455305,"test (ubuntu-latest, 3.13, highest, no-deprecation, coverage)",success,81.0,17,268,240,43956,"["".github/pr-submit.yml"", "".github/workflows/bump-pre-commit-hooks.yml"", "".github/workflows/pre-commit.yml"", "".github/workflows/prepare-release.yml"", "".github/workflows/sponsors.yml"", "".github/workflows/topic-repos.yml"", "".github/workflows/translate.yml"", ""docs/en/data/github_sponsors.yml"", ""docs/en/data/topic_repos.yml"", ""docs/en/docs/release-notes.md"", ""docs/ko/docs/features.md"", ""docs/ko/docs/history-design-future.md"", ""pyproject.toml"", ""scripts/sponsors.py"", ""scripts/topic_repos.py"", ""scripts/translate.py"", ""uv.lock""]",0
31365960616,Test,success,61b9090149a074ec8432f6c16c874fc3779fb231,2026-08-10 07:27:58+00:00,pull_request,93384455307,"test (windows-latest, 3.14, no-deprecation, highest, starlette-git)",success,114.0,17,268,240,43956,"["".github/pr-submit.yml"", "".github/workflows/bump-pre-commit-hooks.yml"", "".github/workflows/pre-commit.yml"", "".github/workflows/prepare-release.yml"", "".github/workflows/sponsors.yml"", "".github/workflows/topic-repos.yml"", "".github/workflows/translate.yml"", ""docs/en/data/github_sponsors.yml"", ""docs/en/data/topic_repos.yml"", ""docs/en/docs/release-notes.md"", ""docs/ko/docs/features.md"", ""docs/ko/docs/history-design-future.md"", ""pyproject.toml"", ""scripts/sponsors.py"", ""scripts/topic_repos.py"", ""scripts/translate.py"", ""uv.lock""]",0
31365960616,Test,success,61b9090149a074ec8432f6c16c874fc3779fb231,2026-08-10 07:27:58+00:00,pull_request,93384455321,"test (windows-latest, 3.14, no-deprecation, highest, starlette-pypi)",success,79.0,17,268,240,43956,"["".github/pr-submit.yml"", "".github/workflows/bump-pre-commit-hooks.yml"", "".github/workflows/pre-commit.yml"", "".github/workflows/prepare-release.yml"", "".github/workflows/sponsors.yml"", "".github/workflows/topic-repos.yml"", "".github/workflows/translate.yml"", ""docs/en/data/github_sponsors.yml"", ""docs/en/data/topic_repos.yml"", ""docs/en/docs/release-notes.md"", ""docs/ko/docs/features.md"", ""docs/ko/docs/history-design-future.md"", ""pyproject.toml"", ""scripts/sponsors.py"", ""scripts/topic_repos.py"", ""scripts/translate.py"", ""uv.lock""]",0
31365960616,Test,success,61b9090149a074ec8432f6c16c874fc3779fb231,2026-08-10 07:27:58+00:00,pull_request,93384455331,"test (windows-latest, 3.14t, no-deprecation, highest, starlette-git)",success,191.0,17,268,240,43956,"["".github/pr-submit.yml"", "".github/workflows/bump-pre-commit-hooks.yml"", "".github/workflows/pre-commit.yml"", "".github/workflows/prepare-release.yml"", "".github/workflows/sponsors.yml"", "".github/workflows/topic-repos.yml"", "".github/workflows/translate.yml"", ""docs/en/data/github_sponsors.yml"", ""docs/en/data/topic_repos.yml"", ""docs/en/docs/release-notes.md"", ""docs/ko/docs/features.md"", ""docs/ko/docs/history-design-future.md"", ""pyproject.toml"", ""scripts/sponsors.py"", ""scripts/topic_repos.py"", ""scripts/translate.py"", ""uv.lock""]",0
31365960616,Test,success,61b9090149a074ec8432f6c16c874fc3779fb231,2026-08-10 07:27:58+00:00,pull_request,93384455338,"test (macos-latest, 3.14, no-deprecation, highest, starlette-pypi)",success,48.0,17,268,240,43956,"["".github/pr-submit.yml"", "".github/workflows/bump-pre-commit-hooks.yml"", "".github/workflows/pre-commit.yml"", "".github/workflows/prepare-release.yml"", "".github/workflows/sponsors.yml"", "".github/workflows/topic-repos.yml"", "".github/workflows/translate.yml"", ""docs/en/data/github_sponsors.yml"", ""docs/en/data/topic_repos.yml"", ""docs/en/docs/release-notes.md"", ""docs/ko/docs/features.md"", ""docs/ko/docs/history-design-future.md"", ""pyproject.toml"", ""scripts/sponsors.py"", ""scripts/topic_repos.py"", ""scripts/translate.py"", ""uv.lock""]",0
31365960616,Test,success,61b9090149a074ec8432f6c16c874fc3779fb231,2026-08-10 07:27:58+00:00,pull_request,93384455340,"test (macos-latest, 3.14t, no-deprecation, highest, starlette-pypi)",success,85.0,17,268,240,43956,"["".github/pr-submit.yml"", "".github/workflows/bump-pre-commit-hooks.yml"", "".github/workflows/pre-commit.yml"", "".github/workflows/prepare-release.yml"", "".github/workflows/sponsors.yml"", "".github/workflows/topic-repos.yml"", "".github/workflows/translate.yml"", ""docs/en/data/github_sponsors.yml"", ""docs/en/data/topic_repos.yml"", ""docs/en/docs/release-notes.md"", ""docs/ko/docs/features.md"", ""docs/ko/docs/history-design-future.md"", ""pyproject.toml"", ""scripts/sponsors.py"", ""scripts/topic_repos.py"", ""scripts/translate.py"", ""uv.lock""]",0
31365960616,Test,success,61b9090149a074ec8432f6c16c874fc3779fb231,2026-08-10 07:27:58+00:00,pull_request,93384455349,"test (windows-latest, 3.14t, no-deprecation, highest, starlette-pypi)",success,221.0,17,268,240,43956,"["".github/pr-submit.yml"", "".github/workflows/bump-pre-commit-hooks.yml"", "".github/workflows/pre-commit.yml"", "".github/workflows/prepare-release.yml"", "".github/workflows/sponsors.yml"", "".github/workflows/topic-repos.yml"", "".github/workflows/translate.yml"", ""docs/en/data/github_sponsors.yml"", ""docs/en/data/topic_repos.yml"", ""docs/en/docs/release-notes.md"", ""docs/ko/docs/features.md"", ""docs/ko/docs/history-design-future.md"", ""pyproject.toml"", ""scripts/sponsors.py"", ""scripts/topic_repos.py"", ""scripts/translate.py"", ""uv.lock""]",0
31365960616,Test,success,61b9090149a074ec8432f6c16c874fc3779fb231,2026-08-10 07:27:58+00:00,pull_request,93384455350,"test (windows-latest, 3.12, lowest-direct, no-deprecation, coverage)",success,123.0,17,268,240,43956,"["".github/pr-submit.yml"", "".github/workflows/bump-pre-commit-hooks.yml"", "".github/workflows/pre-commit.yml"", "".github/workflows/prepare-release.yml"", "".github/workflows/sponsors.yml"", "".github/workflows/topic-repos.yml"", "".github/workflows/translate.yml"", ""docs/en/data/github_sponsors.yml"", ""docs/en/data/topic_repos.yml"", ""docs/en/docs/release-notes.md"", ""docs/ko/docs/features.md"", ""docs/ko/docs/history-design-future.md"", ""pyproject.toml"", ""scripts/sponsors.py"", ""scripts/topic_repos.py"", ""scripts/translate.py"", ""uv.lock""]",0
31365960616,Test,success,61b9090149a074ec8432f6c16c874fc3779fb231,2026-08-10 07:27:58+00:00,pull_request,93384455364,"test (macos-latest, 3.14t, no-deprecation, highest, starlette-git)",success,126.0,17,268,240,43956,"["".github/pr-submit.yml"", "".github/workflows/bump-pre-commit-hooks.yml"", "".github/workflows/pre-commit.yml"", "".github/workflows/prepare-release.yml"", "".github/workflows/sponsors.yml"", "".github/workflows/topic-repos.yml"", "".github/workflows/translate.yml"", ""docs/en/data/github_sponsors.yml"", ""docs/en/data/topic_repos.yml"", ""docs/en/docs/release-notes.md"", ""docs/ko/docs/features.md"", ""docs/ko/docs/history-design-future.md"", ""pyproject.toml"", ""scripts/sponsors.py"", ""scripts/topic_repos.py"", ""scripts/translate.py"", ""uv.lock""]",0
31365960616,Test,success,61b9090149a074ec8432f6c16c874fc3779fb231,2026-08-10 07:27:58+00:00,pull_request,93384455367,"test (macos-latest, 3.14, no-deprecation, highest, starlette-git)",success,56.0,17,268,240,43956,"["".github/pr-submit.yml"", "".github/workflows/bump-pre-commit-hooks.yml"", "".github/workflows/pre-commit.yml"", "".github/workflows/prepare-release.yml"", "".github/workflows/sponsors.yml"", "".github/workflows/topic-repos.yml"", "".github/workflows/translate.yml"", ""docs/en/data/github_sponsors.yml"", ""docs/en/data/topic_repos.yml"", ""docs/en/docs/release-notes.md"", ""docs/ko/docs/features.md"", ""docs/ko/docs/history-design-future.md"", ""pyproject.toml"", ""scripts/sponsors.py"", ""scripts/topic_repos.py"", ""scripts/translate.py"", ""uv.lock""]",0
31365960616,Test,success,61b9090149a074ec8432f6c16c874fc3779fb231,2026-08-10 07:27:58+00:00,pull_request,93384455409,"test (macos-latest, 3.10, lowest-direct, no-deprecation, coverage)",success,105.0,17,268,240,43956,"["".github/pr-submit.yml"", "".github/workflows/bump-pre-commit-hooks.yml"", "".github/workflows/pre-commit.yml"", "".github/workflows/prepare-release.yml"", "".github/workflows/sponsors.yml"", "".github/workflows/topic-repos.yml"", "".github/workflows/translate.yml"", ""docs/en/data/github_sponsors.yml"", ""docs/en/data/topic_repos.yml"", ""docs/en/docs/release-notes.md"", ""docs/ko/docs/features.md"", ""docs/ko/docs/history-design-future.md"", ""pyproject.toml"", ""scripts/sponsors.py"", ""scripts/topic_repos.py"", ""scripts/translate.py"", ""uv.lock""]",0
31365960616,Test,success,61b9090149a074ec8432f6c16c874fc3779fb231,2026-08-10 07:27:58+00:00,pull_request,93384455420,"test (ubuntu-latest, 3.14t, highest, no-deprecation, coverage)",success,78.0,17,268,240,43956,"["".github/pr-submit.yml"", "".github/workflows/bump-pre-commit-hooks.yml"", "".github/workflows/pre-commit.yml"", "".github/workflows/prepare-release.yml"", "".github/workflows/sponsors.yml"", "".github/workflows/topic-repos.yml"", "".github/workflows/translate.yml"", ""docs/en/data/github_sponsors.yml"", ""docs/en/data/topic_repos.yml"", ""docs/en/docs/release-notes.md"", ""docs/ko/docs/features.md"", ""docs/ko/docs/history-design-future.md"", ""pyproject.toml"", ""scripts/sponsors.py"", ""scripts/topic_repos.py"", ""scripts/translate.py"", ""uv.lock""]",0
31365960616,Test,success,61b9090149a074ec8432f6c16c874fc3779fb231,2026-08-10 07:27:58+00:00,pull_request,93384455429,"test (ubuntu-latest, 3.13, highest, no-deprecation, true)",success,71.0,17,268,240,43956,"["".github/pr-submit.yml"", "".github/workflows/bump-pre-commit-hooks.yml"", "".github/workflows/pre-commit.yml"", "".github/workflows/prepare-release.yml"", "".github/workflows/sponsors.yml"", "".github/workflows/topic-repos.yml"", "".github/workflows/translate.yml"", ""docs/en/data/github_sponsors.yml"", ""docs/en/data/topic_repos.yml"", ""docs/en/docs/release-notes.md"", ""docs/ko/docs/features.md"", ""docs/ko/docs/history-design-future.md"", ""pyproject.toml"", ""scripts/sponsors.py"", ""scripts/topic_repos.py"", ""scripts/translate.py"", ""uv.lock""]",0
31365960616,Test,success,61b9090149a074ec8432f6c16c874fc3779fb231,2026-08-10 07:27:58+00:00,pull_request,93384455431,"test (ubuntu-latest, 3.13, highest, no-deprecation, codspeed)",success,71.0,17,268,240,43956,"["".github/pr-submit.yml"", "".github/workflows/bump-pre-commit-hooks.yml"", "".github/workflows/pre-commit.yml"", "".github/workflows/prepare-release.yml"", "".github/workflows/sponsors.yml"", "".github/workflows/topic-repos.yml"", "".github/workflows/translate.yml"", ""docs/en/data/github_sponsors.yml"", ""docs/en/data/topic_repos.yml"", ""docs/en/docs/release-notes.md"", ""docs/ko/docs/features.md"", ""docs/ko/docs/history-design-future.md"", ""pyproject.toml"", ""scripts/sponsors.py"", ""scripts/topic_repos.py"", ""scripts/translate.py"", ""uv.lock""]",0
31365960616,Test,success,61b9090149a074ec8432f6c16c874fc3779fb231,2026-08-10 07:27:58+00:00,pull_request,93384455502,"test (ubuntu-latest, 3.14, highest, starlette-git, test-deprecation, coverage)",success,58.0,17,268,240,43956,"["".github/pr-submit.yml"", "".github/workflows/bump-pre-commit-hooks.yml"", "".github/workflows/pre-commit.yml"", "".github/workflows/prepare-release.yml"", "".github/workflows/sponsors.yml"", "".github/workflows/topic-repos.yml"", "".github/workflows/translate.yml"", ""docs/en/data/github_sponsors.yml"", ""docs/en/data/topic_repos.yml"", ""docs/en/docs/release-notes.md"", ""docs/ko/docs/features.md"", ""docs/ko/docs/history-design-future.md"", ""pyproject.toml"", ""scripts/sponsors.py"", ""scripts/topic_repos.py"", ""scripts/translate.py"", ""uv.lock""]",0
31365960616,Test,success,61b9090149a074ec8432f6c16c874fc3779fb231,2026-08-10 07:27:58+00:00,pull_request,93385493786,coverage-combine,success,49.0,17,268,240,43956,"["".github/pr-submit.yml"", "".github/workflows/bump-pre-commit-hooks.yml"", "".github/workflows/pre-commit.yml"", "".github/workflows/prepare-release.yml"", "".github/workflows/sponsors.yml"", "".github/workflows/topic-repos.yml"", "".github/workflows/translate.yml"", ""docs/en/data/github_sponsors.yml"", ""docs/en/data/topic_repos.yml"", ""docs/en/docs/release-notes.md"", ""docs/ko/docs/features.md"", ""docs/ko/docs/history-design-future.md"", ""pyproject.toml"", ""scripts/sponsors.py"", ""scripts/topic_repos.py"", ""scripts/translate.py"", ""uv.lock""]",0
31365960616,Test,success,61b9090149a074ec8432f6c16c874fc3779fb231,2026-08-10 07:27:58+00:00,pull_request,93385675815,test-alls-green,success,4.0,17,268,240,43956,"["".github/pr-submit.yml"", "".github/workflows/bump-pre-commit-hooks.yml"", "".github/workflows/pre-commit.yml"", "".github/workflows/prepare-release.yml"", "".github/workflows/sponsors.yml"", "".github/workflows/topic-repos.yml"", "".github/workflows/translate.yml"", ""docs/en/data/github_sponsors.yml"", ""docs/en/data/topic_repos.yml"", ""docs/en/docs/release-notes.md"", ""docs/ko/docs/features.md"", ""docs/ko/docs/history-design-future.md"", ""pyproject.toml"", ""scripts/sponsors.py"", ""scripts/topic_repos.py"", ""scripts/translate.py"", ""uv.lock""]",0
31365960861,Add to Project,success,61b9090149a074ec8432f6c16c874fc3779fb231,2026-08-10 07:27:58+00:00,pull_request_target,93384262265,Add to project,success,4.0,17,268,240,43956,"["".github/pr-submit.yml"", "".github/workflows/bump-pre-commit-hooks.yml"", "".github/workflows/pre-commit.yml"", "".github/workflows/prepare-release.yml"", "".github/workflows/sponsors.yml"", "".github/workflows/topic-repos.yml"", "".github/workflows/translate.yml"", ""docs/en/data/github_sponsors.yml"", ""docs/en/data/topic_repos.yml"", ""docs/en/docs/release-notes.md"", ""docs/ko/docs/features.md"", ""docs/ko/docs/history-design-future.md"", ""pyproject.toml"", ""scripts/sponsors.py"", ""scripts/topic_repos.py"", ""scripts/translate.py"", ""uv.lock""]",0
31365960858,Guard Dependencies,success,61b9090149a074ec8432f6c16c874fc3779fb231,2026-08-10 07:27:58+00:00,pull_request_target,93384262438,check-author,success,3.0,17,268,240,43956,"["".github/pr-submit.yml"", "".github/workflows/bump-pre-commit-hooks.yml"", "".github/workflows/pre-commit.yml"", "".github/workflows/prepare-release.yml"", "".github/workflows/sponsors.yml"", "".github/workflows/topic-repos.yml"", "".github/workflows/translate.yml"", ""docs/en/data/github_sponsors.yml"", ""docs/en/data/topic_repos.yml"", ""docs/en/docs/release-notes.md"", ""docs/ko/docs/features.md"", ""docs/ko/docs/history-design-future.md"", ""pyproject.toml"", ""scripts/sponsors.py"", ""scripts/topic_repos.py"", ""scripts/translate.py"", ""uv.lock""]",0
31365960638,Zizmor,success,61b9090149a074ec8432f6c16c874fc3779fb231,2026-08-10 07:27:58+00:00,pull_request,93384261976,Run zizmor,success,25.0,17,268,240,43956,"["".github/pr-submit.yml"", "".github/workflows/bump-pre-commit-hooks.yml"", "".github/workflows/pre-commit.yml"", "".github/workflows/prepare-release.yml"", "".github/workflows/sponsors.yml"", "".github/workflows/topic-repos.yml"", "".github/workflows/translate.yml"", ""docs/en/data/github_sponsors.yml"", ""docs/en/data/topic_repos.yml"", ""docs/en/docs/release-notes.md"", ""docs/ko/docs/features.md"", ""docs/ko/docs/history-design-future.md"", ""pyproject.toml"", ""scripts/sponsors.py"", ""scripts/topic_repos.py"", ""scripts/translate.py"", ""uv.lock""]",0
31365960759,Conflict detector,success,61b9090149a074ec8432f6c16c874fc3779fb231,2026-08-10 07:27:58+00:00,pull_request_target,93384262155,main,success,3.0,17,268,240,43956,"["".github/pr-submit.yml"", "".github/workflows/bump-pre-commit-hooks.yml"", "".github/workflows/pre-commit.yml"", "".github/workflows/prepare-release.yml"", "".github/workflows/sponsors.yml"", "".github/workflows/topic-repos.yml"", "".github/workflows/translate.yml"", ""docs/en/data/github_sponsors.yml"", ""docs/en/data/topic_repos.yml"", ""docs/en/docs/release-notes.md"", ""docs/ko/docs/features.md"", ""docs/ko/docs/history-design-future.md"", ""pyproject.toml"", ""scripts/sponsors.py"", ""scripts/topic_repos.py"", ""scripts/translate.py"", ""uv.lock""]",0
31365960617,pre-commit,success,61b9090149a074ec8432f6c16c874fc3779fb231,2026-08-10 07:27:58+00:00,pull_request,93384261703,pre-commit,success,46.0,17,268,240,43956,"["".github/pr-submit.yml"", "".github/workflows/bump-pre-commit-hooks.yml"", "".github/workflows/pre-commit.yml"", "".github/workflows/prepare-release.yml"", "".github/workflows/sponsors.yml"", "".github/workflows/topic-repos.yml"", "".github/workflows/translate.yml"", ""docs/en/data/github_sponsors.yml"", ""docs/en/data/topic_repos.yml"", ""docs/en/docs/release-notes.md"", ""docs/ko/docs/features.md"", ""docs/ko/docs/history-design-future.md"", ""pyproject.toml"", ""scripts/sponsors.py"", ""scripts/topic_repos.py"", ""scripts/translate.py"", ""uv.lock""]",0
31365960617,pre-commit,success,61b9090149a074ec8432f6c16c874fc3779fb231,2026-08-10 07:27:58+00:00,pull_request,93384455371,pre-commit-alls-green,success,5.0,17,268,240,43956,"["".github/pr-submit.yml"", "".github/workflows/bump-pre-commit-hooks.yml"", "".github/workflows/pre-commit.yml"", "".github/workflows/prepare-release.yml"", "".github/workflows/sponsors.yml"", "".github/workflows/topic-repos.yml"", "".github/workflows/translate.yml"", ""docs/en/data/github_sponsors.yml"", ""docs/en/data/topic_repos.yml"", ""docs/en/docs/release-notes.md"", ""docs/ko/docs/features.md"", ""docs/ko/docs/history-design-future.md"", ""pyproject.toml"", ""scripts/sponsors.py"", ""scripts/topic_repos.py"", ""scripts/translate.py"", ""uv.lock""]",0
31365960639,Test Redistribute,success,61b9090149a074ec8432f6c16c874fc3779fb231,2026-08-10 07:27:58+00:00,pull_request,93384262071,test-redistribute,success,51.0,17,268,240,43956,"["".github/pr-submit.yml"", "".github/workflows/bump-pre-commit-hooks.yml"", "".github/workflows/pre-commit.yml"", "".github/workflows/prepare-release.yml"", "".github/workflows/sponsors.yml"", "".github/workflows/topic-repos.yml"", "".github/workflows/translate.yml"", ""docs/en/data/github_sponsors.yml"", ""docs/en/data/topic_repos.yml"", ""docs/en/docs/release-notes.md"", ""docs/ko/docs/features.md"", ""docs/ko/docs/history-design-future.md"", ""pyproject.toml"", ""scripts/sponsors.py"", ""scripts/topic_repos.py"", ""scripts/translate.py"", ""uv.lock""]",0
31365960639,Test Redistribute,success,61b9090149a074ec8432f6c16c874fc3779fb231,2026-08-10 07:27:58+00:00,pull_request,93384601154,test-redistribute-alls-green,success,5.0,17,268,240,43956,"["".github/pr-submit.yml"", "".github/workflows/bump-pre-commit-hooks.yml"", "".github/workflows/pre-commit.yml"", "".github/workflows/prepare-release.yml"", "".github/workflows/sponsors.yml"", "".github/workflows/topic-repos.yml"", "".github/workflows/translate.yml"", ""docs/en/data/github_sponsors.yml"", ""docs/en/data/topic_repos.yml"", ""docs/en/docs/release-notes.md"", ""docs/ko/docs/features.md"", ""docs/ko/docs/history-design-future.md"", ""pyproject.toml"", ""scripts/sponsors.py"", ""scripts/topic_repos.py"", ""scripts/translate.py"", ""uv.lock""]",0
31365960808,Labels,success,61b9090149a074ec8432f6c16c874fc3779fb231,2026-08-10 07:27:58+00:00,pull_request_target,93384262235,labeler,success,4.0,17,268,240,43956,"["".github/pr-submit.yml"", "".github/workflows/bump-pre-commit-hooks.yml"", "".github/workflows/pre-commit.yml"", "".github/workflows/prepare-release.yml"", "".github/workflows/sponsors.yml"", "".github/workflows/topic-repos.yml"", "".github/workflows/translate.yml"", ""docs/en/data/github_sponsors.yml"", ""docs/en/data/topic_repos.yml"", ""docs/en/docs/release-notes.md"", ""docs/ko/docs/features.md"", ""docs/ko/docs/history-design-future.md"", ""pyproject.toml"", ""scripts/sponsors.py"", ""scripts/topic_repos.py"", ""scripts/translate.py"", ""uv.lock""]",0
31365960808,Labels,success,61b9090149a074ec8432f6c16c874fc3779fb231,2026-08-10 07:27:58+00:00,pull_request_target,93384500869,check-labels,success,36.0,17,268,240,43956,"["".github/pr-submit.yml"", "".github/workflows/bump-pre-commit-hooks.yml"", "".github/workflows/pre-commit.yml"", "".github/workflows/prepare-release.yml"", "".github/workflows/sponsors.yml"", "".github/workflows/topic-repos.yml"", "".github/workflows/translate.yml"", ""docs/en/data/github_sponsors.yml"", ""docs/en/data/topic_repos.yml"", ""docs/en/docs/release-notes.md"", ""docs/ko/docs/features.md"", ""docs/ko/docs/history-design-future.md"", ""pyproject.toml"", ""scripts/sponsors.py"", ""scripts/topic_repos.py"", ""scripts/translate.py"", ""uv.lock""]",0
31365958885,Conflict detector,success,61b9090149a074ec8432f6c16c874fc3779fb231,2026-08-10 07:27:57+00:00,push,93384256948,main,success,4.0,17,268,240,43956,"["".github/pr-submit.yml"", "".github/workflows/bump-pre-commit-hooks.yml"", "".github/workflows/pre-commit.yml"", "".github/workflows/prepare-release.yml"", "".github/workflows/sponsors.yml"", "".github/workflows/topic-repos.yml"", "".github/workflows/translate.yml"", ""docs/en/data/github_sponsors.yml"", ""docs/en/data/topic_repos.yml"", ""docs/en/docs/release-notes.md"", ""docs/ko/docs/features.md"", ""docs/ko/docs/history-design-future.md"", ""pyproject.toml"", ""scripts/sponsors.py"", ""scripts/topic_repos.py"", ""scripts/translate.py"", ""uv.lock""]",0
31365959757,PR #16162,success,61b9090149a074ec8432f6c16c874fc3779fb231,2026-08-10 07:27:57+00:00,dynamic,93384262127,Analyze (javascript-typescript),success,45.0,17,268,240,43956,"["".github/pr-submit.yml"", "".github/workflows/bump-pre-commit-hooks.yml"", "".github/workflows/pre-commit.yml"", "".github/workflows/prepare-release.yml"", "".github/workflows/sponsors.yml"", "".github/workflows/topic-repos.yml"", "".github/workflows/translate.yml"", ""docs/en/data/github_sponsors.yml"", ""docs/en/data/topic_repos.yml"", ""docs/en/docs/release-notes.md"", ""docs/ko/docs/features.md"", ""docs/ko/docs/history-design-future.md"", ""pyproject.toml"", ""scripts/sponsors.py"", ""scripts/topic_repos.py"", ""scripts/translate.py"", ""uv.lock""]",0
31365959757,PR #16162,success,61b9090149a074ec8432f6c16c874fc3779fb231,2026-08-10 07:27:57+00:00,dynamic,93384262160,Analyze (python),success,53.0,17,268,240,43956,"["".github/pr-submit.yml"", "".github/workflows/bump-pre-commit-hooks.yml"", "".github/workflows/pre-commit.yml"", "".github/workflows/prepare-release.yml"", "".github/workflows/sponsors.yml"", "".github/workflows/topic-repos.yml"", "".github/workflows/translate.yml"", ""docs/en/data/github_sponsors.yml"", ""docs/en/data/topic_repos.yml"", ""docs/en/docs/release-notes.md"", ""docs/ko/docs/features.md"", ""docs/ko/docs/history-design-future.md"", ""pyproject.toml"", ""scripts/sponsors.py"", ""scripts/topic_repos.py"", ""scripts/translate.py"", ""uv.lock""]",0
31365959757,PR #16162,success,61b9090149a074ec8432f6c16c874fc3779fb231,2026-08-10 07:27:57+00:00,dynamic,93384262189,Analyze (actions),success,45.0,17,268,240,43956,"["".github/pr-submit.yml"", "".github/workflows/bump-pre-commit-hooks.yml"", "".github/workflows/pre-commit.yml"", "".github/workflows/prepare-release.yml"", "".github/workflows/sponsors.yml"", "".github/workflows/topic-repos.yml"", "".github/workflows/translate.yml"", ""docs/en/data/github_sponsors.yml"", ""docs/en/data/topic_repos.yml"", ""docs/en/docs/release-notes.md"", ""docs/ko/docs/features.md"", ""docs/ko/docs/history-design-future.md"", ""pyproject.toml"", ""scripts/sponsors.py"", ""scripts/topic_repos.py"", ""scripts/translate.py"", ""uv.lock""]",0
31365872921,Push on master,success,6a6002298106d89d3a65fd62527dc0bdc4e681fd,2026-08-10 07:26:38+00:00,dynamic,93384000877,Analyze (python),success,87.0,1,1,0,662,"[""docs/en/docs/release-notes.md""]",0
31365872921,Push on master,success,6a6002298106d89d3a65fd62527dc0bdc4e681fd,2026-08-10 07:26:38+00:00,dynamic,93384000910,Analyze (javascript-typescript),success,76.0,1,1,0,662,"[""docs/en/docs/release-notes.md""]",0
31365872921,Push on master,success,6a6002298106d89d3a65fd62527dc0bdc4e681fd,2026-08-10 07:26:38+00:00,dynamic,93384000952,Analyze (actions),success,45.0,1,1,0,662,"[""docs/en/docs/release-notes.md""]",0
31365872644,Configured Graph Update: uv in /. #1516780208,success,6a6002298106d89d3a65fd62527dc0bdc4e681fd,2026-08-10 07:26:37+00:00,dynamic,93383999272,update-uv-graph,success,50.0,1,1,0,662,"[""docs/en/docs/release-notes.md""]",0
31365869964,Notify Translations,success,6cffc76b41cfa3fbfa9116393d7376c2eb41d9ee,2026-08-10 07:26:35+00:00,pull_request_target,93383988206,job,success,33.0,1,3,3,1413,"[""uv.lock""]",0
31365869780,Push on master,success,aa92203c32e885f4f583cd5a7e4040501a5dbae4,2026-08-10 07:26:35+00:00,dynamic,93383990322,Analyze (actions),success,43.0,1,3,3,1413,"[""uv.lock""]",0
31365869780,Push on master,success,aa92203c32e885f4f583cd5a7e4040501a5dbae4,2026-08-10 07:26:35+00:00,dynamic,93383990412,Analyze (javascript-typescript),success,75.0,1,3,3,1413,"[""uv.lock""]",0
31365869780,Push on master,success,aa92203c32e885f4f583cd5a7e4040501a5dbae4,2026-08-10 07:26:35+00:00,dynamic,93383990446,Analyze (python),success,73.0,1,3,3,1413,"[""uv.lock""]",0
31365869453,Build Docs,success,aa92203c32e885f4f583cd5a7e4040501a5dbae4,2026-08-10 07:26:34+00:00,push,93383986431,changes,success,9.0,1,3,3,1413,"[""uv.lock""]",0
31365869453,Build Docs,success,aa92203c32e885f4f583cd5a7e4040501a5dbae4,2026-08-10 07:26:34+00:00,push,93384049202,langs,success,18.0,1,3,3,1413,"[""uv.lock""]",0
31365869453,Build Docs,success,aa92203c32e885f4f583cd5a7e4040501a5dbae4,2026-08-10 07:26:34+00:00,push,93384241345,build-docs (ko),success,39.0,1,3,3,1413,"[""uv.lock""]",0
31365869453,Build Docs,success,aa92203c32e885f4f583cd5a7e4040501a5dbae4,2026-08-10 07:26:34+00:00,push,93384241346,build-docs (hi),success,46.0,1,3,3,1413,"[""uv.lock""]",0
31365869453,Build Docs,success,aa92203c32e885f4f583cd5a7e4040501a5dbae4,2026-08-10 07:26:34+00:00,push,93384241351,build-docs (pt),success,39.0,1,3,3,1413,"[""uv.lock""]",0
31365869453,Build Docs,success,aa92203c32e885f4f583cd5a7e4040501a5dbae4,2026-08-10 07:26:34+00:00,push,93384241354,build-docs (es),success,42.0,1,3,3,1413,"[""uv.lock""]",0
31365869453,Build Docs,success,aa92203c32e885f4f583cd5a7e4040501a5dbae4,2026-08-10 07:26:34+00:00,push,93384241361,build-docs (de),success,38.0,1,3,3,1413,"[""uv.lock""]",0
31365869453,Build Docs,success,aa92203c32e885f4f583cd5a7e4040501a5dbae4,2026-08-10 07:26:34+00:00,push,93384241368,build-docs (fr),success,44.0,1,3,3,1413,"[""uv.lock""]",0
31365869453,Build Docs,success,aa92203c32e885f4f583cd5a7e4040501a5dbae4,2026-08-10 07:26:34+00:00,push,93384241388,build-docs (en),success,34.0,1,3,3,1413,"[""uv.lock""]",0
31365869453,Build Docs,success,aa92203c32e885f4f583cd5a7e4040501a5dbae4,2026-08-10 07:26:34+00:00,push,93384241392,build-docs (ja),success,44.0,1,3,3,1413,"[""uv.lock""]",0
31365869453,Build Docs,success,aa92203c32e885f4f583cd5a7e4040501a5dbae4,2026-08-10 07:26:34+00:00,push,93384241409,build-docs (uk),success,40.0,1,3,3,1413,"[""uv.lock""]",0
31365869453,Build Docs,success,aa92203c32e885f4f583cd5a7e4040501a5dbae4,2026-08-10 07:26:34+00:00,push,93384241423,build-docs (zh-hant),success,45.0,1,3,3,1413,"[""uv.lock""]",0
31365869453,Build Docs,success,aa92203c32e885f4f583cd5a7e4040501a5dbae4,2026-08-10 07:26:34+00:00,push,93384241446,build-docs (ru),success,39.0,1,3,3,1413,"[""uv.lock""]",0
31365869453,Build Docs,success,aa92203c32e885f4f583cd5a7e4040501a5dbae4,2026-08-10 07:26:34+00:00,push,93384241448,build-docs (zh),success,39.0,1,3,3,1413,"[""uv.lock""]",0
31365869453,Build Docs,success,aa92203c32e885f4f583cd5a7e4040501a5dbae4,2026-08-10 07:26:34+00:00,push,93384241581,build-docs (tr),success,36.0,1,3,3,1413,"[""uv.lock""]",0
31365869453,Build Docs,success,aa92203c32e885f4f583cd5a7e4040501a5dbae4,2026-08-10 07:26:34+00:00,push,93384943780,docs-all-green,success,2.0,1,3,3,1413,"[""uv.lock""]",0
31365869467,Test,success,aa92203c32e885f4f583cd5a7e4040501a5dbae4,2026-08-10 07:26:34+00:00,push,93383986436,regression-test,success,4.0,1,3,3,1413,"[""uv.lock""]",0
31365869467,Test,success,aa92203c32e885f4f583cd5a7e4040501a5dbae4,2026-08-10 07:26:34+00:00,push,93383986517,changes,success,6.0,1,3,3,1413,"[""uv.lock""]",0
31365869467,Test,success,aa92203c32e885f4f583cd5a7e4040501a5dbae4,2026-08-10 07:26:34+00:00,push,93384018598,benchmark,success,166.0,1,3,3,1413,"[""uv.lock""]",0
31365869467,Test,success,aa92203c32e885f4f583cd5a7e4040501a5dbae4,2026-08-10 07:26:34+00:00,push,93384018766,"test (macos-latest, 3.14t, no-deprecation, highest, starlette-git)",success,147.0,1,3,3,1413,"[""uv.lock""]",0
31365869467,Test,success,aa92203c32e885f4f583cd5a7e4040501a5dbae4,2026-08-10 07:26:34+00:00,push,93384018780,"test (windows-latest, 3.14, no-deprecation, highest, starlette-pypi)",success,78.0,1,3,3,1413,"[""uv.lock""]",0
31365869467,Test,success,aa92203c32e885f4f583cd5a7e4040501a5dbae4,2026-08-10 07:26:34+00:00,push,93384018787,"test (macos-latest, 3.14, no-deprecation, highest, starlette-pypi)",success,56.0,1,3,3,1413,"[""uv.lock""]",0
31365869467,Test,success,aa92203c32e885f4f583cd5a7e4040501a5dbae4,2026-08-10 07:26:34+00:00,push,93384018789,"test (macos-latest, 3.14, no-deprecation, highest, starlette-git)",success,50.0,1,3,3,1413,"[""uv.lock""]",0
31365869467,Test,success,aa92203c32e885f4f583cd5a7e4040501a5dbae4,2026-08-10 07:26:34+00:00,push,93384018793,"test (macos-latest, 3.14t, no-deprecation, highest, starlette-pypi)",success,90.0,1,3,3,1413,"[""uv.lock""]",0
31365869467,Test,success,aa92203c32e885f4f583cd5a7e4040501a5dbae4,2026-08-10 07:26:34+00:00,push,93384018796,"test (windows-latest, 3.12, lowest-direct, no-deprecation, coverage)",success,113.0,1,3,3,1413,"[""uv.lock""]",0
31365869467,Test,success,aa92203c32e885f4f583cd5a7e4040501a5dbae4,2026-08-10 07:26:34+00:00,push,93384018797,"test (windows-latest, 3.14t, no-deprecation, highest, starlette-pypi)",success,411.0,1,3,3,1413,"[""uv.lock""]",0
31365869467,Test,success,aa92203c32e885f4f583cd5a7e4040501a5dbae4,2026-08-10 07:26:34+00:00,push,93384018807,"test (ubuntu-latest, 3.13, highest, no-deprecation, codspeed)",success,89.0,1,3,3,1413,"[""uv.lock""]",0
31365869467,Test,success,aa92203c32e885f4f583cd5a7e4040501a5dbae4,2026-08-10 07:26:34+00:00,push,93384018828,"test (windows-latest, 3.14, no-deprecation, highest, starlette-git)",success,89.0,1,3,3,1413,"[""uv.lock""]",0
31365869467,Test,success,aa92203c32e885f4f583cd5a7e4040501a5dbae4,2026-08-10 07:26:34+00:00,push,93384018838,"test (windows-latest, 3.14t, no-deprecation, highest, starlette-git)",success,214.0,1,3,3,1413,"[""uv.lock""]",0
31365869467,Test,success,aa92203c32e885f4f583cd5a7e4040501a5dbae4,2026-08-10 07:26:34+00:00,push,93384018856,"test (ubuntu-latest, 3.13, highest, no-deprecation, coverage)",success,78.0,1,3,3,1413,"[""uv.lock""]",0
31365869467,Test,success,aa92203c32e885f4f583cd5a7e4040501a5dbae4,2026-08-10 07:26:34+00:00,push,93384018866,"test (ubuntu-latest, 3.14t, highest, no-deprecation, coverage)",success,85.0,1,3,3,1413,"[""uv.lock""]",0
31365869467,Test,success,aa92203c32e885f4f583cd5a7e4040501a5dbae4,2026-08-10 07:26:34+00:00,push,93384018913,"test (macos-latest, 3.10, lowest-direct, no-deprecation, coverage)",success,76.0,1,3,3,1413,"[""uv.lock""]",0
31365869467,Test,success,aa92203c32e885f4f583cd5a7e4040501a5dbae4,2026-08-10 07:26:34+00:00,push,93384018936,"test (ubuntu-latest, 3.14, highest, starlette-git, test-deprecation, coverage)",success,66.0,1,3,3,1413,"[""uv.lock""]",0
31365869467,Test,success,aa92203c32e885f4f583cd5a7e4040501a5dbae4,2026-08-10 07:26:34+00:00,push,93384018952,"test (ubuntu-latest, 3.13, highest, no-deprecation, true)",success,64.0,1,3,3,1413,"[""uv.lock""]",0
31365869467,Test,success,aa92203c32e885f4f583cd5a7e4040501a5dbae4,2026-08-10 07:26:34+00:00,push,93385441228,coverage-combine,success,56.0,1,3,3,1413,"[""uv.lock""]",0
31365869467,Test,success,aa92203c32e885f4f583cd5a7e4040501a5dbae4,2026-08-10 07:26:34+00:00,push,93385650779,test-alls-green,success,2.0,1,3,3,1413,"[""uv.lock""]",0
31365869449,Test Redistribute,success,aa92203c32e885f4f583cd5a7e4040501a5dbae4,2026-08-10 07:26:34+00:00,push,93383986183,test-redistribute,success,54.0,1,3,3,1413,"[""uv.lock""]",0
31365869449,Test Redistribute,success,aa92203c32e885f4f583cd5a7e4040501a5dbae4,2026-08-10 07:26:34+00:00,push,93384174926,test-redistribute-alls-green,success,5.0,1,3,3,1413,"[""uv.lock""]",0
31365869456,Conflict detector,success,aa92203c32e885f4f583cd5a7e4040501a5dbae4,2026-08-10 07:26:34+00:00,push,93383986187,main,success,127.0,1,3,3,1413,"[""uv.lock""]",0
31365836158,Deploy Docs,success,244d66308d6c525f394d0c2ce32dabceb2ed262b,2026-08-10 07:26:04+00:00,workflow_run,93383888158,deploy-docs,success,60.0,1,1,0,647,"[""docs/en/docs/release-notes.md""]",0
31365662687,Zizmor,success,10375c077c9f48b680b119017a0d84f8e1b89dd0,2026-08-10 07:23:29+00:00,pull_request,93383369520,Run zizmor,success,19.0,19,290,248,45886,"["".github/pr-push.yml"", "".github/pr-submit.yml"", "".github/workflows/build-docs.yml"", "".github/workflows/bump-pre-commit-hooks.yml"", "".github/workflows/pre-commit.yml"", "".github/workflows/prepare-release.yml"", "".github/workflows/sponsors.yml"", "".github/workflows/topic-repos.yml"", "".github/workflows/translate.yml"", ""docs/en/data/github_sponsors.yml"", ""docs/en/data/topic_repos.yml"", ""docs/en/docs/release-notes.md"", ""docs/ko/docs/features.md"", ""docs/ko/docs/history-design-future.md"", ""pyproject.toml"", ""scripts/sponsors.py"", ""scripts/topic_repos.py"", ""scripts/translate.py"", ""uv.lock""]",0
31365662670,Test Redistribute,success,10375c077c9f48b680b119017a0d84f8e1b89dd0,2026-08-10 07:23:29+00:00,pull_request,93383369528,test-redistribute,success,57.0,19,290,248,45886,"["".github/pr-push.yml"", "".github/pr-submit.yml"", "".github/workflows/build-docs.yml"", "".github/workflows/bump-pre-commit-hooks.yml"", "".github/workflows/pre-commit.yml"", "".github/workflows/prepare-release.yml"", "".github/workflows/sponsors.yml"", "".github/workflows/topic-repos.yml"", "".github/workflows/translate.yml"", ""docs/en/data/github_sponsors.yml"", ""docs/en/data/topic_repos.yml"", ""docs/en/docs/release-notes.md"", ""docs/ko/docs/features.md"", ""docs/ko/docs/history-design-future.md"", ""pyproject.toml"", ""scripts/sponsors.py"", ""scripts/topic_repos.py"", ""scripts/translate.py"", ""uv.lock""]",0
31365662670,Test Redistribute,success,10375c077c9f48b680b119017a0d84f8e1b89dd0,2026-08-10 07:23:29+00:00,pull_request,93383570479,test-redistribute-alls-green,success,3.0,19,290,248,45886,"["".github/pr-push.yml"", "".github/pr-submit.yml"", "".github/workflows/build-docs.yml"", "".github/workflows/bump-pre-commit-hooks.yml"", "".github/workflows/pre-commit.yml"", "".github/workflows/prepare-release.yml"", "".github/workflows/sponsors.yml"", "".github/workflows/topic-repos.yml"", "".github/workflows/translate.yml"", ""docs/en/data/github_sponsors.yml"", ""docs/en/data/topic_repos.yml"", ""docs/en/docs/release-notes.md"", ""docs/ko/docs/features.md"", ""docs/ko/docs/history-design-future.md"", ""pyproject.toml"", ""scripts/sponsors.py"", ""scripts/topic_repos.py"", ""scripts/translate.py"", ""uv.lock""]",0
31365662663,pre-commit,success,10375c077c9f48b680b119017a0d84f8e1b89dd0,2026-08-10 07:23:29+00:00,pull_request,93383369338,pre-commit,success,51.0,19,290,248,45886,"["".github/pr-push.yml"", "".github/pr-submit.yml"", "".github/workflows/build-docs.yml"", "".github/workflows/bump-pre-commit-hooks.yml"", "".github/workflows/pre-commit.yml"", "".github/workflows/prepare-release.yml"", "".github/workflows/sponsors.yml"", "".github/workflows/topic-repos.yml"", "".github/workflows/translate.yml"", ""docs/en/data/github_sponsors.yml"", ""docs/en/data/topic_repos.yml"", ""docs/en/docs/release-notes.md"", ""docs/ko/docs/features.md"", ""docs/ko/docs/history-design-future.md"", ""pyproject.toml"", ""scripts/sponsors.py"", ""scripts/topic_repos.py"", ""scripts/translate.py"", ""uv.lock""]",0
31365662663,pre-commit,success,10375c077c9f48b680b119017a0d84f8e1b89dd0,2026-08-10 07:23:29+00:00,pull_request,93383571074,pre-commit-alls-green,success,2.0,19,290,248,45886,"["".github/pr-push.yml"", "".github/pr-submit.yml"", "".github/workflows/build-docs.yml"", "".github/workflows/bump-pre-commit-hooks.yml"", "".github/workflows/pre-commit.yml"", "".github/workflows/prepare-release.yml"", "".github/workflows/sponsors.yml"", "".github/workflows/topic-repos.yml"", "".github/workflows/translate.yml"", ""docs/en/data/github_sponsors.yml"", ""docs/en/data/topic_repos.yml"", ""docs/en/docs/release-notes.md"", ""docs/ko/docs/features.md"", ""docs/ko/docs/history-design-future.md"", ""pyproject.toml"", ""scripts/sponsors.py"", ""scripts/topic_repos.py"", ""scripts/translate.py"", ""uv.lock""]",0
31365662705,Build Docs,success,10375c077c9f48b680b119017a0d84f8e1b89dd0,2026-08-10 07:23:29+00:00,pull_request,93383369573,changes,success,7.0,19,290,248,45886,"["".github/pr-push.yml"", "".github/pr-submit.yml"", "".github/workflows/build-docs.yml"", "".github/workflows/bump-pre-commit-hooks.yml"", "".github/workflows/pre-commit.yml"", "".github/workflows/prepare-release.yml"", "".github/workflows/sponsors.yml"", "".github/workflows/topic-repos.yml"", "".github/workflows/translate.yml"", ""docs/en/data/github_sponsors.yml"", ""docs/en/data/topic_repos.yml"", ""docs/en/docs/release-notes.md"", ""docs/ko/docs/features.md"", ""docs/ko/docs/history-design-future.md"", ""pyproject.toml"", ""scripts/sponsors.py"", ""scripts/topic_repos.py"", ""scripts/translate.py"", ""uv.lock""]",0
31365662705,Build Docs,success,10375c077c9f48b680b119017a0d84f8e1b89dd0,2026-08-10 07:23:29+00:00,pull_request,93383404355,langs,success,15.0,19,290,248,45886,"["".github/pr-push.yml"", "".github/pr-submit.yml"", "".github/workflows/build-docs.yml"", "".github/workflows/bump-pre-commit-hooks.yml"", "".github/workflows/pre-commit.yml"", "".github/workflows/prepare-release.yml"", "".github/workflows/sponsors.yml"", "".github/workflows/topic-repos.yml"", "".github/workflows/translate.yml"", ""docs/en/data/github_sponsors.yml"", ""docs/en/data/topic_repos.yml"", ""docs/en/docs/release-notes.md"", ""docs/ko/docs/features.md"", ""docs/ko/docs/history-design-future.md"", ""pyproject.toml"", ""scripts/sponsors.py"", ""scripts/topic_repos.py"", ""scripts/translate.py"", ""uv.lock""]",0
31365662705,Build Docs,success,10375c077c9f48b680b119017a0d84f8e1b89dd0,2026-08-10 07:23:29+00:00,pull_request,93383462198,build-docs (uk),success,31.0,19,290,248,45886,"["".github/pr-push.yml"", "".github/pr-submit.yml"", "".github/workflows/build-docs.yml"", "".github/workflows/bump-pre-commit-hooks.yml"", "".github/workflows/pre-commit.yml"", "".github/workflows/prepare-release.yml"", "".github/workflows/sponsors.yml"", "".github/workflows/topic-repos.yml"", "".github/workflows/translate.yml"", ""docs/en/data/github_sponsors.yml"", ""docs/en/data/topic_repos.yml"", ""docs/en/docs/release-notes.md"", ""docs/ko/docs/features.md"", ""docs/ko/docs/history-design-future.md"", ""pyproject.toml"", ""scripts/sponsors.py"", ""scripts/topic_repos.py"", ""scripts/translate.py"", ""uv.lock""]",0
31365662705,Build Docs,success,10375c077c9f48b680b119017a0d84f8e1b89dd0,2026-08-10 07:23:29+00:00,pull_request,93383462202,build-docs (en),success,39.0,19,290,248,45886,"["".github/pr-push.yml"", "".github/pr-submit.yml"", "".github/workflows/build-docs.yml"", "".github/workflows/bump-pre-commit-hooks.yml"", "".github/workflows/pre-commit.yml"", "".github/workflows/prepare-release.yml"", "".github/workflows/sponsors.yml"", "".github/workflows/topic-repos.yml"", "".github/workflows/translate.yml"", ""docs/en/data/github_sponsors.yml"", ""docs/en/data/topic_repos.yml"", ""docs/en/docs/release-notes.md"", ""docs/ko/docs/features.md"", ""docs/ko/docs/history-design-future.md"", ""pyproject.toml"", ""scripts/sponsors.py"", ""scripts/topic_repos.py"", ""scripts/translate.py"", ""uv.lock""]",0
31365662705,Build Docs,success,10375c077c9f48b680b119017a0d84f8e1b89dd0,2026-08-10 07:23:29+00:00,pull_request,93383462203,build-docs (es),success,38.0,19,290,248,45886,"["".github/pr-push.yml"", "".github/pr-submit.yml"", "".github/workflows/build-docs.yml"", "".github/workflows/bump-pre-commit-hooks.yml"", "".github/workflows/pre-commit.yml"", "".github/workflows/prepare-release.yml"", "".github/workflows/sponsors.yml"", "".github/workflows/topic-repos.yml"", "".github/workflows/translate.yml"", ""docs/en/data/github_sponsors.yml"", ""docs/en/data/topic_repos.yml"", ""docs/en/docs/release-notes.md"", ""docs/ko/docs/features.md"", ""docs/ko/docs/history-design-future.md"", ""pyproject.toml"", ""scripts/sponsors.py"", ""scripts/topic_repos.py"", ""scripts/translate.py"", ""uv.lock""]",0
31365662705,Build Docs,success,10375c077c9f48b680b119017a0d84f8e1b89dd0,2026-08-10 07:23:29+00:00,pull_request,93383462214,build-docs (ko),success,33.0,19,290,248,45886,"["".github/pr-push.yml"", "".github/pr-submit.yml"", "".github/workflows/build-docs.yml"", "".github/workflows/bump-pre-commit-hooks.yml"", "".github/workflows/pre-commit.yml"", "".github/workflows/prepare-release.yml"", "".github/workflows/sponsors.yml"", "".github/workflows/topic-repos.yml"", "".github/workflows/translate.yml"", ""docs/en/data/github_sponsors.yml"", ""docs/en/data/topic_repos.yml"", ""docs/en/docs/release-notes.md"", ""docs/ko/docs/features.md"", ""docs/ko/docs/history-design-future.md"", ""pyproject.toml"", ""scripts/sponsors.py"", ""scripts/topic_repos.py"", ""scripts/translate.py"", ""uv.lock""]",0
31365662705,Build Docs,success,10375c077c9f48b680b119017a0d84f8e1b89dd0,2026-08-10 07:23:29+00:00,pull_request,93383462219,build-docs (hi),success,32.0,19,290,248,45886,"["".github/pr-push.yml"", "".github/pr-submit.yml"", "".github/workflows/build-docs.yml"", "".github/workflows/bump-pre-commit-hooks.yml"", "".github/workflows/pre-commit.yml"", "".github/workflows/prepare-release.yml"", "".github/workflows/sponsors.yml"", "".github/workflows/topic-repos.yml"", "".github/workflows/translate.yml"", ""docs/en/data/github_sponsors.yml"", ""docs/en/data/topic_repos.yml"", ""docs/en/docs/release-notes.md"", ""docs/ko/docs/features.md"", ""docs/ko/docs/history-design-future.md"", ""pyproject.toml"", ""scripts/sponsors.py"", ""scripts/topic_repos.py"", ""scripts/translate.py"", ""uv.lock""]",0
31365662705,Build Docs,success,10375c077c9f48b680b119017a0d84f8e1b89dd0,2026-08-10 07:23:29+00:00,pull_request,93383462222,build-docs (de),success,32.0,19,290,248,45886,"["".github/pr-push.yml"", "".github/pr-submit.yml"", "".github/workflows/build-docs.yml"", "".github/workflows/bump-pre-commit-hooks.yml"", "".github/workflows/pre-commit.yml"", "".github/workflows/prepare-release.yml"", "".github/workflows/sponsors.yml"", "".github/workflows/topic-repos.yml"", "".github/workflows/translate.yml"", ""docs/en/data/github_sponsors.yml"", ""docs/en/data/topic_repos.yml"", ""docs/en/docs/release-notes.md"", ""docs/ko/docs/features.md"", ""docs/ko/docs/history-design-future.md"", ""pyproject.toml"", ""scripts/sponsors.py"", ""scripts/topic_repos.py"", ""scripts/translate.py"", ""uv.lock""]",0
31365662705,Build Docs,success,10375c077c9f48b680b119017a0d84f8e1b89dd0,2026-08-10 07:23:29+00:00,pull_request,93383462233,build-docs (tr),success,34.0,19,290,248,45886,"["".github/pr-push.yml"", "".github/pr-submit.yml"", "".github/workflows/build-docs.yml"", "".github/workflows/bump-pre-commit-hooks.yml"", "".github/workflows/pre-commit.yml"", "".github/workflows/prepare-release.yml"", "".github/workflows/sponsors.yml"", "".github/workflows/topic-repos.yml"", "".github/workflows/translate.yml"", ""docs/en/data/github_sponsors.yml"", ""docs/en/data/topic_repos.yml"", ""docs/en/docs/release-notes.md"", ""docs/ko/docs/features.md"", ""docs/ko/docs/history-design-future.md"", ""pyproject.toml"", ""scripts/sponsors.py"", ""scripts/topic_repos.py"", ""scripts/translate.py"", ""uv.lock""]",0
31365662705,Build Docs,success,10375c077c9f48b680b119017a0d84f8e1b89dd0,2026-08-10 07:23:29+00:00,pull_request,93383462250,build-docs (ja),success,32.0,19,290,248,45886,"["".github/pr-push.yml"", "".github/pr-submit.yml"", "".github/workflows/build-docs.yml"", "".github/workflows/bump-pre-commit-hooks.yml"", "".github/workflows/pre-commit.yml"", "".github/workflows/prepare-release.yml"", "".github/workflows/sponsors.yml"", "".github/workflows/topic-repos.yml"", "".github/workflows/translate.yml"", ""docs/en/data/github_sponsors.yml"", ""docs/en/data/topic_repos.yml"", ""docs/en/docs/release-notes.md"", ""docs/ko/docs/features.md"", ""docs/ko/docs/history-design-future.md"", ""pyproject.toml"", ""scripts/sponsors.py"", ""scripts/topic_repos.py"", ""scripts/translate.py"", ""uv.lock""]",0
31365662705,Build Docs,success,10375c077c9f48b680b119017a0d84f8e1b89dd0,2026-08-10 07:23:29+00:00,pull_request,93383462257,build-docs (zh),success,39.0,19,290,248,45886,"["".github/pr-push.yml"", "".github/pr-submit.yml"", "".github/workflows/build-docs.yml"", "".github/workflows/bump-pre-commit-hooks.yml"", "".github/workflows/pre-commit.yml"", "".github/workflows/prepare-release.yml"", "".github/workflows/sponsors.yml"", "".github/workflows/topic-repos.yml"", "".github/workflows/translate.yml"", ""docs/en/data/github_sponsors.yml"", ""docs/en/data/topic_repos.yml"", ""docs/en/docs/release-notes.md"", ""docs/ko/docs/features.md"", ""docs/ko/docs/history-design-future.md"", ""pyproject.toml"", ""scripts/sponsors.py"", ""scripts/topic_repos.py"", ""scripts/translate.py"", ""uv.lock""]",0
31365662705,Build Docs,success,10375c077c9f48b680b119017a0d84f8e1b89dd0,2026-08-10 07:23:29+00:00,pull_request,93383462260,build-docs (fr),success,41.0,19,290,248,45886,"["".github/pr-push.yml"", "".github/pr-submit.yml"", "".github/workflows/build-docs.yml"", "".github/workflows/bump-pre-commit-hooks.yml"", "".github/workflows/pre-commit.yml"", "".github/workflows/prepare-release.yml"", "".github/workflows/sponsors.yml"", "".github/workflows/topic-repos.yml"", "".github/workflows/translate.yml"", ""docs/en/data/github_sponsors.yml"", ""docs/en/data/topic_repos.yml"", ""docs/en/docs/release-notes.md"", ""docs/ko/docs/features.md"", ""docs/ko/docs/history-design-future.md"", ""pyproject.toml"", ""scripts/sponsors.py"", ""scripts/topic_repos.py"", ""scripts/translate.py"", ""uv.lock""]",0
31365662705,Build Docs,success,10375c077c9f48b680b119017a0d84f8e1b89dd0,2026-08-10 07:23:29+00:00,pull_request,93383462266,build-docs (ru),success,43.0,19,290,248,45886,"["".github/pr-push.yml"", "".github/pr-submit.yml"", "".github/workflows/build-docs.yml"", "".github/workflows/bump-pre-commit-hooks.yml"", "".github/workflows/pre-commit.yml"", "".github/workflows/prepare-release.yml"", "".github/workflows/sponsors.yml"", "".github/workflows/topic-repos.yml"", "".github/workflows/translate.yml"", ""docs/en/data/github_sponsors.yml"", ""docs/en/data/topic_repos.yml"", ""docs/en/docs/release-notes.md"", ""docs/ko/docs/features.md"", ""docs/ko/docs/history-design-future.md"", ""pyproject.toml"", ""scripts/sponsors.py"", ""scripts/topic_repos.py"", ""scripts/translate.py"", ""uv.lock""]",0
31365662705,Build Docs,success,10375c077c9f48b680b119017a0d84f8e1b89dd0,2026-08-10 07:23:29+00:00,pull_request,93383462347,build-docs (pt),success,35.0,19,290,248,45886,"["".github/pr-push.yml"", "".github/pr-submit.yml"", "".github/workflows/build-docs.yml"", "".github/workflows/bump-pre-commit-hooks.yml"", "".github/workflows/pre-commit.yml"", "".github/workflows/prepare-release.yml"", "".github/workflows/sponsors.yml"", "".github/workflows/topic-repos.yml"", "".github/workflows/translate.yml"", ""docs/en/data/github_sponsors.yml"", ""docs/en/data/topic_repos.yml"", ""docs/en/docs/release-notes.md"", ""docs/ko/docs/features.md"", ""docs/ko/docs/history-design-future.md"", ""pyproject.toml"", ""scripts/sponsors.py"", ""scripts/topic_repos.py"", ""scripts/translate.py"", ""uv.lock""]",0
31365662705,Build Docs,success,10375c077c9f48b680b119017a0d84f8e1b89dd0,2026-08-10 07:23:29+00:00,pull_request,93383462390,build-docs (zh-hant),success,37.0,19,290,248,45886,"["".github/pr-push.yml"", "".github/pr-submit.yml"", "".github/workflows/build-docs.yml"", "".github/workflows/bump-pre-commit-hooks.yml"", "".github/workflows/pre-commit.yml"", "".github/workflows/prepare-release.yml"", "".github/workflows/sponsors.yml"", "".github/workflows/topic-repos.yml"", "".github/workflows/translate.yml"", ""docs/en/data/github_sponsors.yml"", ""docs/en/data/topic_repos.yml"", ""docs/en/docs/release-notes.md"", ""docs/ko/docs/features.md"", ""docs/ko/docs/history-design-future.md"", ""pyproject.toml"", ""scripts/sponsors.py"", ""scripts/topic_repos.py"", ""scripts/translate.py"", ""uv.lock""]",0
31365662705,Build Docs,success,10375c077c9f48b680b119017a0d84f8e1b89dd0,2026-08-10 07:23:29+00:00,pull_request,93383850310,docs-all-green,success,5.0,19,290,248,45886,"["".github/pr-push.yml"", "".github/pr-submit.yml"", "".github/workflows/build-docs.yml"", "".github/workflows/bump-pre-commit-hooks.yml"", "".github/workflows/pre-commit.yml"", "".github/workflows/prepare-release.yml"", "".github/workflows/sponsors.yml"", "".github/workflows/topic-repos.yml"", "".github/workflows/translate.yml"", ""docs/en/data/github_sponsors.yml"", ""docs/en/data/topic_repos.yml"", ""docs/en/docs/release-notes.md"", ""docs/ko/docs/features.md"", ""docs/ko/docs/history-design-future.md"", ""pyproject.toml"", ""scripts/sponsors.py"", ""scripts/topic_repos.py"", ""scripts/translate.py"", ""uv.lock""]",0
31365662653,Test,success,10375c077c9f48b680b119017a0d84f8e1b89dd0,2026-08-10 07:23:29+00:00,pull_request,93383369422,changes,success,7.0,19,290,248,45886,"["".github/pr-push.yml"", "".github/pr-submit.yml"", "".github/workflows/build-docs.yml"", "".github/workflows/bump-pre-commit-hooks.yml"", "".github/workflows/pre-commit.yml"", "".github/workflows/prepare-release.yml"", "".github/workflows/sponsors.yml"", "".github/workflows/topic-repos.yml"", "".github/workflows/translate.yml"", ""docs/en/data/github_sponsors.yml"", ""docs/en/data/topic_repos.yml"", ""docs/en/docs/release-notes.md"", ""docs/ko/docs/features.md"", ""docs/ko/docs/history-design-future.md"", ""pyproject.toml"", ""scripts/sponsors.py"", ""scripts/topic_repos.py"", ""scripts/translate.py"", ""uv.lock""]",0
31365662653,Test,success,10375c077c9f48b680b119017a0d84f8e1b89dd0,2026-08-10 07:23:29+00:00,pull_request,93383369513,regression-test,success,9.0,19,290,248,45886,"["".github/pr-push.yml"", "".github/pr-submit.yml"", "".github/workflows/build-docs.yml"", "".github/workflows/bump-pre-commit-hooks.yml"", "".github/workflows/pre-commit.yml"", "".github/workflows/prepare-release.yml"", "".github/workflows/sponsors.yml"", "".github/workflows/topic-repos.yml"", "".github/workflows/translate.yml"", ""docs/en/data/github_sponsors.yml"", ""docs/en/data/topic_repos.yml"", ""docs/en/docs/release-notes.md"", ""docs/ko/docs/features.md"", ""docs/ko/docs/history-design-future.md"", ""pyproject.toml"", ""scripts/sponsors.py"", ""scripts/topic_repos.py"", ""scripts/translate.py"", ""uv.lock""]",0
31365662653,Test,success,10375c077c9f48b680b119017a0d84f8e1b89dd0,2026-08-10 07:23:29+00:00,pull_request,93383422260,benchmark,success,167.0,19,290,248,45886,"["".github/pr-push.yml"", "".github/pr-submit.yml"", "".github/workflows/build-docs.yml"", "".github/workflows/bump-pre-commit-hooks.yml"", "".github/workflows/pre-commit.yml"", "".github/workflows/prepare-release.yml"", "".github/workflows/sponsors.yml"", "".github/workflows/topic-repos.yml"", "".github/workflows/translate.yml"", ""docs/en/data/github_sponsors.yml"", ""docs/en/data/topic_repos.yml"", ""docs/en/docs/release-notes.md"", ""docs/ko/docs/features.md"", ""docs/ko/docs/history-design-future.md"", ""pyproject.toml"", ""scripts/sponsors.py"", ""scripts/topic_repos.py"", ""scripts/translate.py"", ""uv.lock""]",0
31365662653,Test,success,10375c077c9f48b680b119017a0d84f8e1b89dd0,2026-08-10 07:23:29+00:00,pull_request,93383422537,"test (windows-latest, 3.14, no-deprecation, highest, starlette-git)",success,88.0,19,290,248,45886,"["".github/pr-push.yml"", "".github/pr-submit.yml"", "".github/workflows/build-docs.yml"", "".github/workflows/bump-pre-commit-hooks.yml"", "".github/workflows/pre-commit.yml"", "".github/workflows/prepare-release.yml"", "".github/workflows/sponsors.yml"", "".github/workflows/topic-repos.yml"", "".github/workflows/translate.yml"", ""docs/en/data/github_sponsors.yml"", ""docs/en/data/topic_repos.yml"", ""docs/en/docs/release-notes.md"", ""docs/ko/docs/features.md"", ""docs/ko/docs/history-design-future.md"", ""pyproject.toml"", ""scripts/sponsors.py"", ""scripts/topic_repos.py"", ""scripts/translate.py"", ""uv.lock""]",0
31365662653,Test,success,10375c077c9f48b680b119017a0d84f8e1b89dd0,2026-08-10 07:23:29+00:00,pull_request,93383422548,"test (macos-latest, 3.14t, no-deprecation, highest, starlette-pypi)",success,83.0,19,290,248,45886,"["".github/pr-push.yml"", "".github/pr-submit.yml"", "".github/workflows/build-docs.yml"", "".github/workflows/bump-pre-commit-hooks.yml"", "".github/workflows/pre-commit.yml"", "".github/workflows/prepare-release.yml"", "".github/workflows/sponsors.yml"", "".github/workflows/topic-repos.yml"", "".github/workflows/translate.yml"", ""docs/en/data/github_sponsors.yml"", ""docs/en/data/topic_repos.yml"", ""docs/en/docs/release-notes.md"", ""docs/ko/docs/features.md"", ""docs/ko/docs/history-design-future.md"", ""pyproject.toml"", ""scripts/sponsors.py"", ""scripts/topic_repos.py"", ""scripts/translate.py"", ""uv.lock""]",0
31365662653,Test,success,10375c077c9f48b680b119017a0d84f8e1b89dd0,2026-08-10 07:23:29+00:00,pull_request,93383422562,"test (windows-latest, 3.14t, no-deprecation, highest, starlette-pypi)",success,169.0,19,290,248,45886,"["".github/pr-push.yml"", "".github/pr-submit.yml"", "".github/workflows/build-docs.yml"", "".github/workflows/bump-pre-commit-hooks.yml"", "".github/workflows/pre-commit.yml"", "".github/workflows/prepare-release.yml"", "".github/workflows/sponsors.yml"", "".github/workflows/topic-repos.yml"", "".github/workflows/translate.yml"", ""docs/en/data/github_sponsors.yml"", ""docs/en/data/topic_repos.yml"", ""docs/en/docs/release-notes.md"", ""docs/ko/docs/features.md"", ""docs/ko/docs/history-design-future.md"", ""pyproject.toml"", ""scripts/sponsors.py"", ""scripts/topic_repos.py"", ""scripts/translate.py"", ""uv.lock""]",0
31365662653,Test,success,10375c077c9f48b680b119017a0d84f8e1b89dd0,2026-08-10 07:23:29+00:00,pull_request,93383422567,"test (macos-latest, 3.14, no-deprecation, highest, starlette-pypi)",success,51.0,19,290,248,45886,"["".github/pr-push.yml"", "".github/pr-submit.yml"", "".github/workflows/build-docs.yml"", "".github/workflows/bump-pre-commit-hooks.yml"", "".github/workflows/pre-commit.yml"", "".github/workflows/prepare-release.yml"", "".github/workflows/sponsors.yml"", "".github/workflows/topic-repos.yml"", "".github/workflows/translate.yml"", ""docs/en/data/github_sponsors.yml"", ""docs/en/data/topic_repos.yml"", ""docs/en/docs/release-notes.md"", ""docs/ko/docs/features.md"", ""docs/ko/docs/history-design-future.md"", ""pyproject.toml"", ""scripts/sponsors.py"", ""scripts/topic_repos.py"", ""scripts/translate.py"", ""uv.lock""]",0
31365662653,Test,success,10375c077c9f48b680b119017a0d84f8e1b89dd0,2026-08-10 07:23:29+00:00,pull_request,93383422573,"test (macos-latest, 3.14, no-deprecation, highest, starlette-git)",success,61.0,19,290,248,45886,"["".github/pr-push.yml"", "".github/pr-submit.yml"", "".github/workflows/build-docs.yml"", "".github/workflows/bump-pre-commit-hooks.yml"", "".github/workflows/pre-commit.yml"", "".github/workflows/prepare-release.yml"", "".github/workflows/sponsors.yml"", "".github/workflows/topic-repos.yml"", "".github/workflows/translate.yml"", ""docs/en/data/github_sponsors.yml"", ""docs/en/data/topic_repos.yml"", ""docs/en/docs/release-notes.md"", ""docs/ko/docs/features.md"", ""docs/ko/docs/history-design-future.md"", ""pyproject.toml"", ""scripts/sponsors.py"", ""scripts/topic_repos.py"", ""scripts/translate.py"", ""uv.lock""]",0
31365662653,Test,success,10375c077c9f48b680b119017a0d84f8e1b89dd0,2026-08-10 07:23:29+00:00,pull_request,93383422579,"test (windows-latest, 3.12, lowest-direct, no-deprecation, coverage)",success,124.0,19,290,248,45886,"["".github/pr-push.yml"", "".github/pr-submit.yml"", "".github/workflows/build-docs.yml"", "".github/workflows/bump-pre-commit-hooks.yml"", "".github/workflows/pre-commit.yml"", "".github/workflows/prepare-release.yml"", "".github/workflows/sponsors.yml"", "".github/workflows/topic-repos.yml"", "".github/workflows/translate.yml"", ""docs/en/data/github_sponsors.yml"", ""docs/en/data/topic_repos.yml"", ""docs/en/docs/release-notes.md"", ""docs/ko/docs/features.md"", ""docs/ko/docs/history-design-future.md"", ""pyproject.toml"", ""scripts/sponsors.py"", ""scripts/topic_repos.py"", ""scripts/translate.py"", ""uv.lock""]",0
31365662653,Test,success,10375c077c9f48b680b119017a0d84f8e1b89dd0,2026-08-10 07:23:29+00:00,pull_request,93383422580,"test (windows-latest, 3.14, no-deprecation, highest, starlette-pypi)",success,88.0,19,290,248,45886,"["".github/pr-push.yml"", "".github/pr-submit.yml"", "".github/workflows/build-docs.yml"", "".github/workflows/bump-pre-commit-hooks.yml"", "".github/workflows/pre-commit.yml"", "".github/workflows/prepare-release.yml"", "".github/workflows/sponsors.yml"", "".github/workflows/topic-repos.yml"", "".github/workflows/translate.yml"", ""docs/en/data/github_sponsors.yml"", ""docs/en/data/topic_repos.yml"", ""docs/en/docs/release-notes.md"", ""docs/ko/docs/features.md"", ""docs/ko/docs/history-design-future.md"", ""pyproject.toml"", ""scripts/sponsors.py"", ""scripts/topic_repos.py"", ""scripts/translate.py"", ""uv.lock""]",0
31365662653,Test,success,10375c077c9f48b680b119017a0d84f8e1b89dd0,2026-08-10 07:23:29+00:00,pull_request,93383422581,"test (macos-latest, 3.10, lowest-direct, no-deprecation, coverage)",success,84.0,19,290,248,45886,"["".github/pr-push.yml"", "".github/pr-submit.yml"", "".github/workflows/build-docs.yml"", "".github/workflows/bump-pre-commit-hooks.yml"", "".github/workflows/pre-commit.yml"", "".github/workflows/prepare-release.yml"", "".github/workflows/sponsors.yml"", "".github/workflows/topic-repos.yml"", "".github/workflows/translate.yml"", ""docs/en/data/github_sponsors.yml"", ""docs/en/data/topic_repos.yml"", ""docs/en/docs/release-notes.md"", ""docs/ko/docs/features.md"", ""docs/ko/docs/history-design-future.md"", ""pyproject.toml"", ""scripts/sponsors.py"", ""scripts/topic_repos.py"", ""scripts/translate.py"", ""uv.lock""]",0
31365662653,Test,success,10375c077c9f48b680b119017a0d84f8e1b89dd0,2026-08-10 07:23:29+00:00,pull_request,93383422610,"test (windows-latest, 3.14t, no-deprecation, highest, starlette-git)",success,249.0,19,290,248,45886,"["".github/pr-push.yml"", "".github/pr-submit.yml"", "".github/workflows/build-docs.yml"", "".github/workflows/bump-pre-commit-hooks.yml"", "".github/workflows/pre-commit.yml"", "".github/workflows/prepare-release.yml"", "".github/workflows/sponsors.yml"", "".github/workflows/topic-repos.yml"", "".github/workflows/translate.yml"", ""docs/en/data/github_sponsors.yml"", ""docs/en/data/topic_repos.yml"", ""docs/en/docs/release-notes.md"", ""docs/ko/docs/features.md"", ""docs/ko/docs/history-design-future.md"", ""pyproject.toml"", ""scripts/sponsors.py"", ""scripts/topic_repos.py"", ""scripts/translate.py"", ""uv.lock""]",0
31365662653,Test,success,10375c077c9f48b680b119017a0d84f8e1b89dd0,2026-08-10 07:23:29+00:00,pull_request,93383422630,"test (macos-latest, 3.14t, no-deprecation, highest, starlette-git)",success,129.0,19,290,248,45886,"["".github/pr-push.yml"", "".github/pr-submit.yml"", "".github/workflows/build-docs.yml"", "".github/workflows/bump-pre-commit-hooks.yml"", "".github/workflows/pre-commit.yml"", "".github/workflows/prepare-release.yml"", "".github/workflows/sponsors.yml"", "".github/workflows/topic-repos.yml"", "".github/workflows/translate.yml"", ""docs/en/data/github_sponsors.yml"", ""docs/en/data/topic_repos.yml"", ""docs/en/docs/release-notes.md"", ""docs/ko/docs/features.md"", ""docs/ko/docs/history-design-future.md"", ""pyproject.toml"", ""scripts/sponsors.py"", ""scripts/topic_repos.py"", ""scripts/translate.py"", ""uv.lock""]",0
31365662653,Test,success,10375c077c9f48b680b119017a0d84f8e1b89dd0,2026-08-10 07:23:29+00:00,pull_request,93383422647,"test (ubuntu-latest, 3.13, highest, no-deprecation, coverage)",success,79.0,19,290,248,45886,"["".github/pr-push.yml"", "".github/pr-submit.yml"", "".github/workflows/build-docs.yml"", "".github/workflows/bump-pre-commit-hooks.yml"", "".github/workflows/pre-commit.yml"", "".github/workflows/prepare-release.yml"", "".github/workflows/sponsors.yml"", "".github/workflows/topic-repos.yml"", "".github/workflows/translate.yml"", ""docs/en/data/github_sponsors.yml"", ""docs/en/data/topic_repos.yml"", ""docs/en/docs/release-notes.md"", ""docs/ko/docs/features.md"", ""docs/ko/docs/history-design-future.md"", ""pyproject.toml"", ""scripts/sponsors.py"", ""scripts/topic_repos.py"", ""scripts/translate.py"", ""uv.lock""]",0
31365662653,Test,success,10375c077c9f48b680b119017a0d84f8e1b89dd0,2026-08-10 07:23:29+00:00,pull_request,93383422670,"test (ubuntu-latest, 3.13, highest, no-deprecation, codspeed)",success,65.0,19,290,248,45886,"["".github/pr-push.yml"", "".github/pr-submit.yml"", "".github/workflows/build-docs.yml"", "".github/workflows/bump-pre-commit-hooks.yml"", "".github/workflows/pre-commit.yml"", "".github/workflows/prepare-release.yml"", "".github/workflows/sponsors.yml"", "".github/workflows/topic-repos.yml"", "".github/workflows/translate.yml"", ""docs/en/data/github_sponsors.yml"", ""docs/en/data/topic_repos.yml"", ""docs/en/docs/release-notes.md"", ""docs/ko/docs/features.md"", ""docs/ko/docs/history-design-future.md"", ""pyproject.toml"", ""scripts/sponsors.py"", ""scripts/topic_repos.py"", ""scripts/translate.py"", ""uv.lock""]",0
31365662653,Test,success,10375c077c9f48b680b119017a0d84f8e1b89dd0,2026-08-10 07:23:29+00:00,pull_request,93383422689,"test (ubuntu-latest, 3.13, highest, no-deprecation, true)",success,71.0,19,290,248,45886,"["".github/pr-push.yml"", "".github/pr-submit.yml"", "".github/workflows/build-docs.yml"", "".github/workflows/bump-pre-commit-hooks.yml"", "".github/workflows/pre-commit.yml"", "".github/workflows/prepare-release.yml"", "".github/workflows/sponsors.yml"", "".github/workflows/topic-repos.yml"", "".github/workflows/translate.yml"", ""docs/en/data/github_sponsors.yml"", ""docs/en/data/topic_repos.yml"", ""docs/en/docs/release-notes.md"", ""docs/ko/docs/features.md"", ""docs/ko/docs/history-design-future.md"", ""pyproject.toml"", ""scripts/sponsors.py"", ""scripts/topic_repos.py"", ""scripts/translate.py"", ""uv.lock""]",0
31365662653,Test,success,10375c077c9f48b680b119017a0d84f8e1b89dd0,2026-08-10 07:23:29+00:00,pull_request,93383422693,"test (ubuntu-latest, 3.14, highest, starlette-git, test-deprecation, coverage)",success,55.0,19,290,248,45886,"["".github/pr-push.yml"", "".github/pr-submit.yml"", "".github/workflows/build-docs.yml"", "".github/workflows/bump-pre-commit-hooks.yml"", "".github/workflows/pre-commit.yml"", "".github/workflows/prepare-release.yml"", "".github/workflows/sponsors.yml"", "".github/workflows/topic-repos.yml"", "".github/workflows/translate.yml"", ""docs/en/data/github_sponsors.yml"", ""docs/en/data/topic_repos.yml"", ""docs/en/docs/release-notes.md"", ""docs/ko/docs/features.md"", ""docs/ko/docs/history-design-future.md"", ""pyproject.toml"", ""scripts/sponsors.py"", ""scripts/topic_repos.py"", ""scripts/translate.py"", ""uv.lock""]",0
31365662653,Test,success,10375c077c9f48b680b119017a0d84f8e1b89dd0,2026-08-10 07:23:29+00:00,pull_request,93383422710,"test (ubuntu-latest, 3.14t, highest, no-deprecation, coverage)",success,81.0,19,290,248,45886,"["".github/pr-push.yml"", "".github/pr-submit.yml"", "".github/workflows/build-docs.yml"", "".github/workflows/bump-pre-commit-hooks.yml"", "".github/workflows/pre-commit.yml"", "".github/workflows/prepare-release.yml"", "".github/workflows/sponsors.yml"", "".github/workflows/topic-repos.yml"", "".github/workflows/translate.yml"", ""docs/en/data/github_sponsors.yml"", ""docs/en/data/topic_repos.yml"", ""docs/en/docs/release-notes.md"", ""docs/ko/docs/features.md"", ""docs/ko/docs/history-design-future.md"", ""pyproject.toml"", ""scripts/sponsors.py"", ""scripts/topic_repos.py"", ""scripts/translate.py"", ""uv.lock""]",0
31365662653,Test,success,10375c077c9f48b680b119017a0d84f8e1b89dd0,2026-08-10 07:23:29+00:00,pull_request,93384302717,coverage-combine,success,66.0,19,290,248,45886,"["".github/pr-push.yml"", "".github/pr-submit.yml"", "".github/workflows/build-docs.yml"", "".github/workflows/bump-pre-commit-hooks.yml"", "".github/workflows/pre-commit.yml"", "".github/workflows/prepare-release.yml"", "".github/workflows/sponsors.yml"", "".github/workflows/topic-repos.yml"", "".github/workflows/translate.yml"", ""docs/en/data/github_sponsors.yml"", ""docs/en/data/topic_repos.yml"", ""docs/en/docs/release-notes.md"", ""docs/ko/docs/features.md"", ""docs/ko/docs/history-design-future.md"", ""pyproject.toml"", ""scripts/sponsors.py"", ""scripts/topic_repos.py"", ""scripts/translate.py"", ""uv.lock""]",0
31365662653,Test,success,10375c077c9f48b680b119017a0d84f8e1b89dd0,2026-08-10 07:23:29+00:00,pull_request,93384608660,test-alls-green,success,7.0,19,290,248,45886,"["".github/pr-push.yml"", "".github/pr-submit.yml"", "".github/workflows/build-docs.yml"", "".github/workflows/bump-pre-commit-hooks.yml"", "".github/workflows/pre-commit.yml"", "".github/workflows/prepare-release.yml"", "".github/workflows/sponsors.yml"", "".github/workflows/topic-repos.yml"", "".github/workflows/translate.yml"", ""docs/en/data/github_sponsors.yml"", ""docs/en/data/topic_repos.yml"", ""docs/en/docs/release-notes.md"", ""docs/ko/docs/features.md"", ""docs/ko/docs/history-design-future.md"", ""pyproject.toml"", ""scripts/sponsors.py"", ""scripts/topic_repos.py"", ""scripts/translate.py"", ""uv.lock""]",0
31365661198,Conflict detector,success,10375c077c9f48b680b119017a0d84f8e1b89dd0,2026-08-10 07:23:28+00:00,pull_request_target,93383364626,main,success,4.0,19,290,248,45886,"["".github/pr-push.yml"", "".github/pr-submit.yml"", "".github/workflows/build-docs.yml"", "".github/workflows/bump-pre-commit-hooks.yml"", "".github/workflows/pre-commit.yml"", "".github/workflows/prepare-release.yml"", "".github/workflows/sponsors.yml"", "".github/workflows/topic-repos.yml"", "".github/workflows/translate.yml"", ""docs/en/data/github_sponsors.yml"", ""docs/en/data/topic_repos.yml"", ""docs/en/docs/release-notes.md"", ""docs/ko/docs/features.md"", ""docs/ko/docs/history-design-future.md"", ""pyproject.toml"", ""scripts/sponsors.py"", ""scripts/topic_repos.py"", ""scripts/translate.py"", ""uv.lock""]",0
31365661298,Add to Project,success,10375c077c9f48b680b119017a0d84f8e1b89dd0,2026-08-10 07:23:28+00:00,pull_request_target,93383365013,Add to project,success,3.0,19,290,248,45886,"["".github/pr-push.yml"", "".github/pr-submit.yml"", "".github/workflows/build-docs.yml"", "".github/workflows/bump-pre-commit-hooks.yml"", "".github/workflows/pre-commit.yml"", "".github/workflows/prepare-release.yml"", "".github/workflows/sponsors.yml"", "".github/workflows/topic-repos.yml"", "".github/workflows/translate.yml"", ""docs/en/data/github_sponsors.yml"", ""docs/en/data/topic_repos.yml"", ""docs/en/docs/release-notes.md"", ""docs/ko/docs/features.md"", ""docs/ko/docs/history-design-future.md"", ""pyproject.toml"", ""scripts/sponsors.py"", ""scripts/topic_repos.py"", ""scripts/translate.py"", ""uv.lock""]",0
31365661209,Labels,success,10375c077c9f48b680b119017a0d84f8e1b89dd0,2026-08-10 07:23:28+00:00,pull_request_target,93383364647,labeler,success,6.0,19,290,248,45886,"["".github/pr-push.yml"", "".github/pr-submit.yml"", "".github/workflows/build-docs.yml"", "".github/workflows/bump-pre-commit-hooks.yml"", "".github/workflows/pre-commit.yml"", "".github/workflows/prepare-release.yml"", "".github/workflows/sponsors.yml"", "".github/workflows/topic-repos.yml"", "".github/workflows/translate.yml"", ""docs/en/data/github_sponsors.yml"", ""docs/en/data/topic_repos.yml"", ""docs/en/docs/release-notes.md"", ""docs/ko/docs/features.md"", ""docs/ko/docs/history-design-future.md"", ""pyproject.toml"", ""scripts/sponsors.py"", ""scripts/topic_repos.py"", ""scripts/translate.py"", ""uv.lock""]",0
31365661209,Labels,success,10375c077c9f48b680b119017a0d84f8e1b89dd0,2026-08-10 07:23:28+00:00,pull_request_target,93383395813,check-labels,success,45.0,19,290,248,45886,"["".github/pr-push.yml"", "".github/pr-submit.yml"", "".github/workflows/build-docs.yml"", "".github/workflows/bump-pre-commit-hooks.yml"", "".github/workflows/pre-commit.yml"", "".github/workflows/prepare-release.yml"", "".github/workflows/sponsors.yml"", "".github/workflows/topic-repos.yml"", "".github/workflows/translate.yml"", ""docs/en/data/github_sponsors.yml"", ""docs/en/data/topic_repos.yml"", ""docs/en/docs/release-notes.md"", ""docs/ko/docs/features.md"", ""docs/ko/docs/history-design-future.md"", ""pyproject.toml"", ""scripts/sponsors.py"", ""scripts/topic_repos.py"", ""scripts/translate.py"", ""uv.lock""]",0
